country,iso3_code,continent,region,average_temperature_c,temperature_lower_95,temperature_upper_95,year,precipitation_mm,co2_emissions_mt,sea_level_rise_mm,data_type
Aruba,ABW,North America,Americas,19.494523076923066,18.66199841206068,20.327047741785453,2026,261.3549846153801,4.589476923076873,86.36387692307562,Projected
Aruba,ABW,North America,Americas,19.5188752136752,18.679526461994765,20.358223965355638,2027,267.2522769230727,4.643483760683722,89.4927111111092,Projected
Aruba,ABW,North America,Americas,19.543227350427344,18.696628114938914,20.389826585915774,2028,273.14956923076534,4.697490598290557,92.62154529914369,Projected
Aruba,ABW,North America,Americas,19.56757948717948,18.71331422781885,20.42184474654011,2029,279.04686153845796,4.751497435897392,95.75037948717818,Projected
Aruba,ABW,North America,Americas,19.591931623931615,18.729595882813236,20.454267365049994,2030,284.9441538461506,4.805504273504226,98.87921367521176,Projected
Aruba,ABW,North America,Americas,19.61628376068375,18.74548432527472,20.48708319609278,2031,290.8414461538432,4.859511111111061,102.00804786324625,Projected
Aruba,ABW,North America,Americas,19.640635897435892,18.76099090526803,20.520280889603754,2032,296.738738461534,4.913517948717896,105.13688205128074,Projected
Aruba,ABW,North America,Americas,19.664988034188028,18.776127023105808,20.553849045270248,2033,302.63603076922664,4.967524786324731,108.26571623931432,Projected
Aruba,ABW,North America,Americas,19.689340170940163,18.79090407914675,20.587776262733577,2034,308.53332307691926,5.0215316239315655,111.3945504273488,Projected
Aruba,ABW,North America,Americas,19.713692307692305,18.80533342801382,20.62205118737079,2035,314.4306153846119,5.0755384615384,114.52338461538329,Projected
Aruba,ABW,North America,Americas,19.73804444444444,18.81942633729475,20.65666255159413,2036,320.3279076923045,5.129545299145249,117.65221880341778,Projected
Aruba,ABW,North America,Americas,19.762396581196576,18.83319395070384,20.69159921168931,2037,326.22519999999713,5.183552136752084,120.78105299145136,Projected
Aruba,ABW,North America,Americas,19.78674871794871,18.846647255613522,20.7268501802839,2038,332.12249230768975,5.237558974358919,123.90988717948585,Projected
Aruba,ABW,North America,Americas,19.811100854700854,18.859797054806357,20.76240465459535,2039,338.01978461538056,5.291565811965754,127.03872136752034,Projected
Aruba,ABW,North America,Americas,19.83545299145299,18.87265394225245,20.798252040653527,2040,343.9170769230732,5.345572649572588,130.16755555555392,Projected
Aruba,ABW,North America,Americas,19.859805128205124,18.885228282682917,20.834381973727332,2041,349.8143692307658,5.399579487179423,133.2963897435884,Projected
Aruba,ABW,North America,Americas,19.88415726495726,18.897530194705595,20.870784335208924,2042,355.71166153845843,5.453586324786258,136.4252239316229,Projected
Aruba,ABW,North America,Americas,19.908509401709402,18.909569537194248,20.907449266224557,2043,361.60895384615105,5.507593162393093,139.55405811965647,Projected
Aruba,ABW,North America,Americas,19.932861538461538,18.921355898674726,20.94436717824835,2044,367.5062461538437,5.561599999999942,142.68289230769096,Projected
Aruba,ABW,North America,Americas,19.957213675213673,18.93289858943083,20.981528760996515,2045,373.4035384615345,5.6156068376067765,145.81172649572545,Projected
Aruba,ABW,North America,Americas,19.981565811965808,18.944206636056663,21.018924987874954,2046,379.3008307692271,5.669613675213611,148.94056068375994,Projected
Aruba,ABW,North America,Americas,20.00591794871795,18.955288778190933,21.056547119244968,2047,385.1981230769197,5.723620512820446,152.06939487179352,Projected
Aruba,ABW,North America,Americas,20.030270085470086,18.9661534671803,21.094386703759874,2048,391.09541538461235,5.777627350427281,155.198229059828,Projected
Aruba,ABW,North America,Americas,20.05462222222222,18.976808866433057,21.132435578011386,2049,396.992707692305,5.831634188034116,158.3270632478625,Projected
Aruba,ABW,North America,Americas,20.078974358974364,18.987262853239763,21.170685864708965,2050,402.8899999999976,5.88564102564095,161.45589743589608,Projected
Afghanistan,AFG,Asia,Asia,21.38932307692307,20.435097219715715,22.343548934130425,2026,1087.0550153846161,12.821969230769184,87.57301538461434,Projected
Afghanistan,AFG,Asia,Asia,21.417449572649566,20.455402061179647,22.379497084119485,2027,1085.959432478633,12.942143589743552,90.75944957264801,Projected
Afghanistan,AFG,Asia,Asia,21.445576068376063,20.47521817353991,22.415933963212215,2028,1084.86384957265,13.062317948717919,93.94588376068259,Projected
Afghanistan,AFG,Asia,Asia,21.47370256410256,20.49455800082334,22.45284712738178,2029,1083.768266666667,13.182492307692286,97.13231794871717,Projected
Afghanistan,AFG,Asia,Asia,21.501829059829056,20.5134342452379,22.490223874420213,2030,1082.6726837606843,13.302666666666624,100.31875213675085,Projected
Afghanistan,AFG,Asia,Asia,21.529955555555553,20.53185979601885,22.528051315092256,2031,1081.5771008547013,13.422841025640992,103.50518632478543,Projected
Afghanistan,AFG,Asia,Asia,21.55808205128205,20.549847662420696,22.566316440143403,2032,1080.4815179487182,13.543015384615359,106.6916205128191,Projected
Afghanistan,AFG,Asia,Asia,21.586208547008546,20.567410911291258,22.605006182725834,2033,1079.3859350427356,13.663189743589726,109.87805470085368,Projected
Afghanistan,AFG,Asia,Asia,21.614335042735043,20.584562609531147,22.644107475938938,2034,1078.2903521367525,13.783364102564093,113.06448888888826,Projected
Afghanistan,AFG,Asia,Asia,21.64246153846154,20.601315771619436,22.683607305303642,2035,1077.1947692307695,13.90353846153846,116.25092307692194,Projected
Afghanistan,AFG,Asia,Asia,21.670588034188036,20.617683312276878,22.723492756099194,2036,1076.0991863247868,14.023712820512799,119.43735726495652,Projected
Afghanistan,AFG,Asia,Asia,21.698714529914533,20.63367800424256,22.763751055586503,2037,1075.0036034188038,14.143887179487166,122.62379145299019,Projected
Afghanistan,AFG,Asia,Asia,21.72684102564103,20.649312441059134,22.804369610222924,2038,1073.9080205128207,14.264061538461533,125.81022564102477,Projected
Afghanistan,AFG,Asia,Asia,21.754967521367526,20.664599004695425,22.845336038039626,2039,1072.8124376068376,14.3842358974359,128.99665982905935,Projected
Afghanistan,AFG,Asia,Asia,21.783094017094022,20.679549837782925,22.88663819640512,2040,1071.716854700855,14.504410256410267,132.18309401709303,Projected
Afghanistan,AFG,Asia,Asia,21.81122051282052,20.69417682020321,22.928264205437827,2041,1070.621271794872,14.624584615384606,135.3695282051276,Projected
Afghanistan,AFG,Asia,Asia,21.839347008547016,20.708491549735477,22.970202467358554,2042,1069.525688888889,14.744758974358973,138.55596239316128,Projected
Afghanistan,AFG,Asia,Asia,21.867473504273512,20.72250532645606,23.012441682090966,2043,1068.4301059829063,14.86493333333334,141.74239658119586,Projected
Afghanistan,AFG,Asia,Asia,21.89560000000001,20.73622914057305,23.054970859426966,2044,1067.3345230769232,14.985107692307707,144.92883076923044,Projected
Afghanistan,AFG,Asia,Asia,21.923726495726505,20.74967366337814,23.09777932807487,2045,1066.2389401709402,15.105282051282074,148.11526495726412,Projected
Afghanistan,AFG,Asia,Asia,21.951852991453002,20.762849241002627,23.140856741903377,2046,1065.143357264957,15.225456410256413,151.3016991452987,Projected
Afghanistan,AFG,Asia,Asia,21.9799794871795,20.77576589067433,23.18419308368467,2047,1064.0477743589745,15.34563076923078,154.48813333333237,Projected
Afghanistan,AFG,Asia,Asia,22.008105982905995,20.78843329918556,23.22777866662643,2048,1062.9521914529914,15.465805128205147,157.67456752136695,Projected
Afghanistan,AFG,Asia,Asia,22.036232478632492,20.800860823298468,23.271604133966516,2049,1061.8566085470084,15.585979487179515,160.86100170940153,Projected
Afghanistan,AFG,Asia,Asia,22.06435897435899,20.81305749183183,23.315660456886146,2050,1060.7610256410258,15.706153846153882,164.0474358974352,Projected
Angola,AGO,Africa,Africa,21.75344615384615,20.88403142179413,22.622860885898167,2026,1614.5680615384608,430.1713230769201,85.71969230768991,Projected
Angola,AGO,Africa,Africa,21.77509743589743,20.898556234369103,22.651638637425755,2027,1618.1691145299137,434.0623897435871,88.88810256410034,Projected
Angola,AGO,Africa,Africa,21.79674871794871,20.912635755842917,22.6808616800545,2028,1621.7701675213675,437.95345641025324,92.05651282051076,Projected
Angola,AGO,Africa,Africa,21.81839999999999,20.926281324223414,22.710518675776566,2029,1625.3712205128204,441.84452307692027,95.22492307692119,Projected
Angola,AGO,Africa,Africa,21.840051282051277,20.93950451275257,22.740598051349984,2030,1628.9722735042733,445.7355897435873,98.39333333333161,Projected
Angola,AGO,Africa,Africa,21.861702564102558,20.952317065076734,22.77108806312838,2031,1632.5733264957262,449.6266564102534,101.56174358974204,Projected
Angola,AGO,Africa,Africa,21.883353846153838,20.964730834194267,22.80197685811341,2032,1636.174379487179,453.51772307692045,104.73015384615155,Projected
Angola,AGO,Africa,Africa,21.90500512820512,20.97675772557799,22.833252530832247,2033,1639.7754324786329,457.4087897435875,107.89856410256198,Projected
Angola,AGO,Africa,Africa,21.926656410256406,20.988409644748806,22.864903175764006,2034,1643.3764854700858,461.2998564102536,111.0669743589724,Projected
Angola,AGO,Africa,Africa,21.948307692307687,20.999698449465278,22.896916935150095,2035,1646.9775384615386,465.1909230769206,114.23538461538283,Projected
Angola,AGO,Africa,Africa,21.969958974358967,21.01063590659413,22.929282042123805,2036,1650.5785914529915,469.08198974358675,117.40379487179325,Projected
Angola,AGO,Africa,Africa,21.991610256410247,21.02123365363968,22.961986859180815,2037,1654.1796444444453,472.9730564102538,120.57220512820368,Projected
Angola,AGO,Africa,Africa,22.013261538461535,21.0315031648367,22.99501991208637,2038,1657.7806974358982,476.8641230769208,123.7406153846141,Projected
Angola,AGO,Africa,Africa,22.034912820512815,21.041455721650706,23.028369919374924,2039,1661.381750427351,480.7551897435869,126.90902564102362,Projected
Angola,AGO,Africa,Africa,22.056564102564096,21.05110238748207,23.06202581764612,2040,1664.982803418804,484.64625641025395,130.07743589743404,Projected
Angola,AGO,Africa,Africa,22.078215384615376,21.060453986334345,23.095976782896408,2041,1668.5838564102569,488.537323076921,133.24584615384447,Projected
Angola,AGO,Africa,Africa,22.099866666666664,21.069521085181812,23.130212248151516,2042,1672.1849094017107,492.4283897435871,136.4142564102549,Projected
Angola,AGO,Africa,Africa,22.121517948717944,21.07831397975556,23.16472191768033,2043,1675.7859623931636,496.31945641025413,139.58266666666532,Projected
Angola,AGO,Africa,Africa,22.143169230769224,21.0868426834594,23.19949577807905,2044,1679.3870153846165,500.21052307692025,142.75107692307574,Projected
Angola,AGO,Africa,Africa,22.164820512820505,21.095116919125857,23.234524106515153,2045,1682.9880683760694,504.1015897435873,145.91948717948526,Projected
Angola,AGO,Africa,Africa,22.186471794871792,21.103146113327174,23.26979747641641,2046,1686.5891213675231,507.9926564102543,149.08789743589568,Projected
Angola,AGO,Africa,Africa,22.208123076923073,21.110939392964873,23.305306760881273,2047,1690.190174358976,511.88372307692043,152.2563076923061,Projected
Angola,AGO,Africa,Africa,22.229774358974353,21.118505583873933,23.341043134074773,2048,1693.791227350429,515.7747897435875,155.42471794871653,Projected
Angola,AGO,Africa,Africa,22.251425641025634,21.12585321119208,23.376998070859187,2049,1697.3922803418818,519.6658564102545,158.59312820512696,Projected
Angola,AGO,Africa,Africa,22.273076923076914,21.132990501261123,23.413163344892705,2050,1700.9933333333347,523.5569230769206,161.76153846153738,Projected
Anguilla,AIA,North America,Americas,19.46658461538459,18.85448077231699,20.07868845845219,2026,922.7533538461512,65.69203076923054,87.92452307692201,Projected
Anguilla,AIA,North America,Americas,19.5417162393162,18.924595067702008,20.158837410930396,2027,926.5543999999973,66.34354871794835,91.11024273504154,Projected
Anguilla,AIA,North America,Americas,19.61684786324784,18.994395859779306,20.239299866716376,2028,930.3554461538433,66.99506666666639,94.29596239316106,Projected
Anguilla,AIA,North America,Americas,19.691979487179452,19.063891130974152,20.320067843384752,2029,934.1564923076894,67.64658461538443,97.4816820512815,Projected
Anguilla,AIA,North America,Americas,19.76711111111109,19.133089029326456,20.401133192895728,2030,937.9575384615355,68.29810256410224,100.66740170940102,Projected
Anguilla,AIA,North America,Americas,19.842242735042703,19.201997822847733,20.482487647237672,2031,941.7585846153816,68.94962051282027,103.85312136752054,Projected
Anguilla,AIA,North America,Americas,19.917374358974342,19.27062585653794,20.564122861410745,2032,945.5596307692276,69.60113846153831,107.03884102564007,Projected
Anguilla,AIA,North America,Americas,19.992505982905953,19.338981512341093,20.646030453470814,2033,949.3606769230737,70.25265641025612,110.22456068375959,Projected
Anguilla,AIA,North America,Americas,20.067637606837565,19.40707317223515,20.728202041439978,2034,953.1617230769198,70.90417435897416,113.41028034187912,Projected
Anguilla,AIA,North America,Americas,20.142769230769204,19.474909184571427,20.81062927696698,2035,956.9627692307658,71.5556923076922,116.59599999999955,Projected
Anguilla,AIA,North America,Americas,20.217900854700815,19.542497833709533,20.893303875692098,2036,960.7638153846119,72.20721025641001,119.78171965811907,Projected
Anguilla,AIA,North America,Americas,20.293032478632455,19.609847312932718,20.97621764433219,2037,964.564861538458,72.85872820512805,122.9674393162386,Projected
Anguilla,AIA,North America,Americas,20.368164102564066,19.67696570057563,21.059362504552503,2038,968.3659076923041,73.51024615384608,126.15315897435812,Projected
Anguilla,AIA,North America,Americas,20.443295726495705,19.743860939255516,21.142730513735895,2039,972.1669538461501,74.1617641025639,129.33887863247764,Projected
Anguilla,AIA,North America,Americas,20.518427350427316,19.81054081806266,21.226313882791974,2040,975.9679999999971,74.81328205128193,132.52459829059808,Projected
Anguilla,AIA,North America,Americas,20.593558974358956,19.877012957542206,21.310104991175706,2041,979.7690461538432,75.46479999999974,135.7103179487176,Projected
Anguilla,AIA,North America,Americas,20.668690598290567,19.943284797279976,21.39409639930116,2042,983.5700923076893,76.11631794871778,138.89603760683713,Projected
Anguilla,AIA,North America,Americas,20.743822222222207,20.009363585895525,21.47828085854889,2043,987.3711384615353,76.76783589743582,142.08175726495665,Projected
Anguilla,AIA,North America,Americas,20.818953846153818,20.075256373238222,21.562651319069413,2044,991.1721846153814,77.41935384615363,145.26747692307617,Projected
Anguilla,AIA,North America,Americas,20.894085470085457,20.14097000458338,21.647200935587534,2045,994.9732307692275,78.07087179487166,148.4531965811957,Projected
Anguilla,AIA,North America,Americas,20.96921709401707,20.206511116626732,21.731923071407405,2046,998.7742769230736,78.7223897435897,151.63891623931613,Projected
Anguilla,AIA,North America,Americas,21.044348717948708,20.27188613508359,21.816811300813825,2047,1002.5753230769196,79.37390769230751,154.82463589743566,Projected
Anguilla,AIA,North America,Americas,21.11948034188032,20.33710127370587,21.90185941005477,2048,1006.3763692307657,80.02542564102555,158.01035555555518,Projected
Anguilla,AIA,North America,Americas,21.19461196581193,20.402162534542303,21.987061397081558,2049,1010.1774153846118,80.67694358974359,161.1960752136747,Projected
Anguilla,AIA,North America,Americas,21.26974358974357,20.467075709276962,22.072411470210177,2050,1013.9784615384579,81.3284615384614,164.38179487179423,Projected
Albania,ALB,Europe,Europe,20.42633846153845,19.704480264060944,21.148196659015955,2026,1798.0392615384626,17.727200000000003,89.68027692307624,Projected
Albania,ALB,Europe,Europe,20.465070085470074,19.737294918540712,21.192845252399437,2027,1798.0932239316248,17.718588034188038,92.9223487179479,Projected
Albania,ALB,Europe,Europe,20.5038017094017,19.769739856451636,21.237863562351762,2028,1798.1471863247873,17.709976068376072,96.16442051281956,Projected
Albania,ALB,Europe,Europe,20.542533333333324,19.80182449152183,21.283242175144817,2029,1798.2011487179498,17.701364102564106,99.40649230769213,Projected
Albania,ALB,Europe,Europe,20.58126495726495,19.833558432789744,21.328971481740155,2030,1798.255111111112,17.69275213675214,102.6485641025638,Projected
Albania,ALB,Europe,Europe,20.619996581196574,19.864951430777282,21.375041731615866,2031,1798.3090735042745,17.684140170940175,105.89063589743546,Projected
Albania,ALB,Europe,Europe,20.6587282051282,19.8960133267992,21.4214430834572,2032,1798.3630358974367,17.67552820512821,109.13270769230712,Projected
Albania,ALB,Europe,Europe,20.697459829059824,19.92675400573878,21.46816565238087,2033,1798.4169982905992,17.666916239316244,112.37477948717878,Projected
Albania,ALB,Europe,Europe,20.73619145299145,19.957183352519216,21.51519955346368,2034,1798.4709606837616,17.658304273504278,115.61685128205045,Projected
Albania,ALB,Europe,Europe,20.774923076923073,19.987311212407583,21.562534941438564,2035,1798.5249230769239,17.649692307692312,118.85892307692302,Projected
Albania,ALB,Europe,Europe,20.813654700854684,20.017147355205193,21.610162046504175,2036,1798.5788854700863,17.641080341880347,122.10099487179468,Projected
Albania,ALB,Europe,Europe,20.85238632478631,20.046701443306294,21.658071206266325,2037,1798.6328478632486,17.63246837606838,125.34306666666635,Projected
Albania,ALB,Europe,Europe,20.891117948717934,20.075983003545566,21.7062528938903,2038,1798.686810256411,17.623856410256415,128.585138461538,Projected
Albania,ALB,Europe,Europe,20.92984957264956,20.105001402705128,21.75469774259399,2039,1798.7407726495735,17.61524444444445,131.82721025640967,Projected
Albania,ALB,Europe,Europe,20.968581196581184,20.13376582651183,21.803396566650537,2040,1798.7947350427357,17.60663247863248,135.06928205128224,Projected
Albania,ALB,Europe,Europe,21.00731282051281,20.162285261925987,21.85234037909963,2041,1798.8486974358982,17.598020512820515,138.3113538461539,Projected
Albania,ALB,Europe,Europe,21.046044444444433,20.190568482501487,21.90152040638738,2042,1798.9026598290604,17.58940854700855,141.55342564102557,Projected
Albania,ALB,Europe,Europe,21.08477606837606,20.21862403658427,21.950928100167847,2043,1798.956622222223,17.580796581196584,144.79549743589723,Projected
Albania,ALB,Europe,Europe,21.123507692307683,20.246460238109396,22.00055514650597,2044,1799.0105846153854,17.572184615384618,148.0375692307689,Projected
Albania,ALB,Europe,Europe,21.162239316239308,20.27408515975622,22.050393472722398,2045,1799.0645470085476,17.563572649572652,151.27964102564056,Projected
Albania,ALB,Europe,Europe,21.200970940170933,20.301506628224928,22.100435252116938,2046,1799.11850940171,17.554960683760687,154.52171282051313,Projected
Albania,ALB,Europe,Europe,21.239702564102558,20.328732221404927,22.15067290680019,2047,1799.1724717948723,17.54634871794872,157.7637846153848,Projected
Albania,ALB,Europe,Europe,21.278434188034183,20.355769267215898,22.201099108852468,2048,1799.2264341880348,17.537736752136755,161.00585641025646,Projected
Albania,ALB,Europe,Europe,21.317165811965808,20.382624843914424,22.25170678001719,2049,1799.2803965811972,17.52912478632479,164.24792820512812,Projected
Albania,ALB,Europe,Europe,21.355897435897433,20.409305781672636,22.30248909012223,2050,1799.3343589743595,17.520512820512824,167.48999999999978,Projected
Aland,ALD,Europe,Europe,7.542092307692286,6.688282384582186,8.395902230802387,2026,1501.8628307692306,372.33341538461355,88.34335384615224,Projected
Aland,ALD,Europe,Europe,7.574953846153832,6.714145363977162,8.435762328330503,2027,1507.018567521367,375.77324102563944,91.55405811965647,Projected
Aland,ALD,Europe,Europe,7.607815384615364,6.7395710446390495,8.476059724591678,2028,1512.1743042735034,379.2130666666653,94.76476239316071,Projected
Aland,ALD,Europe,Europe,7.64067692307691,6.7645705610739375,8.516783285079882,2029,1517.3300410256397,382.6528923076903,97.97546666666585,Projected
Aland,ALD,Europe,Europe,7.673538461538442,6.789155278799856,8.557921644277027,2030,1522.485777777778,386.0927179487162,101.18617094017009,Projected
Aland,ALD,Europe,Europe,7.706399999999988,6.813336730680756,8.59946326931922,2031,1527.6415145299143,389.5325435897421,104.39687521367432,Projected
Aland,ALD,Europe,Europe,7.73926153846152,6.837126556969807,8.641396519953233,2032,1532.7972512820506,392.972369230768,107.60757948717855,Projected
Aland,ALD,Europe,Europe,7.772123076923066,6.860536449452851,8.68370970439328,2033,1537.952988034187,396.4121948717939,110.81828376068279,Projected
Aland,ALD,Europe,Europe,7.804984615384598,6.883578099962894,8.7263911308063,2034,1543.1087247863252,399.85202051281885,114.02898803418702,Projected
Aland,ALD,Europe,Europe,7.837846153846144,6.906263153427939,8.769429154264348,2035,1548.2644615384615,403.29184615384474,117.23969230769126,Projected
Aland,ALD,Europe,Europe,7.8707076923076755,6.928603165515466,8.812812219099884,2036,1553.420198290598,406.73167179487064,120.45039658119549,Projected
Aland,ALD,Europe,Europe,7.903569230769222,6.950609564852485,8.856528896685958,2037,1558.5759350427343,410.1714974358965,123.66110085469973,Projected
Aland,ALD,Europe,Europe,7.936430769230753,6.972293619726868,8.90056791873464,2038,1563.7316717948725,413.6113230769215,126.87180512820396,Projected
Aland,ALD,Europe,Europe,7.9692923076922995,6.993666409117243,8.944918206267356,2039,1568.8874085470088,417.0511487179474,130.0825094017082,Projected
Aland,ALD,Europe,Europe,8.002153846153831,7.014738797851004,8.989568894456658,2040,1574.0431452991452,420.4909743589733,133.29321367521243,Projected
Aland,ALD,Europe,Europe,8.035015384615377,7.03552141565562,9.034509353575134,2041,1579.1988820512815,423.9307999999992,136.50391794871666,Projected
Aland,ALD,Europe,Europe,8.06787692307691,7.056024639842562,9.079729206311256,2042,1584.3546188034197,427.37062564102416,139.7146222222218,Projected
Aland,ALD,Europe,Europe,8.100738461538455,7.0762585813486245,9.125218341728285,2043,1589.510355555556,430.81045128205005,142.92532649572604,Projected
Aland,ALD,Europe,Europe,8.133599999999987,7.09623307385064,9.170966926149333,2044,1594.6660923076925,434.25027692307594,146.13603076923027,Projected
Aland,ALD,Europe,Europe,8.166461538461533,7.115957665669576,9.21696541125349,2045,1599.8218290598288,437.69010256410184,149.3467350427345,Projected
Aland,ALD,Europe,Europe,8.199323076923065,7.135441614183522,9.263204539662608,2046,1604.977565811967,441.1299282051268,152.55743931623874,Projected
Aland,ALD,Europe,Europe,8.232184615384611,7.154693882478604,9.309675348290618,2047,1610.1333025641034,444.5697538461527,155.76814358974298,Projected
Aland,ALD,Europe,Europe,8.265046153846143,7.1737231379780635,9.356369169714222,2048,1615.2890393162397,448.0095794871786,158.9788478632472,Projected
Aland,ALD,Europe,Europe,8.297907692307675,7.192537752805044,9.403277631810305,2049,1620.444776068376,451.4494051282045,162.18955213675144,Projected
Aland,ALD,Europe,Europe,8.33076923076922,7.211145805649746,9.450392655888695,2050,1625.6005128205124,454.8892307692304,165.40025641025568,Projected
Andorra,AND,Europe,Europe,0.9386769230768977,0.1549211037051017,1.7224327424486936,2026,1620.7151076923046,24.65756923076919,88.9962153846136,Projected
Andorra,AND,Europe,Europe,0.9794051282051157,0.18922497333759158,1.7695852830726397,2027,1624.4832923076892,24.69642051282046,92.25721709401569,Projected
Andorra,AND,Europe,Europe,1.0201333333333196,0.22312742408563568,1.8171392425810033,2028,1628.2514769230738,24.735271794871743,95.51821880341686,Projected
Andorra,AND,Europe,Europe,1.0608615384615234,0.2566386768821345,1.8650844000409124,2029,1632.0196615384584,24.774123076923026,98.77922051281894,Projected
Andorra,AND,Europe,Europe,1.1015897435897273,0.28976916471770686,1.9134103224617478,2030,1635.787846153843,24.81297435897431,102.04022222222102,Projected
Andorra,AND,Europe,Europe,1.1423179487179311,0.3225294741983037,1.9621064232375587,2031,1639.5560307692276,24.85182564102559,105.30122393162219,Projected
Andorra,AND,Europe,Europe,1.183046153846135,0.3549302905079882,2.0111620171842817,2032,1643.3242153846122,24.89067692307686,108.56222564102427,Projected
Andorra,AND,Europe,Europe,1.2237743589743388,0.38698234613524773,2.06056637181343,2033,1647.0923999999968,24.929528205128143,111.82322735042635,Projected
Andorra,AND,Europe,Europe,1.2645025641025427,0.4186963736119165,2.110308754593169,2034,1650.8605846153814,24.968379487179426,115.08422905982752,Projected
Andorra,AND,Europe,Europe,1.3052307692307465,0.45008306241327234,2.160378476048221,2035,1654.628769230766,25.00723076923071,118.3452307692296,Projected
Andorra,AND,Europe,Europe,1.3459589743589646,0.4811530200778611,2.210764928640068,2036,1658.3969538461506,25.046082051281992,121.60623247863077,Projected
Andorra,AND,Europe,Europe,1.3866871794871685,0.5119167375271815,2.2614576214471556,2037,1662.1651384615361,25.08493333333326,124.86723418803285,Projected
Andorra,AND,Europe,Europe,1.4274153846153723,0.5423845584993309,2.3124462107314137,2038,1665.9333230769207,25.123784615384544,128.12823589743493,Projected
Andorra,AND,Europe,Europe,1.4681435897435762,0.5725666529556974,2.3637205265314547,2039,1669.7015076923053,25.162635897435827,131.3892376068361,Projected
Andorra,AND,Europe,Europe,1.50887179487178,0.6024729942773431,2.415270595466217,2040,1673.46969230769,25.20148717948711,134.65023931623818,Projected
Andorra,AND,Europe,Europe,1.5495999999999839,0.6321133400350268,2.467086659964941,2041,1677.2378769230745,25.24033846153838,137.91124102564027,Projected
Andorra,AND,Europe,Europe,1.5903282051281877,0.6614972160939998,2.5191591941623757,2042,1681.006061538459,25.27918974358966,141.17224273504144,Projected
Andorra,AND,Europe,Europe,1.6310564102563916,0.6906339038005145,2.5714789167122687,2043,1684.7742461538437,25.318041025640944,144.43324444444352,Projected
Andorra,AND,Europe,Europe,1.6717846153846097,0.7195324299897822,2.6240368007794372,2044,1688.5424307692283,25.356892307692227,147.6942461538447,Projected
Andorra,AND,Europe,Europe,1.7125128205128135,0.748201559554168,2.676824081471459,2045,1692.310615384613,25.39574358974351,150.95524786324677,Projected
Andorra,AND,Europe,Europe,1.7532410256410174,0.7766497903147773,2.7298322609672576,2046,1696.0787999999975,25.43459487179478,154.21624957264885,Projected
Andorra,AND,Europe,Europe,1.7939692307692212,0.8048853499469956,2.783053111591447,2047,1699.846984615382,25.473446153846062,157.47725128205002,Projected
Andorra,AND,Europe,Europe,1.834697435897425,0.8329161947221697,2.83647867707268,2048,1703.6151692307667,25.512297435897345,160.7382529914521,Projected
Andorra,AND,Europe,Europe,1.875425641025629,0.8607500098405361,2.890101272210722,2049,1707.3833538461513,25.551148717948628,163.99925470085418,Projected
Andorra,AND,Europe,Europe,1.9161538461538328,0.8883942111452177,2.943913481162448,2050,1711.151538461536,25.58999999999991,167.26025641025535,Projected
United Arab Emirates,ARE,Asia,Asia,8.081353846153831,7.356366769859694,8.80634092244797,2026,1714.3152923076905,10.496738461538527,87.16236923076667,Projected
United Arab Emirates,ARE,Asia,Asia,8.121169230769226,7.390239538046526,8.852098923491926,2027,1716.855456410255,10.534331623931692,90.39952478632222,Projected
United Arab Emirates,ARE,Asia,Asia,8.160984615384606,7.423740987135991,8.898228243633222,2028,1719.3956205128188,10.571924786324857,93.63668034187776,Projected
United Arab Emirates,ARE,Asia,Asia,8.200799999999987,7.456880571659819,8.944719428340154,2029,1721.9357846153835,10.609517948718022,96.87383589743331,Projected
United Arab Emirates,ARE,Asia,Asia,8.240615384615381,7.489667942306642,8.99156282692412,2030,1724.4759487179472,10.647111111111201,100.11099145298886,Projected
United Arab Emirates,ARE,Asia,Asia,8.280430769230762,7.522112891861769,9.038748646599753,2031,1727.016112820511,10.684704273504366,103.3481470085444,Projected
United Arab Emirates,ARE,Asia,Asia,8.320246153846142,7.554225304296934,9.08626700339535,2032,1729.5562769230755,10.72229743589753,106.58530256409995,Projected
United Arab Emirates,ARE,Asia,Asia,8.360061538461522,7.58601510734123,9.134107969581814,2033,1732.0964410256393,10.759890598290696,109.8224581196555,Projected
United Arab Emirates,ARE,Asia,Asia,8.399876923076917,7.617492228763861,9.182261617389972,2034,1734.6366051282039,10.797483760683875,113.05961367521104,Projected
United Arab Emirates,ARE,Asia,Asia,8.439692307692297,7.648666556505962,9.230718058878633,2035,1737.1767692307676,10.83507692307704,116.29676923076659,Projected
United Arab Emirates,ARE,Asia,Asia,8.479507692307678,7.679547902715868,9.279467481899488,2036,1739.7169333333313,10.872670085470205,119.53392478632213,Projected
United Arab Emirates,ARE,Asia,Asia,8.519323076923072,7.710145971669258,9.328500182176887,2037,1742.257097435896,10.91026324786337,122.77108034187859,Projected
United Arab Emirates,ARE,Asia,Asia,8.559138461538453,7.740470331494653,9.377806591582253,2038,1744.7972615384597,10.947856410256549,126.00823589743413,Projected
United Arab Emirates,ARE,Asia,Asia,8.598953846153833,7.770530389574304,9.427377302733362,2039,1747.3374256410243,10.985449572649713,129.24539145298968,Projected
United Arab Emirates,ARE,Asia,Asia,8.638769230769228,7.800335371450414,9.477203090088041,2040,1749.877589743588,11.023042735042878,132.48254700854523,Projected
United Arab Emirates,ARE,Asia,Asia,8.678584615384608,7.829894303037047,9.527274927732169,2041,1752.4177538461518,11.060635897436043,135.71970256410077,Projected
United Arab Emirates,ARE,Asia,Asia,8.718399999999988,7.859215995916891,9.577584004083086,2042,1754.9579179487164,11.098229059829222,138.95685811965632,Projected
United Arab Emirates,ARE,Asia,Asia,8.758215384615369,7.888309035488507,9.62812173374223,2043,1757.49808205128,11.135822222222387,142.19401367521186,Projected
United Arab Emirates,ARE,Asia,Asia,8.798030769230763,7.9171817717235395,9.678879766737987,2044,1760.0382461538438,11.173415384615552,145.4311692307674,Projected
United Arab Emirates,ARE,Asia,Asia,8.837846153846144,7.945842312292173,9.729849995400114,2045,1762.5784102564085,11.211008547008717,148.66832478632296,Projected
United Arab Emirates,ARE,Asia,Asia,8.877661538461524,7.974298517819269,9.781024559103779,2046,1765.1185743589722,11.248601709401896,151.9054803418785,Projected
United Arab Emirates,ARE,Asia,Asia,8.917476923076919,8.00255799904045,9.832395847113387,2047,1767.6587384615368,11.286194871795061,155.14263589743405,Projected
United Arab Emirates,ARE,Asia,Asia,8.957292307692299,8.030628115638077,9.883956499746521,2048,1770.1989025641005,11.323788034188226,158.3797914529896,Projected
United Arab Emirates,ARE,Asia,Asia,8.99710769230768,8.058515976549298,9.93569940806606,2049,1772.7390666666643,11.361381196581391,161.61694700854514,Projected
United Arab Emirates,ARE,Asia,Asia,9.036923076923074,8.08622844155149,9.987617712294657,2050,1775.279230769229,11.398974358974556,164.85410256410069,Projected
Argentina,ARG,South America,Americas,15.159199999999984,14.227265818697912,16.091134181302056,2026,698.690984615384,25.137846153846112,88.12892307692073,Projected
Argentina,ARG,South America,Americas,15.202246153846133,14.262673039993079,16.141819267699187,2027,700.14496068376,25.40791452991448,91.26186324786067,Projected
Argentina,ARG,South America,Americas,15.245292307692296,14.297602949388077,16.192981665996513,2028,701.5989367521361,25.677982905982844,94.39480341880062,Projected
Argentina,ARG,South America,Americas,15.288338461538444,14.332067700204728,16.24460922287216,2029,703.0529128205121,25.94805128205121,97.52774358974148,Projected
Argentina,ARG,South America,Americas,15.331384615384593,14.36607969791466,16.296689532854526,2030,704.5068888888882,26.218119658119576,100.66068376068142,Projected
Argentina,ARG,South America,Americas,15.374430769230756,14.399651530647642,16.34921000781387,2031,705.9608649572642,26.488188034187942,103.79362393162137,Projected
Argentina,ARG,South America,Americas,15.417476923076904,14.432795903748875,16.402157942404934,2032,707.4148410256403,26.75825641025631,106.92656410256222,Projected
Argentina,ARG,South America,Americas,15.460523076923067,14.465525578811508,16.455520575034626,2033,708.8688170940163,27.028324786324674,110.05950427350217,Projected
Argentina,ARG,South America,Americas,15.503569230769216,14.497853317480175,16.509285144058257,2034,710.3227931623924,27.29839316239304,113.19244444444212,Projected
Argentina,ARG,South America,Americas,15.546615384615379,14.529791830202655,16.563438939028103,2035,711.7767692307684,27.56846153846152,116.32538461538206,Projected
Argentina,ARG,South America,Americas,15.589661538461527,14.561353729998803,16.61796934692425,2036,713.2307452991445,27.838529914529886,119.45832478632292,Projected
Argentina,ARG,South America,Americas,15.632707692307676,14.592551491223691,16.67286389339166,2037,714.6847213675205,28.108598290598252,122.59126495726287,Projected
Argentina,ARG,South America,Americas,15.675753846153839,14.623397413222158,16.72811027908552,2038,716.1386974358966,28.378666666666618,125.72420512820281,Projected
Argentina,ARG,South America,Americas,15.718799999999987,14.653903588707754,16.783696411292222,2039,717.5926735042726,28.648735042734984,128.85714529914276,Projected
Argentina,ARG,South America,Americas,15.76184615384615,14.684081876647912,16.839610431044388,2040,719.0466495726487,28.91880341880335,131.9900854700836,Projected
Argentina,ARG,South America,Americas,15.804892307692299,14.7139438793982,16.895840735986397,2041,720.5006256410247,29.188871794871716,135.12302564102356,Projected
Argentina,ARG,South America,Americas,15.847938461538448,14.743500923802037,16.95237599927486,2042,721.9546017094008,29.458940170940082,138.2559658119635,Projected
Argentina,ARG,South America,Americas,15.89098461538461,14.772764045954617,17.009205184814604,2043,723.4085777777768,29.729008547008448,141.38890598290436,Projected
Argentina,ARG,South America,Americas,15.934030769230759,14.801743979321698,17.066317559139822,2044,724.8625538461529,29.999076923076927,144.5218461538443,Projected
Argentina,ARG,South America,Americas,15.977076923076922,14.83045114590288,17.123702700250966,2045,726.3165299145289,30.269145299145293,147.65478632478425,Projected
Argentina,ARG,South America,Americas,16.02012307692307,14.858895650133402,17.18135050371274,2046,727.770505982905,30.53921367521366,150.7877264957242,Projected
Argentina,ARG,South America,Americas,16.063169230769233,14.887087275228595,17.239251186309872,2047,729.224482051281,30.809282051282025,153.92066666666506,Projected
Argentina,ARG,South America,Americas,16.106215384615382,14.91503548168753,17.297395287543235,2048,730.6784581196571,31.07935042735039,157.053606837605,Projected
Argentina,ARG,South America,Americas,16.14926153846153,14.942749407688991,17.35577366923407,2049,732.1324341880331,31.349418803418757,160.18654700854495,Projected
Argentina,ARG,South America,Americas,16.192307692307693,14.970237871129486,17.414377513485903,2050,733.5864102564092,31.619487179487123,163.3194871794858,Projected
Armenia,ARM,Asia,Asia,24.112246153846115,23.485649800752896,24.738842506939335,2026,1784.3259076923066,9.181846153846095,87.67855384615268,Projected
Armenia,ARM,Asia,Asia,24.15722735042732,23.525494875734523,24.788959825120116,2027,1786.0263452991442,9.324803418803356,90.90531282051143,Projected
Armenia,ARM,Asia,Asia,24.20220854700851,23.56501902473022,24.8393980692868,2028,1787.7267829059817,9.467760683760616,94.13207179487017,Projected
Armenia,ARM,Asia,Asia,24.247189743589715,23.60423041916167,24.89014906801776,2029,1789.4272205128193,9.610717948717877,97.35883076922892,Projected
Armenia,ARM,Asia,Asia,24.292170940170905,23.64313739998621,24.9412044803556,2030,1791.1276581196569,9.753675213675137,100.58558974358857,Projected
Armenia,ARM,Asia,Asia,24.33715213675211,23.681748430973467,24.992555842530752,2031,1792.8280957264944,9.896632478632398,103.81234871794732,Projected
Armenia,ARM,Asia,Asia,24.3821333333333,23.720072054704154,25.044194611962446,2032,1794.528533333332,10.039589743589659,107.03910769230606,Projected
Armenia,ARM,Asia,Asia,24.427114529914505,23.758116851577935,25.096112208251075,2033,1796.2289709401696,10.182547008546976,110.26586666666572,Projected
Armenia,ARM,Asia,Asia,24.472095726495695,23.795891402029063,25.148300050962327,2034,1797.9294085470071,10.325504273504237,113.49262564102446,Projected
Armenia,ARM,Asia,Asia,24.5170769230769,23.83340425206905,25.200749594084748,2035,1799.6298461538447,10.468461538461497,116.7193846153832,Projected
Armenia,ARM,Asia,Asia,24.56205811965809,23.87066388220263,25.25345235711355,2036,1801.3302837606823,10.611418803418758,119.94614358974286,Projected
Armenia,ARM,Asia,Asia,24.607039316239295,23.90767867970174,25.30639995277685,2037,1803.0307213675198,10.754376068376018,123.1729025641016,Projected
Armenia,ARM,Asia,Asia,24.652020512820485,23.944456914168185,25.359584111472785,2038,1804.7311589743574,10.897333333333279,126.39966153846035,Projected
Armenia,ARM,Asia,Asia,24.69700170940169,23.981006716272997,25.412996702530382,2039,1806.4315965811954,11.04029059829054,129.6264205128191,Projected
Armenia,ARM,Asia,Asia,24.74198290598288,24.01733605952531,25.46662975244045,2040,1808.132034188033,11.1832478632478,132.85317948717875,Projected
Armenia,ARM,Asia,Asia,24.786964102564085,24.053452744898486,25.520475460229683,2041,1809.8324717948706,11.32620512820506,136.0799384615375,Projected
Armenia,ARM,Asia,Asia,24.831945299145275,24.089364388122142,25.574526210168408,2042,1811.5329094017081,11.469162393162321,139.30669743589624,Projected
Armenia,ARM,Asia,Asia,24.87692649572648,24.125078409438135,25.628774582014824,2043,1813.2333470085457,11.612119658119639,142.5334564102559,Projected
Armenia,ARM,Asia,Asia,24.92190769230767,24.16060202561201,25.68321335900333,2044,1814.9337846153833,11.7550769230769,145.76021538461464,Projected
Armenia,ARM,Asia,Asia,24.966888888888874,24.195942243991585,25.737835533786164,2045,1816.6342222222208,11.89803418803416,148.98697435897338,Projected
Armenia,ARM,Asia,Asia,25.011870085470065,24.231105858406714,25.792634312533416,2046,1818.3346598290584,12.04099145299142,152.21373333333213,Projected
Armenia,ARM,Asia,Asia,25.05685128205127,24.266099446711472,25.847603117391067,2047,1820.035097435896,12.183948717948681,155.44049230769178,Projected
Armenia,ARM,Asia,Asia,25.10183247863246,24.30092936977804,25.90273558748688,2048,1821.7355350427335,12.326905982905942,158.66725128205053,Projected
Armenia,ARM,Asia,Asia,25.14681367521365,24.335601771762974,25.958025578664326,2049,1823.435972649571,12.469863247863202,161.89401025640927,Projected
Armenia,ARM,Asia,Asia,25.191794871794855,24.370122581477453,26.013467162112256,2050,1825.1364102564087,12.612820512820463,165.12076923076893,Projected
American Samoa,ASM,Oceania,Oceania,24.337046153846146,23.577269284015482,25.09682302367681,2026,666.1423384615382,4.8101846153845855,87.24587692307523,Projected
American Samoa,ASM,Oceania,Oceania,24.35742564102563,23.591420987753946,25.12343029429731,2027,666.4223692307689,4.851822222222182,90.39636923076796,Projected
American Samoa,ASM,Oceania,Oceania,24.377805128205118,23.60518355398815,25.150426702422084,2028,666.7023999999997,4.893459829059793,93.54686153846069,Projected
American Samoa,ASM,Oceania,Oceania,24.398184615384608,23.61856689094231,25.177802339826904,2029,666.9824307692304,4.935097435897404,96.69735384615251,Projected
American Samoa,ASM,Oceania,Oceania,24.41856410256409,23.63158111241049,25.20554709271769,2030,667.2624615384611,4.976735042735001,99.84784615384524,Projected
American Samoa,ASM,Oceania,Oceania,24.43894358974358,23.64423648110225,25.23365069838491,2031,667.5424923076919,5.018372649572612,102.99833846153706,Projected
American Samoa,ASM,Oceania,Oceania,24.45932307692307,23.656543355289255,25.262102798556885,2032,667.8225230769226,5.060010256410223,106.14883076922979,Projected
American Samoa,ASM,Oceania,Oceania,24.479702564102553,23.668512139100315,25.29089298910479,2033,668.1025538461533,5.10164786324782,109.29932307692161,Projected
American Samoa,ASM,Oceania,Oceania,24.500082051282043,23.68015323670629,25.320010865857796,2034,668.3825846153841,5.143285470085431,112.44981538461434,Projected
American Samoa,ASM,Oceania,Oceania,24.520461538461525,23.691477010538758,25.349446066384292,2035,668.6626153846148,5.184923076923042,115.60030769230707,Projected
American Samoa,ASM,Oceania,Oceania,24.540841025641015,23.702493743599437,25.379188307682593,2036,668.9426461538455,5.226560683760638,118.75079999999889,Projected
American Samoa,ASM,Oceania,Oceania,24.561220512820505,23.7132136058409,25.40922741980011,2037,669.2226769230763,5.268198290598249,121.90129230769162,Projected
American Samoa,ASM,Oceania,Oceania,24.581599999999987,23.72364662453534,25.439553375464634,2038,669.5027076923072,5.309835897435846,125.05178461538344,Projected
American Samoa,ASM,Oceania,Oceania,24.601979487179477,23.733802658494977,25.470156315863978,2039,669.782738461538,5.351473504273457,128.20227692307617,Projected
American Samoa,ASM,Oceania,Oceania,24.622358974358967,23.743691375966026,25.501026572751908,2040,670.0627692307687,5.393111111111068,131.352769230768,Projected
American Samoa,ASM,Oceania,Oceania,24.64273846153845,23.753322235987106,25.532154687089793,2041,670.3427999999994,5.434748717948665,134.50326153846072,Projected
American Samoa,ASM,Oceania,Oceania,24.66311794871794,23.76270447298036,25.56353142445552,2042,670.6228307692302,5.476386324786276,137.65375384615345,Projected
American Samoa,ASM,Oceania,Oceania,24.68349743589743,23.771847084329956,25.595147787464903,2043,670.9028615384609,5.518023931623887,140.80424615384527,Projected
American Samoa,ASM,Oceania,Oceania,24.703876923076912,23.780758820695745,25.62699502545808,2044,671.1828923076916,5.559661538461484,143.954738461538,Projected
American Samoa,ASM,Oceania,Oceania,24.7242564102564,23.78944817880892,25.659064641703882,2045,671.4629230769224,5.601299145299095,147.10523076922982,Projected
American Samoa,ASM,Oceania,Oceania,24.74463589743589,23.797923396500384,25.6913483983714,2046,671.7429538461531,5.6429367521367055,150.25572307692255,Projected
American Samoa,ASM,Oceania,Oceania,24.765015384615374,23.80619244972041,25.72383831951034,2047,672.0229846153838,5.684574358974302,153.40621538461437,Projected
American Samoa,ASM,Oceania,Oceania,24.785394871794864,23.81426305131884,25.75652669227089,2048,672.3030153846146,5.726211965811913,156.5567076923071,Projected
American Samoa,ASM,Oceania,Oceania,24.805774358974354,23.82214265136779,25.789406066580916,2049,672.5830461538453,5.767849572649524,159.70719999999983,Projected
American Samoa,ASM,Oceania,Oceania,24.826153846153836,23.829838438823224,25.82246925348445,2050,672.863076923076,5.809487179487121,162.85769230769165,Projected
Ashmore and Cartier Islands,ATC,Oceania,Oceania,26.464830769230744,25.549346987564824,27.380314550896664,2026,1014.2522769230736,29.47621538461533,88.65883076923001,Projected
Ashmore and Cartier Islands,ATC,Oceania,Oceania,26.50530256410255,25.582314691482594,27.428290436722506,2027,1017.3481435897402,29.64200341880337,91.81372991452918,Projected
Ashmore and Cartier Islands,ATC,Oceania,Oceania,26.54577435897434,25.61481350895732,27.476735208991364,2028,1020.4440102564067,29.80779145299141,94.96862905982834,Projected
Ashmore and Cartier Islands,ATC,Oceania,Oceania,26.586246153846133,25.64685537878176,27.525636928910508,2029,1023.5398769230733,29.97357948717945,98.12352820512751,Projected
Ashmore and Cartier Islands,ATC,Oceania,Oceania,26.626717948717925,25.678452487447505,27.574983409988345,2030,1026.6357435897398,30.13936752136749,101.27842735042668,Projected
Ashmore and Cartier Islands,ATC,Oceania,Oceania,26.66718974358973,25.709617200880047,27.624762286299415,2031,1029.7316102564064,30.30515555555553,104.43332649572585,Projected
Ashmore and Cartier Islands,ATC,Oceania,Oceania,26.707661538461522,25.74036200015123,27.674961076771815,2032,1032.827476923073,30.47094358974357,107.58822564102502,Projected
Ashmore and Cartier Islands,ATC,Oceania,Oceania,26.748133333333314,25.77069942158795,27.72556724507868,2033,1035.9233435897395,30.63673162393161,110.74312478632419,Projected
Ashmore and Cartier Islands,ATC,Oceania,Oceania,26.788605128205106,25.800642001567724,27.776568254842488,2034,1039.019210256406,30.802519658119593,113.89802393162336,Projected
Ashmore and Cartier Islands,ATC,Oceania,Oceania,26.82907692307691,25.830202226174887,27.827951619978936,2035,1042.1150769230726,30.968307692307633,117.05292307692253,Projected
Ashmore and Cartier Islands,ATC,Oceania,Oceania,26.869548717948703,25.859392485785666,27.87970495011174,2036,1045.2109435897391,31.134095726495673,120.2078222222217,Projected
Ashmore and Cartier Islands,ATC,Oceania,Oceania,26.910020512820495,25.888225034559174,27.931815991081816,2037,1048.3068102564057,31.299883760683713,123.36272136752086,Projected
Ashmore and Cartier Islands,ATC,Oceania,Oceania,26.950492307692286,25.916711954733564,27.98427266065101,2038,1051.4026769230722,31.465671794871753,126.51762051282003,Projected
Ashmore and Cartier Islands,ATC,Oceania,Oceania,26.990964102564092,25.94486512556318,28.037063079565005,2039,1054.4985435897388,31.631459829059793,129.6725196581192,Projected
Ashmore and Cartier Islands,ATC,Oceania,Oceania,27.031435897435884,25.972696196682207,28.09017559818956,2040,1057.5944102564054,31.797247863247833,132.82741880341837,Projected
Ashmore and Cartier Islands,ATC,Oceania,Oceania,27.071907692307676,26.00021656564275,28.143598818972603,2041,1060.690276923072,31.963035897435873,135.98231794871754,Projected
Ashmore and Cartier Islands,ATC,Oceania,Oceania,27.112379487179467,26.02743735934802,28.197321615010914,2042,1063.7861435897385,32.12882393162391,139.1372170940167,Projected
Ashmore and Cartier Islands,ATC,Oceania,Oceania,27.152851282051273,26.05436941908528,28.251333145017266,2043,1066.882010256405,32.29461196581195,142.29211623931587,Projected
Ashmore and Cartier Islands,ATC,Oceania,Oceania,27.193323076923065,26.081023288854322,28.305622864991808,2044,1069.9778769230716,32.46039999999999,145.44701538461504,Projected
Ashmore and Cartier Islands,ATC,Oceania,Oceania,27.233794871794856,26.107409206686746,28.360180536902966,2045,1073.0737435897381,32.62618803418803,148.6019145299142,Projected
Ashmore and Cartier Islands,ATC,Oceania,Oceania,27.274266666666648,26.13353709865544,28.414996234677854,2046,1076.1696102564047,32.79197606837607,151.75681367521338,Projected
Ashmore and Cartier Islands,ATC,Oceania,Oceania,27.314738461538454,26.15941657528348,28.470060347793428,2047,1079.2654769230712,32.95776410256411,154.91171282051255,Projected
Ashmore and Cartier Islands,ATC,Oceania,Oceania,27.355210256410246,26.18505693007425,28.52536358274624,2048,1082.3613435897378,33.12355213675215,158.06661196581172,Projected
Ashmore and Cartier Islands,ATC,Oceania,Oceania,27.395682051282037,26.210467139900405,28.58089696266367,2049,1085.4572102564043,33.28934017094019,161.22151111111089,Projected
Ashmore and Cartier Islands,ATC,Oceania,Oceania,27.436153846153843,26.23565586700591,28.636651825301776,2050,1088.5530769230709,33.45512820512823,164.37641025641005,Projected
Antigua and Barbuda,ATG,North America,Americas,21.395323076923063,20.617344508075853,22.173301645770273,2026,409.48319999999876,3.671569230769208,88.23873846153765,Projected
Antigua and Barbuda,ATG,North America,Americas,21.43312478632477,20.648769237286498,22.21748033536304,2027,411.71922051281945,3.730317948717925,91.4479042735029,Projected
Antigua and Barbuda,ATG,North America,Americas,21.470926495726474,20.67979550656677,22.262057484886178,2028,413.95524102564013,3.789066666666642,94.65707008546906,Projected
Antigua and Barbuda,ATG,North America,Americas,21.508728205128193,20.71043346150864,22.307022948747747,2029,416.1912615384608,3.847815384615359,97.86623589743522,Projected
Antigua and Barbuda,ATG,North America,Americas,21.5465299145299,20.740693458198642,22.352366370861155,2030,418.4272820512815,3.906564102564076,101.07540170940047,Projected
Antigua and Barbuda,ATG,North America,Americas,21.584331623931604,20.770586005206354,22.398077242656854,2031,420.6633025641022,3.9653128205127928,104.28456752136663,Projected
Antigua and Barbuda,ATG,North America,Americas,21.62213333333331,20.800121708952805,22.444144957713814,2032,422.899323076922,4.02406153846151,107.49373333333278,Projected
Antigua and Barbuda,ATG,North America,Americas,21.65993504273503,20.82931122281477,22.490558862655288,2033,425.13534358974266,4.082810256410227,110.70289914529803,Projected
Antigua and Barbuda,ATG,North America,Americas,21.697736752136734,20.858165200212014,22.537308304061455,2034,427.37136410256335,4.141558974358944,113.91206495726419,Projected
Antigua and Barbuda,ATG,North America,Americas,21.73553846153844,20.886694251825165,22.584382671251714,2035,429.60738461538403,4.2003076923076605,117.12123076923035,Projected
Antigua and Barbuda,ATG,North America,Americas,21.77334017094016,20.914908907002076,22.631771434878242,2036,431.8434051282047,4.2590564102563775,120.3303965811956,Projected
Antigua and Barbuda,ATG,North America,Americas,21.811141880341864,20.942819579333168,22.67946418135056,2037,434.0794256410254,4.317805128205094,123.53956239316176,Projected
Antigua and Barbuda,ATG,North America,Americas,21.84894358974357,20.97043653631039,22.72745064317675,2038,436.3154461538452,4.376553846153811,126.74872820512701,Projected
Antigua and Barbuda,ATG,North America,Americas,21.886745299145275,20.997769872929926,22.775720725360625,2039,438.5514666666659,4.435302564102528,129.95789401709317,Projected
Antigua and Barbuda,ATG,North America,Americas,21.924547008546995,21.024829489056682,22.824264528037308,2040,440.78748717948656,4.494051282051245,133.16705982905933,Projected
Antigua and Barbuda,ATG,North America,Americas,21.9623487179487,21.051625070336023,22.873072365561377,2041,443.02350769230725,4.552799999999976,136.37622564102458,Projected
Antigua and Barbuda,ATG,North America,Americas,22.000150427350405,21.07816607241579,22.92213478228502,2042,445.25952820512794,4.611548717948693,139.58539145299073,Projected
Antigua and Barbuda,ATG,North America,Americas,22.037952136752125,21.10446170822724,22.97144256527701,2043,447.4955487179486,4.67029743589741,142.7945572649569,Projected
Antigua and Barbuda,ATG,North America,Americas,22.07575384615383,21.130520938066596,23.020986754241065,2044,449.7315692307693,4.729046153846127,146.00372307692214,Projected
Antigua and Barbuda,ATG,North America,Americas,22.113555555555536,21.156352462218155,23.070758648892916,2045,451.9675897435891,4.787794871794844,149.2128888888883,Projected
Antigua and Barbuda,ATG,North America,Americas,22.15135726495724,21.18196471586355,23.12074981405093,2046,454.2036102564098,4.846543589743561,152.42205470085446,Projected
Antigua and Barbuda,ATG,North America,Americas,22.18915897435896,21.207365866030035,23.170952082687887,2047,456.43963076923046,4.905292307692278,155.6312205128197,Projected
Antigua and Barbuda,ATG,North America,Americas,22.226960683760666,21.23256381034135,23.22135755717998,2048,458.67565128205115,4.964041025640995,158.84038632478587,Projected
Antigua and Barbuda,ATG,North America,Americas,22.26476239316237,21.257566177348313,23.27195860897643,2049,460.91167179487184,5.022789743589712,162.04955213675203,Projected
Antigua and Barbuda,ATG,North America,Americas,22.30256410256409,21.28238032823012,23.322747876898063,2050,463.1476923076925,5.081538461538429,165.25871794871728,Projected
Australia,AUS,Oceania,Oceania,26.04550769230769,25.249186315757218,26.841829068858164,2026,1381.0710461538458,1018.8482153846089,84.4782769230751,Projected
Australia,AUS,Oceania,Oceania,26.071271794871787,25.26842308473229,26.874120505011284,2027,1381.7749128205123,1028.0987384615328,87.63715213675005,Projected
Australia,AUS,Oceania,Oceania,26.09703589743589,25.287251999078766,26.906819795793016,2028,1382.478779487179,1037.3492615384566,90.79602735042499,Projected
Australia,AUS,Oceania,Oceania,26.122799999999994,25.30568344359653,26.93991655640346,2029,1383.1826461538458,1046.5997846153805,93.95490256410085,Projected
Australia,AUS,Oceania,Oceania,26.148564102564098,25.323728018543015,26.97340018658518,2030,1383.8865128205123,1055.8503076923007,97.1137777777758,Projected
Australia,AUS,Oceania,Oceania,26.1743282051282,25.341396480253824,27.00725993000258,2031,1384.590379487179,1065.1008307692246,100.27265299145074,Projected
Australia,AUS,Oceania,Oceania,26.200092307692305,25.358699685223126,27.041484930161484,2032,1385.2942461538457,1074.3513538461484,103.4315282051266,Projected
Australia,AUS,Oceania,Oceania,26.2258564102564,25.375648538007912,27.07606428250489,2033,1385.9981128205122,1083.6018769230723,106.59040341880154,Projected
Australia,AUS,Oceania,Oceania,26.251620512820505,25.39225394320924,27.11098708243177,2034,1386.701979487179,1092.8523999999961,109.74927863247649,Projected
Australia,AUS,Oceania,Oceania,26.27738461538461,25.408526761681284,27.146242469087934,2035,1387.4058461538457,1102.1029230769163,112.90815384615235,Projected
Australia,AUS,Oceania,Oceania,26.303148717948712,25.424477771027824,27.1818196648696,2036,1388.1097128205122,1111.3534461538402,116.06702905982729,Projected
Australia,AUS,Oceania,Oceania,26.328912820512816,25.440117630365982,27.21770801065965,2037,1388.813579487179,1120.603969230764,119.22590427350224,Projected
Australia,AUS,Oceania,Oceania,26.35467692307692,25.455456849269723,27.253896996884116,2038,1389.5174461538454,1129.854492307688,122.3847794871781,Projected
Australia,AUS,Oceania,Oceania,26.380441025641016,25.470505760750218,27.290376290531814,2039,1390.2213128205121,1139.1050153846118,125.54365470085304,Projected
Australia,AUS,Oceania,Oceania,26.40620512820512,25.485274498086685,27.327135758323553,2040,1390.9251794871789,1148.3555384615356,128.702529914528,Projected
Australia,AUS,Oceania,Oceania,26.431969230769223,25.49977297528802,27.364165486250425,2041,1391.6290461538454,1157.6060615384558,131.86140512820384,Projected
Australia,AUS,Oceania,Oceania,26.457733333333326,25.51401087094282,27.401455795723834,2042,1392.332912820512,1166.8565846153797,135.0202803418788,Projected
Australia,AUS,Oceania,Oceania,26.48349743589743,25.52799761520042,27.43899725659444,2043,1393.0367794871788,1176.1071076923035,138.17915555555373,Projected
Australia,AUS,Oceania,Oceania,26.509261538461534,25.541742379618665,27.476780697304402,2044,1393.7406461538453,1185.3576307692274,141.3380307692296,Projected
Australia,AUS,Oceania,Oceania,26.53502564102563,25.555254069612985,27.514797212438275,2045,1394.444512820512,1194.6081538461513,144.49690598290454,Projected
Australia,AUS,Oceania,Oceania,26.560789743589734,25.568541319245718,27.55303816793375,2046,1395.1483794871788,1203.8586769230715,147.65578119657948,Projected
Australia,AUS,Oceania,Oceania,26.586553846153837,25.581612488102365,27.59149520420531,2047,1395.8522461538453,1213.1091999999953,150.81465641025534,Projected
Australia,AUS,Oceania,Oceania,26.61231794871794,25.59447566001311,27.63016023742277,2048,1396.556112820512,1222.3597230769192,153.97353162393028,Projected
Australia,AUS,Oceania,Oceania,26.638082051282044,25.60713864339108,27.669025459173007,2049,1397.2599794871787,1231.610246153843,157.13240683760523,Projected
Australia,AUS,Oceania,Oceania,26.663846153846148,25.61960897297384,27.708083334718456,2050,1397.9638461538452,1240.860769230767,160.2912820512811,Projected
Austria,AUT,Europe,Europe,13.572676923076898,12.678705588841378,14.466648257312418,2026,1074.3739692307681,218.70470769230678,87.18744615384458,Projected
Austria,AUT,Europe,Europe,13.613558974358952,12.712259883655484,14.51485806506242,2027,1077.1928102564098,220.6353128205119,90.43147350427171,Projected
Austria,AUT,Europe,Europe,13.654441025641006,12.745356310129948,14.563525741152064,2028,1080.0116512820505,222.56591794871747,93.67550085469884,Projected
Austria,AUT,Europe,Europe,13.69532307692306,12.778006526514417,14.612639627331703,2029,1082.8304923076912,224.49652307692259,96.91952820512688,Projected
Austria,AUT,Europe,Europe,13.7362051282051,12.810222432936849,14.662187823473351,2030,1085.6493333333328,226.4271282051277,100.16355555555401,Projected
Austria,AUT,Europe,Europe,13.777087179487154,12.84201610474269,14.712158254231618,2031,1088.4681743589736,228.35773333333282,103.40758290598114,Projected
Austria,AUT,Europe,Europe,13.817969230769208,12.873399729717994,14.762538731820422,2032,1091.2870153846143,230.28833846153793,106.65161025640919,Projected
Austria,AUT,Europe,Europe,13.858851282051262,12.904385549605424,14.8133170144971,2033,1094.105856410256,232.21894358974305,109.89563760683632,Projected
Austria,AUT,Europe,Europe,13.899733333333316,12.934985806197089,14.864480860469543,2034,1096.9246974358966,234.14954871794816,113.13966495726345,Projected
Austria,AUT,Europe,Europe,13.94061538461537,12.965212692173719,14.916018077057021,2035,1099.7435384615374,236.08015384615328,116.38369230769058,Projected
Austria,AUT,Europe,Europe,13.981497435897424,12.995078306756957,14.967916565037891,2036,1102.562379487179,238.0107589743584,119.62771965811862,Projected
Austria,AUT,Europe,Europe,14.022379487179478,13.024594616152202,15.020164358206754,2037,1105.3812205128197,239.9413641025635,122.87174700854575,Projected
Austria,AUT,Europe,Europe,14.063261538461518,13.053773418683745,15.07274965823929,2038,1108.2000615384604,241.87196923076863,126.11577435897289,Projected
Austria,AUT,Europe,Europe,14.104143589743572,13.082626314461914,15.12566086502523,2039,1111.018902564102,243.80257435897374,129.35980170940093,Projected
Austria,AUT,Europe,Europe,14.145025641025626,13.111164679372596,15.178886602678656,2040,1113.8377435897428,245.73317948717886,132.60382905982806,Projected
Austria,AUT,Europe,Europe,14.18590769230768,13.139399643143102,15.232415741472257,2041,1116.6565846153844,247.66378461538397,135.8478564102552,Projected
Austria,AUT,Europe,Europe,14.226789743589734,13.167342071211696,15.286237415967772,2042,1119.4754256410251,249.59438974358955,139.09188376068232,Projected
Austria,AUT,Europe,Europe,14.267671794871788,13.195002550112205,15.34034103963137,2043,1122.2942666666659,251.52499487179466,142.33591111111036,Projected
Austria,AUT,Europe,Europe,14.308553846153842,13.222391376076828,15.394716316230856,2044,1125.1131076923075,253.45559999999978,145.5799384615375,Projected
Austria,AUT,Europe,Europe,14.349435897435882,13.249518546559292,15.449353248312471,2045,1127.9319487179482,255.3862051282049,148.82396581196463,Projected
Austria,AUT,Europe,Europe,14.390317948717936,13.276393754385209,15.504242143050663,2046,1130.750789743589,257.31681025641,152.06799316239176,Projected
Austria,AUT,Europe,Europe,14.43119999999999,13.303026384245259,15.559373615754721,2047,1133.5696307692306,259.2474153846151,155.3120205128198,Projected
Austria,AUT,Europe,Europe,14.472082051282044,13.329425511259949,15.614738591304139,2048,1136.3884717948713,261.17802051282024,158.55604786324693,Projected
Austria,AUT,Europe,Europe,14.512964102564098,13.355599901359357,15.670328303768839,2049,1139.207312820512,263.10862564102536,161.80007521367406,Projected
Austria,AUT,Europe,Europe,14.553846153846152,13.38155801323815,15.726134294454154,2050,1142.0261538461536,265.03923076923047,165.0441025641021,Projected
Azerbaijan,AZE,Asia,Asia,27.532646153846137,26.868191029921302,28.197101277770972,2026,1137.1886461538434,5.18590769230758,88.81076923076762,Projected
Azerbaijan,AZE,Asia,Asia,27.573668376068362,26.903766807559077,28.243569944577647,2027,1140.9294290598255,5.348738461538346,92.10606837606701,Projected
Azerbaijan,AZE,Asia,Asia,27.614690598290586,26.93900226895548,28.290378927625692,2028,1144.6702119658084,5.511569230769112,95.40136752136641,Projected
Azerbaijan,AZE,Asia,Asia,27.65571282051281,26.973906079247104,28.337519561778517,2029,1148.4109948717914,5.674399999999935,98.6966666666658,Projected
Azerbaijan,AZE,Asia,Asia,27.696735042735035,27.00848708334955,28.38498300212052,2030,1152.1517777777744,5.8372307692307,101.99196581196429,Projected
Azerbaijan,AZE,Asia,Asia,27.737757264957246,27.04275425641092,28.432760273503572,2031,1155.8925606837574,6.000061538461466,105.28726495726369,Projected
Azerbaijan,AZE,Asia,Asia,27.77877948717947,27.076716657152247,28.480842317206694,2032,1159.6333435897404,6.162892307692232,108.58256410256308,Projected
Azerbaijan,AZE,Asia,Asia,27.819801709401695,27.110383384398418,28.529220034404972,2033,1163.3741264957234,6.325723076922998,111.87786324786248,Projected
Azerbaijan,AZE,Asia,Asia,27.86082393162392,27.14376353701109,28.57788432623675,2034,1167.1149094017064,6.4885538461537635,115.17316239316096,Projected
Azerbaijan,AZE,Asia,Asia,27.901846153846144,27.176866177349282,28.626826130343005,2035,1170.8556923076894,6.651384615384529,118.46846153846036,Projected
Azerbaijan,AZE,Asia,Asia,27.94286837606837,27.20970029830741,28.676036453829326,2036,1174.5964752136715,6.814215384615295,121.76376068375976,Projected
Azerbaijan,AZE,Asia,Asia,27.983890598290593,27.24227479391393,28.725506402667257,2037,1178.3372581196545,6.977046153846061,125.05905982905915,Projected
Azerbaijan,AZE,Asia,Asia,28.024912820512803,27.27459843341762,28.775227207607987,2038,1182.0780410256375,7.139876923076827,128.35435897435764,Projected
Azerbaijan,AZE,Asia,Asia,28.065935042735028,27.30667983874231,28.825190246727747,2039,1185.8188239316205,7.302707692307592,131.64965811965703,Projected
Azerbaijan,AZE,Asia,Asia,28.106957264957252,27.33852746515426,28.875387064760243,2040,1189.5596068376035,7.465538461538358,134.94495726495643,Projected
Azerbaijan,AZE,Asia,Asia,28.147979487179477,27.37014958495938,28.925809389399575,2041,1193.3003897435865,7.628369230769124,138.24025641025582,Projected
Azerbaijan,AZE,Asia,Asia,28.1890017094017,27.401554274027486,28.976449144775916,2042,1197.0411726495695,7.791199999999947,141.5355555555543,Projected
Azerbaijan,AZE,Asia,Asia,28.230023931623926,27.432749400929286,29.027298462318566,2043,1200.7819555555525,7.954030769230712,144.8308547008537,Projected
Azerbaijan,AZE,Asia,Asia,28.27104615384615,27.46374261846524,29.07834968922706,2044,1204.5227384615346,8.116861538461478,148.1261538461531,Projected
Azerbaijan,AZE,Asia,Asia,28.31206837606836,27.494541357365055,29.129595394771666,2045,1208.2635213675176,8.279692307692244,151.4214529914525,Projected
Azerbaijan,AZE,Asia,Asia,28.353090598290585,27.525152821939887,29.181028374641283,2046,1212.0043042735006,8.44252307692301,154.71675213675098,Projected
Azerbaijan,AZE,Asia,Asia,28.39411282051281,27.555583987475814,29.232641653549805,2047,1215.7450871794836,8.605353846153776,158.01205128205038,Projected
Azerbaijan,AZE,Asia,Asia,28.435135042735034,27.585841599167104,29.284428486302964,2048,1219.4858700854666,8.768184615384541,161.30735042734977,Projected
Azerbaijan,AZE,Asia,Asia,28.47615726495726,27.61593217239846,29.336382357516058,2049,1223.2266529914496,8.931015384615307,164.60264957264917,Projected
Azerbaijan,AZE,Asia,Asia,28.517179487179483,27.645861994198114,29.388496980160852,2050,1226.9674358974326,9.093846153846073,167.89794871794857,Projected
Burundi,BDI,Africa,Africa,26.34159999999997,25.502626761026438,27.180573238973505,2026,1026.2742153846166,243.6335999999992,89.33307692307608,Projected
Burundi,BDI,Africa,Africa,26.386789743589716,25.540939559749063,27.23263992743037,2027,1024.8905675213687,245.81890940170888,92.56495726495632,Projected
Burundi,BDI,Africa,Africa,26.43197948717946,25.578822658693603,27.28513631566532,2028,1023.5069196581208,248.00421880341855,95.79683760683656,Projected
Burundi,BDI,Africa,Africa,26.477169230769206,25.61628699888143,27.33805146265698,2029,1022.1232717948728,250.18952820512732,99.0287179487168,Projected
Burundi,BDI,Africa,Africa,26.52235897435895,25.653343748331608,27.391374200386295,2030,1020.7396239316249,252.374837606837,102.26059829059704,Projected
Burundi,BDI,Africa,Africa,26.567548717948696,25.690004239501086,27.445093196396307,2031,1019.3559760683775,254.56014700854666,105.4924786324782,Projected
Burundi,BDI,Africa,Africa,26.61273846153844,25.726279910369986,27.499197012706897,2032,1017.9723282051295,256.74545641025543,108.72435897435844,Projected
Burundi,BDI,Africa,Africa,26.657928205128172,25.762182249555547,27.553674160700798,2033,1016.5886803418816,258.9307658119651,111.95623931623868,Projected
Burundi,BDI,Africa,Africa,26.703117948717917,25.797722745721455,27.60851315171438,2034,1015.2050324786337,261.1160752136748,115.18811965811892,Projected
Burundi,BDI,Africa,Africa,26.748307692307662,25.832912841441356,27.66370254317397,2035,1013.8213846153858,263.30138461538445,118.41999999999916,Projected
Burundi,BDI,Africa,Africa,26.793497435897407,25.86776389157953,27.719230980215286,2036,1012.4377367521379,265.4866940170932,121.6518803418794,Projected
Burundi,BDI,Africa,Africa,26.838687179487152,25.90228712616732,27.775087232806985,2037,1011.05408888889,267.6720034188029,124.88376068375965,Projected
Burundi,BDI,Africa,Africa,26.883876923076897,25.9364936176832,27.831260228470594,2038,1009.670441025642,269.85731282051256,128.1156410256408,Projected
Burundi,BDI,Africa,Africa,26.929066666666643,25.970394252585987,27.8877390807473,2039,1008.2867931623941,272.04262222222223,131.34752136752104,Projected
Burundi,BDI,Africa,Africa,26.974256410256388,26.003999706904622,27.944513113608153,2040,1006.9031452991462,274.227931623931,134.57940170940128,Projected
Burundi,BDI,Africa,Africa,27.019446153846133,26.03732042565341,28.001571882038856,2041,1005.5194974358983,276.4132410256407,137.81128205128152,Projected
Burundi,BDI,Africa,Africa,27.064635897435878,26.070366605816957,28.058905189054798,2042,1004.1358495726504,278.59855042735035,141.04316239316177,Projected
Burundi,BDI,Africa,Africa,27.10982564102561,26.10314818263392,28.116503099417297,2043,1002.7522017094029,280.7838598290591,144.275042735042,Projected
Burundi,BDI,Africa,Africa,27.155015384615353,26.13567481890105,28.174355950329655,2044,1001.368553846155,282.9691692307688,147.50692307692225,Projected
Burundi,BDI,Africa,Africa,27.2002051282051,26.167955897017777,28.23245435939242,2045,999.9849059829071,285.15447863247846,150.7388034188034,Projected
Burundi,BDI,Africa,Africa,27.245394871794844,26.200000513496438,28.29078923009325,2046,998.6012581196592,287.33978803418813,153.97068376068364,Projected
Burundi,BDI,Africa,Africa,27.29058461538459,26.23181747567128,28.349351755097896,2047,997.2176102564113,289.5250974358969,157.20256410256388,Projected
Burundi,BDI,Africa,Africa,27.335774358974334,26.26341530035147,28.4081334175972,2048,995.8339623931633,291.71040683760657,160.43444444444413,Projected
Burundi,BDI,Africa,Africa,27.38096410256408,26.29480221417746,28.4671259909507,2049,994.4503145299154,293.89571623931624,163.66632478632437,Projected
Burundi,BDI,Africa,Africa,27.426153846153824,26.325986155455766,28.52632153685188,2050,993.0666666666675,296.081025641025,166.8982051282046,Projected
Belgium,BEL,Europe,Europe,15.193230769230752,14.43500417384165,15.951457364619854,2026,1362.8416000000018,256.5505230769213,88.0828923076906,Projected
Belgium,BEL,Europe,Europe,15.232529914529906,14.468088243079912,15.9969715859799,2027,1363.371063247865,258.99788376068227,91.24715213675063,Projected
Belgium,BEL,Europe,Europe,15.271829059829045,14.500783968823226,16.042874150834862,2028,1363.9005264957286,261.44524444444323,94.41141196581066,Projected
Belgium,BEL,Europe,Europe,15.311128205128199,14.533101239078773,16.089155171177627,2029,1364.429989743592,263.8926051282033,97.57567179487069,Projected
Belgium,BEL,Europe,Europe,15.350427350427339,14.56505014700406,16.135804553850615,2030,1364.9594529914552,266.33996581196425,100.7399316239298,Projected
Belgium,BEL,Europe,Europe,15.389726495726478,14.59664093436827,16.182812057084686,2031,1365.4889162393185,268.7873264957252,103.90419145298983,Projected
Belgium,BEL,Europe,Europe,15.429025641025632,14.627883938307724,16.23016734374354,2032,1366.018379487182,271.2346871794862,107.06845128204986,Projected
Belgium,BEL,Europe,Europe,15.468324786324771,14.658789541722275,16.27786003092727,2033,1366.5478427350454,273.6820478632462,110.2327111111099,Projected
Belgium,BEL,Europe,Europe,15.507623931623925,14.689368127553768,16.32587973569408,2034,1367.0773059829087,276.1294085470072,113.39697094016992,Projected
Belgium,BEL,Europe,Europe,15.546923076923065,14.71963003708992,16.37421611675621,2035,1367.6067692307722,278.57676923076815,116.56123076922904,Projected
Belgium,BEL,Europe,Europe,15.586222222222219,14.749585532350668,16.42285891209377,2036,1368.1362324786355,281.0241299145282,119.72549059828907,Projected
Belgium,BEL,Europe,Europe,15.625521367521358,14.779244762537456,16.47179797250526,2037,1368.6656957264988,283.47149059828917,122.8897504273491,Projected
Belgium,BEL,Europe,Europe,15.664820512820512,14.808617734462528,16.521023291178494,2038,1369.1951589743621,285.9188512820501,126.05401025640913,Projected
Belgium,BEL,Europe,Europe,15.704119658119652,14.837714286821798,16.570525029417503,2039,1369.7246222222257,288.3662119658111,129.21827008546916,Projected
Belgium,BEL,Europe,Europe,15.743418803418791,14.866544068134093,16.62029353870349,2040,1370.254085470089,290.81357264957114,132.3825299145292,Projected
Belgium,BEL,Europe,Europe,15.782717948717945,14.89511651813751,16.67031937929838,2041,1370.7835487179523,293.2609333333321,135.5467897435883,Projected
Belgium,BEL,Europe,Europe,15.822017094017085,14.923440852411922,16.720593335622247,2042,1371.3130119658156,295.70829401709307,138.71104957264834,Projected
Belgium,BEL,Europe,Europe,15.861316239316238,14.95152604998296,16.771106428649517,2043,1371.842475213679,298.1556547008531,141.87530940170836,Projected
Belgium,BEL,Europe,Europe,15.900615384615378,14.979380843655319,16.821849925575435,2044,1372.3719384615424,300.6030153846141,145.0395692307684,Projected
Belgium,BEL,Europe,Europe,15.939914529914532,15.007013712823188,16.872815347005876,2045,1372.9014017094057,303.05037606837504,148.20382905982842,Projected
Belgium,BEL,Europe,Europe,15.979213675213671,15.034432878508689,16.923994471918654,2046,1373.430864957269,305.497736752136,151.36808888888754,Projected
Belgium,BEL,Europe,Europe,16.018512820512825,15.06164630038774,16.97537934063791,2047,1373.9603282051326,307.94509743589606,154.53234871794757,Projected
Belgium,BEL,Europe,Europe,16.057811965811965,15.088661675572581,17.02696225605135,2048,1374.4897914529959,310.392458119657,157.6966085470076,Projected
Belgium,BEL,Europe,Europe,16.097111111111104,15.11548643893397,17.078735783288238,2049,1375.0192547008592,312.839818803418,160.86086837606763,Projected
Belgium,BEL,Europe,Europe,16.136410256410258,15.1421277647593,17.130692748061215,2050,1375.5487179487227,315.28717948717804,164.02512820512766,Projected
Benin,BEN,Africa,Africa,19.25646153846153,18.51516194607026,19.997761130852798,2026,1321.1535999999996,85.37855384615364,84.93473846153574,Projected
Benin,BEN,Africa,Africa,19.28232478632478,18.534948866119848,20.02970070652971,2027,1325.3601059829052,86.03206495726477,88.15204102563894,Projected
Benin,BEN,Africa,Africa,19.308188034188028,18.55435611223522,20.062019956140837,2028,1329.5666119658108,86.6855760683759,91.36934358974122,Projected
Benin,BEN,Africa,Africa,19.334051282051277,18.573393351679048,20.094709212423506,2029,1333.7731179487164,87.33908717948702,94.58664615384441,Projected
Benin,BEN,Africa,Africa,19.359914529914526,18.59207045228454,20.127758607544514,2030,1337.9796239316238,87.99259829059815,97.8039487179467,Projected
Benin,BEN,Africa,Africa,19.385777777777776,18.61039742717884,20.161158128376712,2031,1342.1861299145294,88.64610940170928,101.02125128204898,Projected
Benin,BEN,Africa,Africa,19.411641025641018,18.628384382727212,20.194897668554823,2032,1346.392635897435,89.29962051282041,104.23855384615217,Projected
Benin,BEN,Africa,Africa,19.437504273504267,18.646041470036874,20.22896707697166,2033,1350.5991418803405,89.95313162393154,107.45585641025446,Projected
Benin,BEN,Africa,Africa,19.463367521367516,18.66337884025601,20.263356202479024,2034,1354.805647863248,90.60664273504267,110.67315897435674,Projected
Benin,BEN,Africa,Africa,19.489230769230765,18.68040660380865,20.298054934652882,2035,1359.0121538461535,91.2601538461538,113.89046153845993,Projected
Benin,BEN,Africa,Africa,19.515094017094015,18.697134793620602,20.333053240567427,2036,1363.218659829059,91.9136649572647,117.10776410256221,Projected
Benin,BEN,Africa,Africa,19.540957264957264,18.713573332317843,20.368341197596685,2037,1367.4251658119647,92.56717606837583,120.3250666666645,Projected
Benin,BEN,Africa,Africa,19.566820512820513,18.729732003315867,20.40390902232516,2038,1371.631671794872,93.22068717948696,123.54236923076769,Projected
Benin,BEN,Africa,Africa,19.592683760683755,18.745620425666985,20.439747095700525,2039,1375.8381777777777,93.87419829059809,126.75967179486997,Projected
Benin,BEN,Africa,Africa,19.618547008547004,18.761248032492002,20.475845984602007,2040,1380.0446837606833,94.52770940170922,129.97697435897226,Projected
Benin,BEN,Africa,Africa,19.644410256410254,18.776624052791895,20.512196460028612,2041,1384.2511897435888,95.18122051282035,133.19427692307545,Projected
Benin,BEN,Africa,Africa,19.670273504273503,18.79175749641367,20.548789512133336,2042,1388.4576957264962,95.83473162393148,136.41157948717773,Projected
Benin,BEN,Africa,Africa,19.696136752136752,18.806657141930998,20.585616362342506,2043,1392.6642017094018,96.4882427350426,139.62888205128002,Projected
Benin,BEN,Africa,Africa,19.722,18.821331527193404,20.6226684728066,2044,1396.8707076923074,97.14175384615373,142.8461846153832,Projected
Benin,BEN,Africa,Africa,19.747863247863243,18.835788942297103,20.659937553429383,2045,1401.077213675213,97.79526495726486,146.0634871794855,Projected
Benin,BEN,Africa,Africa,19.773726495726493,18.850037424734342,20.697415566718643,2046,1405.2837196581204,98.44877606837599,149.28078974358777,Projected
Benin,BEN,Africa,Africa,19.799589743589742,18.864084756485497,20.735094730693987,2047,1409.490225641026,99.10228717948712,152.49809230769097,Projected
Benin,BEN,Africa,Africa,19.82545299145299,18.877938462828926,20.772967520077056,2048,1413.6967316239316,99.75579829059825,155.71539487179325,Projected
Benin,BEN,Africa,Africa,19.85131623931624,18.89160581265586,20.81102666597662,2049,1417.9032376068371,100.40930940170938,158.93269743589553,Projected
Benin,BEN,Africa,Africa,19.87717948717949,18.905093820091555,20.849265154267425,2050,1422.1097435897427,101.06282051282051,162.14999999999873,Projected
Burkina Faso,BFA,Africa,Africa,23.81735384615383,22.915206098268314,24.719501594039343,2026,678.5921846153838,33.98443076923064,86.46950769230716,Projected
Burkina Faso,BFA,Africa,Africa,23.853511111111082,22.94396858585246,24.763053636369705,2027,678.8420615384606,34.24381880341872,89.63038290598251,Projected
Burkina Faso,BFA,Africa,Africa,23.88966837606835,22.972269017355377,24.807067734781324,2028,679.0919384615374,34.50320683760668,92.79125811965696,Projected
Burkina Faso,BFA,Africa,Africa,23.925825641025618,23.00011915765504,24.851532124396197,2029,679.3418153846144,34.76259487179476,95.95213333333231,Projected
Burkina Faso,BFA,Africa,Africa,23.961982905982886,23.027531015720005,24.896434796245767,2030,679.5916923076912,35.02198290598284,99.11300854700767,Projected
Burkina Faso,BFA,Africa,Africa,23.998140170940154,23.05451677733885,24.941763564541457,2031,679.8415692307681,35.2813709401708,102.27388376068302,Projected
Burkina Faso,BFA,Africa,Africa,24.034297435897408,23.081088741769193,24.987506130025622,2032,680.091446153845,35.54075897435888,105.43475897435837,Projected
Burkina Faso,BFA,Africa,Africa,24.070454700854675,23.10725926271878,25.03365013899057,2033,680.3413230769218,35.800147008546844,108.59563418803373,Projected
Burkina Faso,BFA,Africa,Africa,24.106611965811943,23.13304069394522,25.080183237678668,2034,680.5911999999987,36.05953504273492,111.75650940170908,Projected
Burkina Faso,BFA,Africa,Africa,24.14276923076921,23.158445339645564,25.12709312189286,2035,680.8410769230757,36.318923076923,114.91738461538444,Projected
Burkina Faso,BFA,Africa,Africa,24.17892649572648,23.183485409703,25.17436758174996,2036,681.0909538461524,36.57831111111096,118.07825982905888,Projected
Burkina Faso,BFA,Africa,Africa,24.215083760683733,23.208172979767852,25.221994541599614,2037,681.3408307692293,36.83769914529904,121.23913504273423,Projected
Burkina Faso,BFA,Africa,Africa,24.251241025641,23.23251995607394,25.26996209520806,2038,681.5907076923062,37.09708717948712,124.40001025640959,Projected
Burkina Faso,BFA,Africa,Africa,24.28739829059827,23.25653804482812,25.31825853636842,2039,681.840584615383,37.35647521367508,127.56088547008494,Projected
Burkina Faso,BFA,Africa,Africa,24.323555555555537,23.28023872596208,25.366872385148994,2040,682.09046153846,37.61586324786316,130.7217606837603,Projected
Burkina Faso,BFA,Africa,Africa,24.35971282051279,23.303633230997495,25.415792410028086,2041,682.3403384615368,37.87525128205124,133.88263589743565,Projected
Burkina Faso,BFA,Africa,Africa,24.395870085470058,23.3267325247498,25.465007646190315,2042,682.5902153846137,38.1346393162392,137.043511111111,Projected
Burkina Faso,BFA,Africa,Africa,24.432027350427326,23.349547290579043,25.51450741027561,2043,682.8400923076906,38.39402735042728,140.20438632478636,Projected
Burkina Faso,BFA,Africa,Africa,24.468184615384594,23.372087918888514,25.564281311880674,2044,683.0899692307675,38.65341538461524,143.3652615384608,Projected
Burkina Faso,BFA,Africa,Africa,24.504341880341862,23.39436449857036,25.614319262113362,2045,683.3398461538443,38.91280341880332,146.52613675213615,Projected
Burkina Faso,BFA,Africa,Africa,24.540499145299115,23.416386811102385,25.664611479495846,2046,683.5897230769212,39.1721914529914,149.6870119658115,Projected
Burkina Faso,BFA,Africa,Africa,24.576656410256383,23.43816432700928,25.715148493503488,2047,683.839599999998,39.43157948717936,152.84788717948686,Projected
Burkina Faso,BFA,Africa,Africa,24.61281367521365,23.459706204414136,25.765921146013167,2048,684.0894769230749,39.69096752136744,156.00876239316221,Projected
Burkina Faso,BFA,Africa,Africa,24.64897094017092,23.481021289421715,25.816920590920123,2049,684.3393538461519,39.95035555555552,159.16963760683757,Projected
Burkina Faso,BFA,Africa,Africa,24.685128205128187,23.502118118091342,25.868138292165032,2050,684.5892307692287,40.20974358974348,162.33051282051292,Projected
Bangladesh,BGD,Asia,Asia,16.996492307692293,16.23446084934663,17.758523766037957,2026,978.690215384614,64.4255999999998,86.57839999999851,Projected
Bangladesh,BGD,Asia,Asia,17.04905299145298,16.28077526912342,17.817330713782543,2027,981.3617982905971,64.97855042735023,89.79158632478448,Projected
Bangladesh,BGD,Asia,Asia,17.10161367521367,16.326699396655677,17.876527953771664,2028,984.0333811965793,65.53150085470065,93.00477264957044,Projected
Bangladesh,BGD,Asia,Asia,17.154174358974345,16.372243169569618,17.93610554837907,2029,986.7049641025624,66.08445128205108,96.21795897435732,Projected
Bangladesh,BGD,Asia,Asia,17.206735042735033,16.417416731671366,17.9960533537987,2030,989.3765470085455,66.6374017094015,99.43114529914328,Projected
Bangladesh,BGD,Asia,Asia,17.259295726495722,16.46223037612438,18.056361076867063,2031,992.0481299145285,67.19035213675193,102.64433162393016,Projected
Bangladesh,BGD,Asia,Asia,17.31185641025641,16.50669449193783,18.117018328574993,2032,994.7197128205116,67.74330256410235,105.85751794871612,Projected
Bangladesh,BGD,Asia,Asia,17.364417094017085,16.550819514114096,18.178014673920075,2033,997.3912957264947,68.29625299145277,109.070704273503,Projected
Bangladesh,BGD,Asia,Asia,17.416977777777774,16.594615877697755,18.239339677857792,2034,1000.0628786324769,68.8492034188032,112.28389059828896,Projected
Bangladesh,BGD,Asia,Asia,17.469538461538463,16.638093975870227,18.3009829472067,2035,1002.73446153846,69.40215384615362,115.49707692307493,Projected
Bangladesh,BGD,Asia,Asia,17.522099145299137,16.681264122147336,18.362934168450938,2036,1005.4060444444431,69.95510427350405,118.7102632478618,Projected
Bangladesh,BGD,Asia,Asia,17.574659829059826,16.72413651666037,18.425183141459282,2037,1008.0776273504262,70.5080547008547,121.92344957264777,Projected
Bangladesh,BGD,Asia,Asia,17.627220512820514,16.766721216436796,18.487719809204233,2038,1010.7492102564092,71.06100512820512,125.13663589743464,Projected
Bangladesh,BGD,Asia,Asia,17.679781196581203,16.809028109544197,18.55053428361821,2039,1013.4207931623923,71.61395555555555,128.3498222222206,Projected
Bangladesh,BGD,Asia,Asia,17.732341880341878,16.851066892918677,18.613616867765078,2040,1016.0923760683745,72.16690598290597,131.56300854700748,Projected
Bangladesh,BGD,Asia,Asia,17.784902564102566,16.892847053667975,18.676958074537158,2041,1018.7639589743576,72.7198564102564,134.77619487179345,Projected
Bangladesh,BGD,Asia,Asia,17.837463247863255,16.934377853616752,18.740548642109758,2042,1021.4355418803407,73.27280683760682,137.98938119657942,Projected
Bangladesh,BGD,Asia,Asia,17.89002393162393,16.975668316848324,18.804379546399534,2043,1024.1071247863238,73.82575726495725,141.2025675213663,Projected
Bangladesh,BGD,Asia,Asia,17.942584615384618,17.01672721998959,18.868442010779646,2044,1026.7787076923069,74.37870769230767,144.41575384615226,Projected
Bangladesh,BGD,Asia,Asia,17.995145299145307,17.05756308498522,18.932727513305394,2045,1029.45029059829,74.9316581196581,147.62894017093913,Projected
Bangladesh,BGD,Asia,Asia,18.047705982905995,17.098184174111335,18.997227791700656,2046,1032.1218735042721,75.48460854700852,150.8421264957251,Projected
Bangladesh,BGD,Asia,Asia,18.10026666666667,17.13859848698633,19.06193484634701,2047,1034.7934564102552,76.03755897435894,154.05531282051197,Projected
Bangladesh,BGD,Asia,Asia,18.15282735042736,17.178813759347438,19.12684094150728,2048,1037.4650393162383,76.59050940170937,157.26849914529794,Projected
Bangladesh,BGD,Asia,Asia,18.205388034188047,17.218837463374374,19.19193860500172,2049,1040.1366222222214,77.1434598290598,160.4816854700839,Projected
Bangladesh,BGD,Asia,Asia,18.25794871794872,17.25867680935585,19.257220626541592,2050,1042.8082051282045,77.69641025641022,163.69487179487078,Projected
Bulgaria,BGR,Europe,Europe,5.428646153846131,4.889610078776632,5.96768222891563,2026,1463.9859999999999,5.2273846153845795,85.92599999999857,Projected
Bulgaria,BGR,Europe,Europe,5.468916239316215,4.925461761850261,6.0123707167821685,2027,1467.371059829059,5.316735042735019,89.11447863247668,Projected
Bulgaria,BGR,Europe,Europe,5.509186324786299,4.961037364983463,6.057335284589135,2028,1470.7561196581191,5.406085470085429,92.3029572649557,Projected
Bulgaria,BGR,Europe,Europe,5.549456410256383,4.99634391772729,6.1025689027854755,2029,1474.1411794871792,5.495435897435868,95.4914358974338,Projected
Bulgaria,BGR,Europe,Europe,5.589726495726481,5.031388595477685,6.148064395975277,2030,1477.5262393162393,5.584786324786307,98.67991452991282,Projected
Bulgaria,BGR,Europe,Europe,5.629996581196565,5.0661786792810615,6.193814483112068,2031,1480.9112991452994,5.674136752136718,101.86839316239184,Projected
Bulgaria,BGR,Europe,Europe,5.670266666666649,5.100721517981979,6.2398118153513185,2032,1484.2963589743595,5.763487179487157,105.05687179486995,Projected
Bulgaria,BGR,Europe,Europe,5.710536752136733,5.135024492959086,6.28604901131438,2033,1487.6814188034186,5.852837606837596,108.24535042734897,Projected
Bulgaria,BGR,Europe,Europe,5.750806837606817,5.169094985620841,6.332518689592792,2034,1491.0664786324787,5.942188034188007,111.43382905982708,Projected
Bulgaria,BGR,Europe,Europe,5.791076923076901,5.2029403477631195,6.379213498390682,2035,1494.4515384615388,6.031538461538446,114.6223076923061,Projected
Bulgaria,BGR,Europe,Europe,5.8313470085469845,5.236567874828958,6.426126142265011,2036,1497.8365982905989,6.120888888888857,117.81078632478511,Projected
Bulgaria,BGR,Europe,Europe,5.871617094017083,5.269984782056872,6.473249405977294,2037,1501.221658119659,6.210239316239296,120.99926495726322,Projected
Bulgaria,BGR,Europe,Europe,5.911887179487167,5.303198183458418,6.520576175515915,2038,1504.606717948719,6.299589743589735,124.18774358974224,Projected
Bulgaria,BGR,Europe,Europe,5.9521572649572505,5.3362150735284954,6.568099456386006,2039,1507.9917777777782,6.388940170940145,127.37622222222126,Projected
Bulgaria,BGR,Europe,Europe,5.992427350427334,5.369042311561862,6.615812389292807,2040,1511.3768376068383,6.4782905982905845,130.56470085469937,Projected
Bulgaria,BGR,Europe,Europe,6.032697435897418,5.401686608427533,6.663708263367304,2041,1514.7618974358984,6.567641025641024,133.7531794871784,Projected
Bulgaria,BGR,Europe,Europe,6.072967521367502,5.434154515636693,6.711780527098312,2042,1518.1469572649585,6.656991452991434,136.9416581196565,Projected
Bulgaria,BGR,Europe,Europe,6.113237606837586,5.466452416530087,6.760022797145085,2043,1521.5320170940186,6.746341880341873,140.1301367521355,Projected
Bulgaria,BGR,Europe,Europe,6.15350769230767,5.498586519405879,6.8084288652094616,2044,1524.9170769230786,6.835692307692284,143.31861538461453,Projected
Bulgaria,BGR,Europe,Europe,6.193777777777768,5.530562852408407,6.85699270314713,2045,1528.3021367521378,6.925042735042723,146.50709401709264,Projected
Bulgaria,BGR,Europe,Europe,6.234047863247852,5.56238726000095,6.905708466494755,2046,1531.687196581198,7.014393162393162,149.69557264957166,Projected
Bulgaria,BGR,Europe,Europe,6.274317948717936,5.594065400851359,6.954570496584513,2047,1535.072256410258,7.103743589743573,152.88405128204977,Projected
Bulgaria,BGR,Europe,Europe,6.31458803418802,5.6256027469665675,7.003573321409473,2048,1538.457316239318,7.193094017094012,156.0725299145288,Projected
Bulgaria,BGR,Europe,Europe,6.354858119658104,5.6570045839215854,7.0527116553946225,2049,1541.8423760683781,7.282444444444451,159.2610085470078,Projected
Bulgaria,BGR,Europe,Europe,6.395128205128188,5.688276012038314,7.101980398218062,2050,1545.2274358974382,7.371794871794862,162.4494871794859,Projected
Bahrain,BHR,Asia,Asia,15.248492307692288,14.46187420837777,16.035110407006805,2026,1905.0627076923074,47.89809230769197,88.38916923076704,Projected
Bahrain,BHR,Asia,Asia,15.289805128205103,14.496739231691377,16.082871024718827,2027,1907.2866974358967,48.3823384615381,91.6135521367496,Projected
Bahrain,BHR,Asia,Asia,15.331117948717932,14.53120137013691,16.131034527298954,2028,1909.510687179487,48.86658461538423,94.83793504273308,Projected
Bahrain,BHR,Asia,Asia,15.372430769230746,14.565270881974124,16.17959065648737,2029,1911.7346769230762,49.35083076923047,98.06231794871564,Projected
Bahrain,BHR,Asia,Asia,15.413743589743575,14.598958238294994,16.228528941192156,2030,1913.9586666666664,49.8350769230766,101.28670085469912,Projected
Bahrain,BHR,Asia,Asia,15.45505641025639,14.632274064367778,16.277838756145,2031,1916.1826564102557,50.31932307692273,104.51108376068169,Projected
Bahrain,BHR,Asia,Asia,15.496369230769218,14.665229084398913,16.327509377139524,2032,1918.406646153846,50.80356923076886,107.73546666666516,Projected
Bahrain,BHR,Asia,Asia,15.537682051282033,14.697834070071954,16.377530032492114,2033,1920.6306358974362,51.2878153846151,110.95984957264773,Projected
Bahrain,BHR,Asia,Asia,15.578994871794862,14.73009979311402,16.427889950475706,2034,1922.8546256410255,51.77206153846123,114.18423247863029,Projected
Bahrain,BHR,Asia,Asia,15.620307692307676,14.762036982038374,16.47857840257698,2035,1925.0786153846157,52.25630769230736,117.40861538461377,Projected
Bahrain,BHR,Asia,Asia,15.661620512820505,14.793656283122361,16.52958474251865,2036,1927.302605128205,52.74055384615349,120.63299829059633,Projected
Bahrain,BHR,Asia,Asia,15.70293333333332,14.82496822560037,16.58089844106627,2037,1929.5265948717952,53.22479999999962,123.85738119657981,Projected
Bahrain,BHR,Asia,Asia,15.744246153846134,14.85598319098588,16.632509116706387,2038,1931.7505846153845,53.70904615384586,127.08176410256237,Projected
Bahrain,BHR,Asia,Asia,15.785558974358963,14.886711386381041,16.684406562336886,2039,1933.9745743589747,54.19329230769199,130.30614700854494,Projected
Bahrain,BHR,Asia,Asia,15.826871794871778,14.91716282158972,16.736580768153836,2040,1936.198564102565,54.67753846153812,133.53052991452842,Projected
Bahrain,BHR,Asia,Asia,15.868184615384607,14.9473472898174,16.789021940951812,2041,1938.4225538461542,55.16178461538425,136.75491282051098,Projected
Bahrain,BHR,Asia,Asia,15.909497435897421,14.977274351717806,16.841720520077036,2042,1940.6465435897444,55.64603076923049,139.97929572649446,Projected
Bahrain,BHR,Asia,Asia,15.95081025641025,15.006953322532743,16.894667190287755,2043,1942.8705333333337,56.13027692307662,143.20367863247702,Projected
Bahrain,BHR,Asia,Asia,15.992123076923065,15.036393262063422,16.94785289178271,2044,1945.094523076924,56.61452307692275,146.4280615384596,Projected
Bahrain,BHR,Asia,Asia,16.033435897435893,15.065602967211692,17.001268827660095,2045,1947.3185128205132,57.09876923076888,149.65244444444306,Projected
Bahrain,BHR,Asia,Asia,16.074748717948708,15.094590966832701,17.054906469064715,2046,1949.5425025641034,57.58301538461512,152.87682735042563,Projected
Bahrain,BHR,Asia,Asia,16.116061538461537,15.12336551864937,17.108757558273705,2047,1951.7664923076927,58.06726153846125,156.1012102564091,Projected
Bahrain,BHR,Asia,Asia,16.15737435897435,15.151934607989359,17.162814109959346,2048,1953.990482051283,58.55150769230738,159.32559316239167,Projected
Bahrain,BHR,Asia,Asia,16.198687179487166,15.180305948119306,17.217068410855028,2049,1956.2144717948731,59.03575384615351,162.54997606837424,Projected
Bahrain,BHR,Asia,Asia,16.239999999999995,15.208486981965041,17.27151301803495,2050,1958.4384615384624,59.51999999999964,165.7743589743577,Projected
The Bahamas,BHS,North America,Americas,23.536923076923046,22.72520385798778,24.348642295858312,2026,1718.564092307688,42.80987692307667,84.53892307692058,Projected
The Bahamas,BHS,North America,Americas,23.58461538461536,22.7662426181569,24.40298815107382,2027,1724.0528854700806,43.26881367521344,87.6928034188013,Projected
The Bahamas,BHS,North America,Americas,23.632307692307663,22.806865637332088,24.457749747283238,2028,1729.541678632475,43.7277504273502,90.84668376068203,Projected
The Bahamas,BHS,North America,Americas,23.67999999999998,22.847083501115993,24.512916498883964,2029,1735.0304717948675,44.18668717948697,94.00056410256184,Projected
The Bahamas,BHS,North America,Americas,23.72769230769228,22.886907014734895,24.568477600649665,2030,1740.51926495726,44.64562393162373,97.15444444444256,Projected
The Bahamas,BHS,North America,Americas,23.775384615384596,22.926347142511254,24.624422088257937,2031,1746.0080581196544,45.104560683760496,100.30832478632328,Projected
The Bahamas,BHS,North America,Americas,23.823076923076897,22.965414950862733,24.68073889529106,2032,1751.496851282047,45.56349743589726,103.4622051282031,Projected
The Bahamas,BHS,North America,Americas,23.870769230769213,23.004121555199227,24.7374169063392,2033,1756.9856444444395,46.02243418803391,106.61608547008382,Projected
The Bahamas,BHS,North America,Americas,23.918461538461514,23.04247807097548,24.794445005947548,2034,1762.4744376068338,46.48137094017068,109.76996581196363,Projected
The Bahamas,BHS,North America,Americas,23.96615384615383,23.080495569053525,24.851812123254135,2035,1767.9632307692264,46.94030769230744,112.92384615384435,Projected
The Bahamas,BHS,North America,Americas,24.01384615384613,23.118185035435193,24.90950727225707,2036,1773.452023931619,47.39924444444421,116.07772649572507,Projected
The Bahamas,BHS,North America,Americas,24.061538461538447,23.155557335344632,24.967519587732262,2037,1778.9408170940133,47.85818119658097,119.23160683760489,Projected
The Bahamas,BHS,North America,Americas,24.10923076923075,23.19262318157116,25.025838356890336,2038,1784.4296102564058,48.31711794871774,122.38548717948561,Projected
The Bahamas,BHS,North America,Americas,24.156923076923064,23.229393106927343,25.084453046918785,2039,1789.9184034187983,48.7760547008545,125.53936752136542,Projected
The Bahamas,BHS,North America,Americas,24.204615384615366,23.265877440631616,25.143353328599115,2040,1795.4071965811909,49.23499145299127,128.69324786324614,Projected
The Bahamas,BHS,North America,Americas,24.25230769230768,23.30208628839235,25.202529096223014,2041,1800.8959897435852,49.69392820512803,131.84712820512686,Projected
The Bahamas,BHS,North America,Americas,24.299999999999983,23.338029515945376,25.26197048405459,2042,1806.3847829059778,50.152864957264796,135.00100854700668,Projected
The Bahamas,BHS,North America,Americas,24.3476923076923,23.373716735783482,25.321667879601115,2043,1811.8735760683703,50.61180170940145,138.1548888888874,Projected
The Bahamas,BHS,North America,Americas,24.3953846153846,23.4091572968077,25.3816119339615,2044,1817.3623692307647,51.07073846153821,141.30876923076812,Projected
The Bahamas,BHS,North America,Americas,24.443076923076916,23.44436027663054,25.44179356952329,2045,1822.8511623931572,51.52967521367498,144.46264957264793,Projected
The Bahamas,BHS,North America,Americas,24.490769230769217,23.47933447626439,25.502203985274043,2046,1828.3399555555497,51.98861196581174,147.61652991452866,Projected
The Bahamas,BHS,North America,Americas,24.538461538461533,23.514088416937543,25.562834659985523,2047,1833.828748717944,52.44754871794851,150.77041025640847,Projected
The Bahamas,BHS,North America,Americas,24.586153846153834,23.548630338790847,25.623677353516822,2048,1839.3175418803366,52.90648547008527,153.9242905982892,Projected
The Bahamas,BHS,North America,Americas,24.633846153846136,23.582968201222606,25.684724106469666,2049,1844.8063350427292,53.36542222222204,157.0781709401699,Projected
The Bahamas,BHS,North America,Americas,24.68153846153845,23.617109684663703,25.7459672384132,2050,1850.2951282051235,53.8243589743588,160.23205128204972,Projected
Bosnia and Herzegovina,BIH,Europe,Europe,7.762861538461507,6.955530192320118,8.570192884602896,2026,889.8085538461551,626.4997538461521,88.15710769230554,Projected
Bosnia and Herzegovina,BIH,Europe,Europe,7.815552136752103,7.001603209859622,8.629501063644584,2027,891.6777059829074,632.321986324785,91.3596854700836,Projected
Bosnia and Herzegovina,BIH,Europe,Europe,7.868242735042699,7.047262733756944,8.689222736328453,2028,893.5468581196596,638.1442188034162,94.56226324786167,Projected
Bosnia and Herzegovina,BIH,Europe,Europe,7.920933333333295,7.092519292392608,8.749347374273983,2029,895.4160102564115,643.9664512820491,97.76484102563882,Projected
Bosnia and Herzegovina,BIH,Europe,Europe,7.973623931623905,7.137383632583625,8.809864230664186,2030,897.2851623931638,649.788683760682,100.96741880341688,Projected
Bosnia and Herzegovina,BIH,Europe,Europe,8.026314529914501,7.181866659383074,8.870762400445928,2031,899.1543145299161,655.610916239315,104.16999658119494,Projected
Bosnia and Herzegovina,BIH,Europe,Europe,8.079005128205097,7.225979379387437,8.932030877022758,2032,901.0234666666684,661.4331487179479,107.37257435897209,Projected
Bosnia and Herzegovina,BIH,Europe,Europe,8.131695726495693,7.269732847920532,8.993658605070852,2033,902.8926188034206,667.255381196579,110.57515213675015,Projected
Bosnia and Herzegovina,BIH,Europe,Europe,8.184386324786288,7.313138120350831,9.055634529221745,2034,904.7617709401729,673.077613675212,113.77772991452821,Projected
Bosnia and Herzegovina,BIH,Europe,Europe,8.237076923076884,7.356206207695096,9.117947638458674,2035,906.6309230769252,678.8998461538449,116.98030769230627,Projected
Bosnia and Herzegovina,BIH,Europe,Europe,8.289767521367494,7.398948036568685,9.180587006166304,2036,908.5000752136775,684.7220786324779,120.18288547008342,Projected
Bosnia and Herzegovina,BIH,Europe,Europe,8.34245811965809,7.4413744134620465,9.243541825854134,2037,910.3692273504298,690.544311111109,123.38546324786148,Projected
Bosnia and Herzegovina,BIH,Europe,Europe,8.395148717948686,7.483495993254924,9.306801442642449,2038,912.2383794871821,696.3665435897419,126.58804102563954,Projected
Bosnia and Herzegovina,BIH,Europe,Europe,8.447839316239282,7.525323251823111,9.370355380655452,2039,914.1075316239344,702.1887760683749,129.7906188034167,Projected
Bosnia and Herzegovina,BIH,Europe,Europe,8.500529914529878,7.566866462548904,9.434193366510852,2040,915.9766837606867,708.0110085470078,132.99319658119475,Projected
Bosnia and Herzegovina,BIH,Europe,Europe,8.553220512820488,7.608135676512692,9.498305349128284,2041,917.845835897439,713.8332410256407,136.1957743589728,Projected
Bosnia and Herzegovina,BIH,Europe,Europe,8.605911111111084,7.64914070611957,9.562681516102598,2042,919.7149880341908,719.6554735042719,139.39835213675087,Projected
Bosnia and Herzegovina,BIH,Europe,Europe,8.65860170940168,7.689891111900495,9.627312306902864,2043,921.5841401709431,725.4777059829048,142.60092991452802,Projected
Bosnia and Herzegovina,BIH,Europe,Europe,8.711292307692275,7.730396192219616,9.692188423164936,2044,923.4532923076954,731.2999384615377,145.80350769230608,Projected
Bosnia and Herzegovina,BIH,Europe,Europe,8.763982905982871,7.770664975618986,9.757300836346758,2045,925.3224444444477,737.1221709401707,149.00608547008414,Projected
Bosnia and Herzegovina,BIH,Europe,Europe,8.816673504273481,7.810706215535812,9.82264079301115,2046,927.1915965812,742.9444034188018,152.2086632478622,Projected
Bosnia and Herzegovina,BIH,Europe,Europe,8.869364102564077,7.8505283871355225,9.888199817992632,2047,929.0607487179523,748.7666358974348,155.41124102563936,Projected
Bosnia and Herzegovina,BIH,Europe,Europe,8.922054700854673,7.890139686015658,9.953969715693688,2048,930.9299008547046,754.5888683760677,158.61381880341742,Projected
Bosnia and Herzegovina,BIH,Europe,Europe,8.974745299145269,7.929548028548768,10.019942569741769,2049,932.7990529914568,760.4111008547006,161.81639658119548,Projected
Bosnia and Herzegovina,BIH,Europe,Europe,9.027435897435865,7.968761053647971,10.086110741223758,2050,934.6682051282091,766.2333333333336,165.01897435897263,Projected
Saint Barthelemy,BLM,North America,Americas,15.402092307692293,14.786702829879628,16.017481785504955,2026,198.15649230769122,8.953292307692315,89.9113846153823,Projected
Saint Barthelemy,BLM,North America,Americas,15.437005128205108,14.816571389962991,16.057438866447225,2027,200.28358290598226,8.94376410256411,93.12097435897249,Projected
Saint Barthelemy,BLM,North America,Americas,15.471917948717937,14.846124763923896,16.09771113351198,2028,202.4106735042733,8.934235897435904,96.33056410256177,Projected
Saint Barthelemy,BLM,North America,Americas,15.506830769230753,14.875370977035484,16.13829056142602,2029,204.53776410256341,8.924707692307699,99.54015384615195,Projected
Saint Barthelemy,BLM,North America,Americas,15.541743589743582,14.904318221074472,16.179168958412692,2030,206.66485470085445,8.915179487179493,102.74974358974123,Projected
Saint Barthelemy,BLM,North America,Americas,15.576656410256398,14.93297480843322,16.220338012079576,2031,208.79194529914457,8.905651282051288,105.95933333333141,Projected
Saint Barthelemy,BLM,North America,Americas,15.611569230769213,14.961349128905706,16.26178933263272,2032,210.9190358974356,8.896123076923086,109.16892307692069,Projected
Saint Barthelemy,BLM,North America,Americas,15.646482051282042,14.989449609428396,16.30351449313569,2033,213.04612649572573,8.88659487179488,112.37851282051088,Projected
Saint Barthelemy,BLM,North America,Americas,15.681394871794858,15.017284676971753,16.345505066617964,2034,215.17321709401676,8.877066666666675,115.58810256410015,Projected
Saint Barthelemy,BLM,North America,Americas,15.716307692307687,15.044862724699144,16.38775265991623,2035,217.3003076923078,8.86753846153847,118.79769230769034,Projected
Saint Barthelemy,BLM,North America,Americas,15.751220512820503,15.072192081438775,16.43024894420223,2036,219.42739829059792,8.858010256410264,122.00728205127962,Projected
Saint Barthelemy,BLM,North America,Americas,15.786133333333318,15.099280984453543,16.472985682213093,2037,221.55448888888895,8.848482051282058,125.2168717948698,Projected
Saint Barthelemy,BLM,North America,Americas,15.821046153846147,15.126137555440835,16.51595475225146,2038,223.68157948717908,8.838953846153853,128.42646153846,Projected
Saint Barthelemy,BLM,North America,Americas,15.855958974358963,15.152769779651988,16.55914816906594,2039,225.8086700854701,8.829425641025647,131.63605128204927,Projected
Saint Barthelemy,BLM,North America,Americas,15.890871794871792,15.179185487987436,16.60255810175615,2040,227.93576068376024,8.819897435897442,134.84564102563945,Projected
Saint Barthelemy,BLM,North America,Americas,15.925784615384607,15.2053923418976,16.646176888871615,2041,230.06285128205127,8.810369230769236,138.05523076922873,Projected
Saint Barthelemy,BLM,North America,Americas,15.960697435897437,15.231397820902401,16.689997050892472,2042,232.1899418803423,8.80084102564103,141.26482051281891,Projected
Saint Barthelemy,BLM,North America,Americas,15.995610256410252,15.257209212530253,16.734011300290252,2043,234.31703247863243,8.791312820512829,144.4744102564082,Projected
Saint Barthelemy,BLM,North America,Americas,16.030523076923068,15.282833604472588,16.778212549373546,2044,236.44412307692346,8.781784615384623,147.68399999999838,Projected
Saint Barthelemy,BLM,North America,Americas,16.065435897435897,15.30827787874857,16.822593916123225,2045,238.57121367521358,8.772256410256418,150.89358974358765,Projected
Saint Barthelemy,BLM,North America,Americas,16.100348717948712,15.333548707678235,16.867148728219192,2046,240.69830427350462,8.762728205128212,154.10317948717784,Projected
Saint Barthelemy,BLM,North America,Americas,16.135261538461542,15.358652551468651,16.911870525454432,2047,242.82539487179474,8.753200000000007,157.31276923076712,Projected
Saint Barthelemy,BLM,North America,Americas,16.170174358974357,15.383595657225776,16.95675306072294,2048,244.95248547008578,8.743671794871801,160.5223589743573,Projected
Saint Barthelemy,BLM,North America,Americas,16.205087179487172,15.40838405921596,17.001790299758383,2049,247.0795760683768,8.734143589743596,163.7319487179475,Projected
Saint Barthelemy,BLM,North America,Americas,16.240000000000002,15.433023580211715,17.046976419788287,2050,249.20666666666693,8.72461538461539,166.94153846153677,Projected
Belarus,BLR,Europe,Europe,17.2384923076923,16.584447206874128,17.892537408510474,2026,957.7032923076913,50.40316923076898,87.42883076922863,Projected
Belarus,BLR,Europe,Europe,17.249634188034182,16.590227972117226,17.90904040395114,2027,960.6170119658109,50.837022222222004,90.7207384615358,Projected
Belarus,BLR,Europe,Europe,17.260776068376064,16.595673752855905,17.925878383896222,2028,963.5307316239305,51.270875213675026,94.01264615384389,Projected
Belarus,BLR,Europe,Europe,17.271917948717945,16.600793078469998,17.943042818965893,2029,966.4444512820501,51.70472820512805,97.30455384615198,Projected
Belarus,BLR,Europe,Europe,17.283059829059823,16.605594655301747,17.9605250028179,2030,969.3581709401706,52.13858119658096,100.59646153845915,Projected
Belarus,BLR,Europe,Europe,17.294201709401705,16.61008731788557,17.97831610091784,2031,972.2718905982902,52.57243418803398,103.88836923076724,Projected
Belarus,BLR,Europe,Europe,17.305343589743586,16.614279983019422,17.99640719646775,2032,975.1856102564097,53.006287179487,107.18027692307442,Projected
Belarus,BLR,Europe,Europe,17.316485470085468,16.61818160697685,18.014789333194084,2033,978.0993299145293,53.440140170940026,110.4721846153825,Projected
Belarus,BLR,Europe,Europe,17.327627350427345,16.621801146067575,18.033453554787116,2034,981.0130495726489,53.873993162392935,113.76409230769059,Projected
Belarus,BLR,Europe,Europe,17.338769230769227,16.625147520670584,18.05239094086787,2035,983.9267692307685,54.30784615384596,117.05599999999777,Projected
Belarus,BLR,Europe,Europe,17.34991111111111,16.628229582788546,18.07159263943367,2036,986.8404888888881,54.74169914529898,120.34790769230585,Projected
Belarus,BLR,Europe,Europe,17.36105299145299,16.631056087107112,18.091049895798868,2037,989.7542085470077,55.175552136752,123.63981538461303,Projected
Belarus,BLR,Europe,Europe,17.372194871794868,16.63363566548719,18.110754078102545,2038,992.6679282051282,55.60940512820491,126.93172307692112,Projected
Belarus,BLR,Europe,Europe,17.38333675213675,16.635976804772845,18.130696699500653,2039,995.5816478632478,56.043258119657935,130.2236307692292,Projected
Belarus,BLR,Europe,Europe,17.39447863247863,16.638087827761638,18.150869437195624,2040,998.4953675213674,56.47711111111096,133.51553846153638,Projected
Belarus,BLR,Europe,Europe,17.405620512820512,16.63997687715719,18.171264148483836,2041,1001.409087179487,56.91096410256398,136.80744615384447,Projected
Belarus,BLR,Europe,Europe,17.41676239316239,16.641651902304616,18.191872884020164,2042,1004.3228068376065,57.34481709401689,140.09935384615164,Projected
Belarus,BLR,Europe,Europe,17.42790427350427,16.643120648497675,18.212687898510868,2043,1007.2365264957261,57.77867008546991,143.39126153845973,Projected
Belarus,BLR,Europe,Europe,17.439046153846153,16.644390648640346,18.23370165905196,2044,1010.1502461538457,58.212523076922935,146.68316923076782,Projected
Belarus,BLR,Europe,Europe,17.450188034188034,16.645469217045058,18.25490685133101,2045,1013.0639658119662,58.64637606837596,149.975076923075,Projected
Belarus,BLR,Europe,Europe,17.461329914529912,16.646363445152932,18.276296383906892,2046,1015.9776854700858,59.080229059828866,153.26698461538308,Projected
Belarus,BLR,Europe,Europe,17.472471794871794,16.64708019896822,18.29786339077537,2047,1018.8914051282054,59.51408205128189,156.55889230769026,Projected
Belarus,BLR,Europe,Europe,17.483613675213675,16.647626118008173,18.319601232419178,2048,1021.805124786325,59.94793504273491,159.85079999999834,Projected
Belarus,BLR,Europe,Europe,17.494755555555557,16.648007615580926,18.341503495530187,2049,1024.7188444444446,60.381788034187934,163.14270769230643,Projected
Belarus,BLR,Europe,Europe,17.505897435897438,16.648230880215788,18.36356399157909,2050,1027.6325641025642,60.81564102564096,166.4346153846136,Projected
Belize,BLZ,North America,Americas,25.020153846153832,24.03214138948713,26.008166302820534,2026,930.9291076923091,3.943815384615448,83.08390769230573,Projected
Belize,BLZ,North America,Americas,25.051333333333318,24.055222278431426,26.04744438823521,2027,928.6788136752148,3.928314529914598,86.26542222222088,Projected
Belize,BLZ,North America,Americas,25.082512820512804,24.077797133674462,26.087228507351146,2028,926.4285196581204,3.912813675213748,89.44693675213512,Projected
Belize,BLZ,North America,Americas,25.11369230769229,24.09987883985296,26.12750577553162,2029,924.1782256410261,3.897312820512898,92.62845128204935,Projected
Belize,BLZ,North America,Americas,25.144871794871776,24.12148054892629,26.168263040817262,2030,921.9279316239326,3.8818119658120445,95.8099658119645,Projected
Belize,BLZ,North America,Americas,25.17605128205127,24.14261560650325,26.20948695759929,2031,919.6776376068383,3.8663111111111945,98.99148034187874,Projected
Belize,BLZ,North America,Americas,25.207230769230755,24.163297482461424,26.251164056000086,2032,917.4273435897439,3.8508102564103446,102.17299487179298,Projected
Belize,BLZ,North America,Americas,25.23841025641024,24.18353970631098,26.2932808065095,2033,915.1770495726505,3.8353094017094946,105.35450940170813,Projected
Belize,BLZ,North America,Americas,25.269589743589727,24.20335580761671,26.335823679562743,2034,912.9267555555562,3.8198085470086447,108.53602393162237,Projected
Belize,BLZ,North America,Americas,25.300769230769212,24.222759261665775,26.37877919987265,2035,910.6764615384618,3.8043076923077948,111.7175384615366,Projected
Belize,BLZ,North America,Americas,25.331948717948706,24.241763440454854,26.422133995442557,2036,908.4261675213684,3.788806837606945,114.89905299145175,Projected
Belize,BLZ,North America,Americas,25.36312820512819,24.260381568971727,26.465874841284656,2037,906.175873504274,3.773305982906095,118.08056752136599,Projected
Belize,BLZ,North America,Americas,25.394307692307677,24.278626686662903,26.50998869795245,2038,903.9255794871797,3.7578051282052414,121.26208205128023,Projected
Belize,BLZ,North America,Americas,25.425487179487163,24.29651161390979,26.554462745064537,2039,901.6752854700853,3.7423042735043914,124.44359658119538,Projected
Belize,BLZ,North America,Americas,25.45666666666665,24.314048923282165,26.599284410051133,2040,899.4249914529919,3.7268034188035415,127.62511111110962,Projected
Belize,BLZ,North America,Americas,25.487846153846142,24.331250915296614,26.64444139239567,2041,897.1746974358975,3.7113025641026915,130.80662564102477,Projected
Belize,BLZ,North America,Americas,25.519025641025628,24.348129598378836,26.68992168367242,2042,894.9244034188032,3.6958017094018416,133.988140170939,Projected
Belize,BLZ,North America,Americas,25.550205128205114,24.364696672710814,26.735713583699415,2043,892.6741094017098,3.6803008547009917,137.16965470085324,Projected
Belize,BLZ,North America,Americas,25.5813846153846,24.380963517634683,26.781805713134517,2044,890.4238153846154,3.6648000000001417,140.3511692307684,Projected
Belize,BLZ,North America,Americas,25.612564102564086,24.396941182284177,26.828187022843995,2045,888.1735213675211,3.6492991452992882,143.53268376068263,Projected
Belize,BLZ,North America,Americas,25.64374358974358,24.412640379119598,26.87484680036756,2046,885.9232273504267,3.6337982905984383,146.71419829059687,Projected
Belize,BLZ,North America,Americas,25.674923076923065,24.428071480052143,26.921774673793987,2047,883.6729333333333,3.6182974358975883,149.89571282051202,Projected
Belize,BLZ,North America,Americas,25.70610256410255,24.443244514857682,26.96896061334742,2048,881.4226393162389,3.6027965811967384,153.07722735042626,Projected
Belize,BLZ,North America,Americas,25.737282051282037,24.45816917159642,27.016394930967653,2049,879.1723452991446,3.5872957264958885,156.2587418803405,Projected
Belize,BLZ,North America,Americas,25.768461538461523,24.472854798773593,27.064068278149453,2050,876.9220512820511,3.5717948717950385,159.44025641025564,Projected
Bermuda,BMU,North America,Americas,25.515815384615372,24.860493991472048,26.171136777758697,2026,1111.14083076923,14.809415384615335,86.26393846153678,Projected
Bermuda,BMU,North America,Americas,25.549664957264945,24.88897198743533,26.21035792709456,2027,1113.7528581196575,14.919429059829014,89.5147999999981,Projected
Bermuda,BMU,North America,Americas,25.583514529914517,24.91711434521121,26.249914714617823,2028,1116.364885470085,15.029442735042693,92.76566153846034,Projected
Bermuda,BMU,North America,Americas,25.61736410256409,24.94492961082361,26.289798594304568,2029,1118.9769128205126,15.139456410256372,96.01652307692166,Projected
Bermuda,BMU,North America,Americas,25.65121367521366,24.972426507604176,26.330000842823146,2030,1121.58894017094,15.249470085470051,99.26738461538298,Projected
Bermuda,BMU,North America,Americas,25.685063247863233,24.99961388732688,26.370512608399586,2031,1124.2009675213676,15.35948376068373,102.5182461538443,Projected
Bermuda,BMU,North America,Americas,25.718912820512806,25.026500684189763,26.41132495683585,2032,1126.8129948717942,15.46949743589741,105.76910769230653,Projected
Bermuda,BMU,North America,Americas,25.752762393162378,25.053095871943494,26.45242891438126,2033,1129.4250222222217,15.579511111111088,109.01996923076786,Projected
Bermuda,BMU,North America,Americas,25.78661196581195,25.079408424374982,26.493815507248918,2034,1132.0370495726493,15.689524786324768,112.27083076922918,Projected
Bermuda,BMU,North America,Americas,25.820461538461522,25.105447279270283,26.53547579765276,2035,1134.6490769230768,15.799538461538447,115.5216923076905,Projected
Bermuda,BMU,North America,Americas,25.854311111111095,25.13122130590571,26.577400916316478,2036,1137.2611042735043,15.909552136752126,118.77255384615273,Projected
Bermuda,BMU,North America,Americas,25.888160683760667,25.15673927605067,26.619582091470665,2037,1139.8731316239318,16.019565811965805,122.02341538461405,Projected
Bermuda,BMU,North America,Americas,25.922010256410253,25.18200983841014,26.662010674410368,2038,1142.4851589743594,16.129579487179484,125.27427692307538,Projected
Bermuda,BMU,North America,Americas,25.955859829059825,25.20704149638923,26.70467816173042,2039,1145.097186324787,16.239593162393135,128.5251384615376,Projected
Bermuda,BMU,North America,Americas,25.989709401709398,25.23184258902649,26.747576214392307,2040,1147.7092136752144,16.349606837606814,131.77599999999893,Projected
Bermuda,BMU,North America,Americas,26.02355897435897,25.256421274915066,26.790696673802874,2041,1150.321241025642,16.459620512820493,135.02686153846025,Projected
Bermuda,BMU,North America,Americas,26.057408547008542,25.2807855189123,26.834031575104785,2042,1152.9332683760695,16.569634188034172,138.27772307692157,Projected
Bermuda,BMU,North America,Americas,26.091258119658114,25.304943081425964,26.877573157890264,2043,1155.545295726496,16.67964786324785,141.5285846153838,Projected
Bermuda,BMU,North America,Americas,26.125107692307687,25.32890151005963,26.921313874555743,2044,1158.1573230769236,16.78966153846153,144.77944615384513,Projected
Bermuda,BMU,North America,Americas,26.15895726495726,25.352668133398744,26.965246396515774,2045,1160.7693504273511,16.89967521367521,148.03030769230645,Projected
Bermuda,BMU,North America,Americas,26.19280683760683,25.376250056722554,27.009363618491108,2046,1163.3813777777787,17.00968888888889,151.28116923076777,Projected
Bermuda,BMU,North America,Americas,26.226656410256403,25.399654159433496,27.05365866107931,2047,1165.9934051282062,17.119702564102568,154.53203076923,Projected
Bermuda,BMU,North America,Americas,26.260505982905975,25.422887094005077,27.098124871806874,2048,1168.6054324786337,17.229716239316247,157.78289230769133,Projected
Bermuda,BMU,North America,Americas,26.294355555555548,25.445955286260237,27.14275582485086,2049,1171.2174598290612,17.339729914529926,161.03375384615265,Projected
Bermuda,BMU,North America,Americas,26.32820512820512,25.468864936804483,27.187545319605757,2050,1173.8294871794888,17.449743589743605,164.28461538461488,Projected
Bolivia,BOL,South America,Americas,22.754461538461527,22.103531630221152,23.405391446701902,2026,1870.8591076923071,133.01218461538383,89.56319999999869,Projected
Bolivia,BOL,South America,Americas,22.770717948717937,22.114452460171325,23.42698343726455,2027,1872.3863350427346,134.29043760683726,92.74298119658033,Projected
Bolivia,BOL,South America,Americas,22.786974358974348,22.125039901135857,23.44890881681284,2028,1873.913562393162,135.56869059829023,95.92276239316107,Projected
Bolivia,BOL,South America,Americas,22.80323076923076,22.135302441869467,23.47115909659205,2029,1875.4407897435894,136.8469435897432,99.10254358974271,Projected
Bolivia,BOL,South America,Americas,22.81948717948717,22.14524874724641,23.49372561172793,2030,1876.9680170940169,138.12519658119618,102.28232478632344,Projected
Bolivia,BOL,South America,Americas,22.83574358974358,22.15488760972254,23.51659956976462,2031,1878.4952444444443,139.40344957264915,105.46210598290509,Projected
Bolivia,BOL,South America,Americas,22.85199999999999,22.164227903625434,23.539772096374545,2032,1880.0224717948718,140.68170256410212,108.64188717948582,Projected
Bolivia,BOL,South America,Americas,22.8682564102564,22.173278542570245,23.563234277942556,2033,1881.5496991452992,141.9599555555551,111.82166837606746,Projected
Bolivia,BOL,South America,Americas,22.88451282051281,22.18204844020812,23.5869772008175,2034,1883.0769264957266,143.23820854700807,115.0014495726482,Projected
Bolivia,BOL,South America,Americas,22.90076923076922,22.190546474430608,23.610991987107834,2035,1884.604153846154,144.51646153846104,118.18123076922984,Projected
Bolivia,BOL,South America,Americas,22.91702564102563,22.19878145507862,23.635269826972642,2036,1886.1313811965815,145.79471452991402,121.36101196581149,Projected
Bolivia,BOL,South America,Americas,22.933282051282042,22.206762095139567,23.659802007424517,2037,1887.658608547009,147.072967521367,124.54079316239222,Projected
Bolivia,BOL,South America,Americas,22.949538461538445,22.214496985361116,23.684579937715775,2038,1889.1858358974364,148.35122051281996,127.72057435897386,Projected
Bolivia,BOL,South America,Americas,22.965794871794856,22.221994572164817,23.709595171424894,2039,1890.7130632478638,149.62947350427294,130.9003555555546,Projected
Bolivia,BOL,South America,Americas,22.982051282051266,22.229263138707047,23.734839425395485,2040,1892.2402905982913,150.9077264957259,134.08013675213624,Projected
Bolivia,BOL,South America,Americas,22.998307692307677,22.236310788908035,23.760304595707318,2041,1893.7675179487187,152.18597948717934,137.25991794871697,Projected
Bolivia,BOL,South America,Americas,23.014564102564087,22.24314543425047,23.785982770877705,2042,1895.2947452991461,153.4642324786323,140.43969914529862,Projected
Bolivia,BOL,South America,Americas,23.030820512820497,22.249774783137543,23.811866242503452,2043,1896.8219726495736,154.74248547008528,143.61948034187935,Projected
Bolivia,BOL,South America,Americas,23.047076923076908,22.256206332594303,23.837947513559513,2044,1898.349200000001,156.02073846153826,146.799261538461,Projected
Bolivia,BOL,South America,Americas,23.06333333333332,22.262447362095376,23.86421930457126,2045,1899.8764273504285,157.29899145299123,149.97904273504173,Projected
Bolivia,BOL,South America,Americas,23.07958974358973,22.26850492930562,23.890674557873837,2046,1901.403654700856,158.5772444444442,153.15882393162337,Projected
Bolivia,BOL,South America,Americas,23.09584615384614,22.27438586752675,23.91730644016553,2047,1902.9308820512833,159.85549743589718,156.3386051282041,Projected
Bolivia,BOL,South America,Americas,23.11210256410255,22.28009678465225,23.94410834355285,2048,1904.4581094017108,161.13375042735015,159.51838632478575,Projected
Bolivia,BOL,South America,Americas,23.12835897435896,22.285644063443907,23.971073885274013,2049,1905.9853367521382,162.41200341880312,162.6981675213674,Projected
Bolivia,BOL,South America,Americas,23.14461538461537,22.29103386295529,23.99819690627545,2050,1907.5125641025656,163.6902564102561,165.87794871794813,Projected
Brazil,BRA,South America,Americas,12.207015384615381,11.273896319086083,13.14013445014468,2026,447.3212615384623,82.7350769230768,87.09581538461407,Projected
Brazil,BRA,South America,Americas,12.24086837606837,11.300100665659821,13.181636086476919,2027,445.7539760683767,83.49528205128195,90.29385299145179,Projected
Brazil,BRA,South America,Americas,12.274721367521359,11.325827093467193,13.223615641575524,2028,444.1866905982911,84.25548717948709,93.4918905982895,Projected
Brazil,BRA,South America,Americas,12.308574358974347,11.35108777128208,13.266060946666615,2029,442.6194051282059,85.01569230769223,96.68992820512722,Projected
Brazil,BRA,South America,Americas,12.34242735042735,11.375895120348735,13.308959580505965,2030,441.0521196581203,85.77589743589715,99.88796581196493,Projected
Brazil,BRA,South America,Americas,12.376280341880339,11.400261744801744,13.352298938958933,2031,439.4848341880347,86.5361025641023,103.08600341880174,Projected
Brazil,BRA,South America,Americas,12.410133333333327,11.424200366140244,13.39606630052641,2032,437.9175487179491,87.29630769230744,106.28404102563945,Projected
Brazil,BRA,South America,Americas,12.443986324786316,11.447723762182761,13.44024888738987,2033,436.35026324786395,88.05651282051258,109.48207863247717,Projected
Brazil,BRA,South America,Americas,12.477839316239319,11.470844710799442,13.484833921679195,2034,434.78297777777834,88.81671794871772,112.68011623931488,Projected
Brazil,BRA,South America,Americas,12.511692307692307,11.493575938598386,13.529808676786228,2035,433.21569230769273,89.57692307692287,115.8781538461526,Projected
Brazil,BRA,South America,Americas,12.545545299145296,11.515930074636003,13.575160523654588,2036,431.6484068376071,90.33712820512801,119.07619145299032,Projected
Brazil,BRA,South America,Americas,12.579398290598284,11.537919609127547,13.620876972069022,2037,430.081121367522,91.09733333333315,122.27422905982803,Projected
Brazil,BRA,South America,Americas,12.613251282051287,11.559556857055554,13.66694570704702,2038,428.51383589743637,91.8575384615383,125.47226666666575,Projected
Brazil,BRA,South America,Americas,12.647104273504276,11.58085392650855,13.713354620500002,2039,426.94655042735076,92.61774358974344,128.67030427350346,Projected
Brazil,BRA,South America,Americas,12.680957264957264,11.601822691531737,13.760091838382792,2040,425.37926495726515,93.37794871794858,131.86834188034118,Projected
Brazil,BRA,South America,Americas,12.714810256410253,11.622474769232234,13.807145743588272,2041,423.81197948717954,94.13815384615373,135.0663794871789,Projected
Brazil,BRA,South America,Americas,12.748663247863256,11.64282150085469,13.85450499487182,2042,422.2446940170944,94.89835897435887,138.2644170940166,Projected
Brazil,BRA,South America,Americas,12.782516239316244,11.662873936525825,13.902158542106664,2043,420.6774085470088,95.65856410256401,141.4624547008534,Projected
Brazil,BRA,South America,Americas,12.816369230769233,11.68264282335823,13.950095638180237,2044,419.1101230769232,96.41876923076916,144.66049230769113,Projected
Brazil,BRA,South America,Americas,12.850222222222222,11.702138596602264,13.998305847842179,2045,417.54283760683757,97.1789743589743,147.85852991452884,Projected
Brazil,BRA,South America,Americas,12.884075213675224,11.721371373540244,14.046779053810205,2046,415.9755521367524,97.93917948717944,151.05656752136656,Projected
Brazil,BRA,South America,Americas,12.917928205128213,11.740350949826063,14.095505460430363,2047,414.4082666666668,98.69938461538459,154.25460512820428,Projected
Brazil,BRA,South America,Americas,12.951781196581202,11.759086797987147,14.144475595175257,2048,412.8409811965812,99.45958974358973,157.452642735042,Projected
Brazil,BRA,South America,Americas,12.98563418803419,11.777588067820773,14.193680308247608,2049,411.2736957264956,100.21979487179487,160.6506803418797,Projected
Brazil,BRA,South America,Americas,13.019487179487179,11.79586358843473,14.243110770539628,2050,409.70641025641,100.98000000000002,163.84871794871742,Projected
Barbados,BRB,North America,Americas,33.5457846153846,32.98336838545774,34.10820084531146,2026,1202.7390153846156,102.81083076923028,85.76676923076775,Projected
Barbados,BRB,North America,Americas,33.58567179487178,33.018645518729,34.152698071014555,2027,1203.226235897436,103.75969572649524,88.96524786324608,Projected
Barbados,BRB,North America,Americas,33.625558974358945,33.053634597366376,34.197483351351515,2028,1203.7134564102566,104.7085606837602,92.16372649572531,Projected
Barbados,BRB,North America,Americas,33.665446153846126,33.088342955820735,34.24254935187152,2029,1204.2006769230773,105.65742564102516,95.36220512820364,Projected
Barbados,BRB,North America,Americas,33.70533333333331,33.12277808071367,34.28788858595294,2030,1204.6878974358979,106.60629059829012,98.56068376068197,Projected
Barbados,BRB,North America,Americas,33.74522051282049,33.156947568899795,34.33349345674118,2031,1205.1751179487183,107.55515555555507,101.7591623931612,Projected
Barbados,BRB,North America,Americas,33.78510769230767,33.190859087972484,34.379356296642854,2032,1205.6623384615389,108.50402051282003,104.95764102563953,Projected
Barbados,BRB,North America,Americas,33.82499487179485,33.22452033947037,34.42546940411933,2033,1206.1495589743595,109.452885470085,108.15611965811786,Projected
Barbados,BRB,North America,Americas,33.86488205128203,33.257939024963164,34.4718250776009,2034,1206.63677948718,110.40175042734995,111.3545982905971,Projected
Barbados,BRB,North America,Americas,33.90476923076921,33.29112281512361,34.518415646414816,2035,1207.1240000000005,111.35061538461491,114.55307692307542,Projected
Barbados,BRB,North America,Americas,33.94465641025639,33.324079321827334,34.56523349868545,2036,1207.611220512821,112.29948034187987,117.75155555555466,Projected
Barbados,BRB,North America,Americas,33.98454358974357,33.35681607326665,34.6122711062205,2037,1208.0984410256417,113.24834529914483,120.95003418803299,Projected
Barbados,BRB,North America,Americas,34.024430769230754,33.389340492016345,34.659521046445164,2038,1208.585661538462,114.19721025640979,124.14851282051131,Projected
Barbados,BRB,North America,Americas,34.064317948717935,33.42165987595057,34.7069760214853,2039,1209.0728820512827,115.14607521367475,127.34699145299055,Projected
Barbados,BRB,North America,Americas,34.104205128205116,33.45378138187918,34.75462887453105,2040,1209.5601025641033,116.09494017093971,130.54547008546888,Projected
Barbados,BRB,North America,Americas,34.1440923076923,33.4857120117485,34.8024726036361,2041,1210.047323076924,117.04380512820467,133.7439487179472,Projected
Barbados,BRB,North America,Americas,34.183979487179464,33.517458601234964,34.850500373123964,2042,1210.5345435897443,117.99267008546963,136.94242735042644,Projected
Barbados,BRB,North America,Americas,34.223866666666645,33.549027810550434,34.898705522782855,2043,1211.021764102565,118.94153504273459,140.14090598290477,Projected
Barbados,BRB,North America,Americas,34.263753846153826,33.580426117271834,34.94708157503582,2044,1211.5089846153855,119.89039999999954,143.339384615384,Projected
Barbados,BRB,North America,Americas,34.30364102564101,33.61165981100826,34.995622240273754,2045,1211.9962051282062,120.8392649572645,146.53786324786233,Projected
Barbados,BRB,North America,Americas,34.34352820512819,33.642734989720815,35.04432142053556,2046,1212.4834256410265,121.78812991452946,149.73634188034066,Projected
Barbados,BRB,North America,Americas,34.38341538461537,33.673657557516435,35.0931732117143,2047,1212.9706461538472,122.73699487179442,152.9348205128199,Projected
Barbados,BRB,North America,Americas,34.42330256410255,33.70443322374494,35.142171904460156,2048,1213.4578666666678,123.68585982905938,156.13329914529822,Projected
Barbados,BRB,North America,Americas,34.46318974358973,33.73506750323789,35.19131198394157,2049,1213.9450871794882,124.63472478632434,159.33177777777655,Projected
Barbados,BRB,North America,Americas,34.50307692307691,33.76556571753861,35.240588128615215,2050,1214.4323076923088,125.5835897435893,162.5302564102558,Projected
Brunei,BRN,Asia,Asia,17.95609230769228,17.282103941172476,18.630080674212085,2026,205.5047692307694,38.28812307692283,84.88310769230702,Projected
Brunei,BRN,Asia,Asia,17.985774358974325,17.30626140523013,18.66528731271852,2027,204.42577777777797,38.68222905982884,88.12083076922954,Projected
Brunei,BRN,Asia,Asia,18.015456410256377,17.33007367037313,18.700839150139622,2028,203.34678632478654,39.07633504273474,91.35855384615297,Projected
Brunei,BRN,Asia,Asia,18.04513846153843,17.35354952606075,18.736727397016107,2029,202.2677948717951,39.47044102564075,94.5962769230764,Projected
Brunei,BRN,Asia,Asia,18.07482051282048,17.37669794411065,18.77294308153031,2030,201.18880341880367,39.864547008546765,97.83399999999892,Projected
Brunei,BRN,Asia,Asia,18.104502564102532,17.39952802844152,18.809477099763544,2031,200.10981196581224,40.25865299145278,101.07172307692235,Projected
Brunei,BRN,Asia,Asia,18.134184615384584,17.422048967743994,18.846320263025174,2032,199.0308205128208,40.65275897435879,104.30944615384578,Projected
Brunei,BRN,Asia,Asia,18.163866666666635,17.444269991387984,18.883463341945287,2033,197.95182905982938,41.04686495726469,107.5471692307683,Projected
Brunei,BRN,Asia,Asia,18.193548717948687,17.466200328780694,18.92089710711668,2034,196.8728376068375,41.4409709401707,110.78489230769173,Projected
Brunei,BRN,Asia,Asia,18.22323076923074,17.487849172302965,18.958612366158512,2035,195.79384615384606,41.83507692307671,114.02261538461516,Projected
Brunei,BRN,Asia,Asia,18.25291282051279,17.509225643874395,18.996599997151186,2036,194.71485470085463,42.229182905982725,117.26033846153769,Projected
Brunei,BRN,Asia,Asia,18.282594871794842,17.530338765130153,19.03485097845953,2037,193.6358632478632,42.623288888888624,120.49806153846112,Projected
Brunei,BRN,Asia,Asia,18.312276923076894,17.551197431135463,19.073356415018324,2038,192.55687179487177,43.017394871794636,123.73578461538455,Projected
Brunei,BRN,Asia,Asia,18.341958974358946,17.57181038751683,19.11210756120106,2039,191.47788034188034,43.41150085470065,126.97350769230707,Projected
Brunei,BRN,Asia,Asia,18.371641025640997,17.59218621085211,19.151095840429885,2040,190.3988888888889,43.80560683760666,130.2112307692305,Projected
Brunei,BRN,Asia,Asia,18.401323076923042,17.61233329213377,19.190312861712314,2041,189.31989743589747,44.19971282051267,133.44895384615302,Projected
Brunei,BRN,Asia,Asia,18.431005128205094,17.632259823099858,19.22975043331033,2042,188.24090598290604,44.59381880341857,136.68667692307645,Projected
Brunei,BRN,Asia,Asia,18.460687179487145,17.65197378521507,19.26940057375922,2043,187.1619145299146,44.987924786324584,139.92439999999988,Projected
Brunei,BRN,Asia,Asia,18.490369230769197,17.6714829410781,19.309255520460294,2044,186.08292307692273,45.382030769230596,143.1621230769224,Projected
Brunei,BRN,Asia,Asia,18.52005128205125,17.690794828030768,19.34930773607173,2045,185.0039316239313,45.77613675213661,146.39984615384583,Projected
Brunei,BRN,Asia,Asia,18.5497333333333,17.70991675374775,19.389549912918852,2046,183.92494017093986,46.17024273504251,149.63756923076926,Projected
Brunei,BRN,Asia,Asia,18.579415384615352,17.72885579359277,19.429974975637933,2047,182.84594871794843,46.56434871794852,152.87529230769178,Projected
Brunei,BRN,Asia,Asia,18.609097435897404,17.747618789536503,19.470576082258304,2048,181.766957264957,46.95845470085453,156.1130153846152,Projected
Brunei,BRN,Asia,Asia,18.638779487179455,17.766212350442856,19.511346623916054,2049,180.68796581196557,47.352560683760544,159.35073846153864,Projected
Brunei,BRN,Asia,Asia,18.668461538461507,17.784642853542948,19.552280223380066,2050,179.60897435897414,47.746666666666556,162.58846153846116,Projected
Bhutan,BTN,Asia,Asia,29.334276923076906,28.724198185727086,29.944355660426726,2026,2199.8823999999977,11.660061538461491,91.45738461538349,Projected
Bhutan,BTN,Asia,Asia,29.36992136752135,28.754841901129815,29.985000833912885,2027,2202.6798427350404,11.742259829059776,94.65169230769152,Projected
Bhutan,BTN,Asia,Asia,29.405565811965793,28.78517315043008,30.025958473501507,2028,2205.477285470083,11.824458119658061,97.84599999999955,Projected
Bhutan,BTN,Asia,Asia,29.441210256410237,28.815199889643868,30.067220623176606,2029,2208.274728205126,11.906656410256346,101.04030769230667,Projected
Bhutan,BTN,Asia,Asia,29.47685470085468,28.844930239853777,30.108779161855583,2030,2211.0721709401687,11.98885470085466,104.2346153846147,Projected
Bhutan,BTN,Asia,Asia,29.512499145299124,28.874372441717206,30.15062584888104,2031,2213.8696136752114,12.071052991452945,107.42892307692273,Projected
Bhutan,BTN,Asia,Asia,29.548143589743567,28.903534812625153,30.19275236686198,2032,2216.667056410254,12.15325128205123,110.62323076922985,Projected
Bhutan,BTN,Asia,Asia,29.58378803418801,28.932425706790585,30.235150361585436,2033,2219.464499145297,12.235449572649514,113.81753846153788,Projected
Bhutan,BTN,Asia,Asia,29.61943247863247,28.961053478460222,30.277811478804715,2034,2222.2619418803397,12.317647863247828,117.01184615384591,Projected
Bhutan,BTN,Asia,Asia,29.655076923076912,28.989426448365332,30.32072739778849,2035,2225.0593846153824,12.399846153846113,120.20615384615303,Projected
Bhutan,BTN,Asia,Asia,29.690721367521355,29.017552873457337,30.363889861585374,2036,2227.856827350425,12.482044444444398,123.40046153846106,Projected
Bhutan,BTN,Asia,Asia,29.7263658119658,29.04544091991249,30.407290704019108,2037,2230.654270085468,12.564242735042683,126.59476923076909,Projected
Bhutan,BTN,Asia,Asia,29.762010256410242,29.073098639338845,30.45092187348164,2038,2233.4517128205107,12.646441025640996,129.7890769230762,Projected
Bhutan,BTN,Asia,Asia,29.797654700854686,29.100533948075967,30.494775453633405,2039,2236.2491555555534,12.728639316239281,132.98338461538424,Projected
Bhutan,BTN,Asia,Asia,29.83329914529913,29.12775460944449,30.538843681153768,2040,2239.046598290596,12.810837606837566,136.17769230769227,Projected
Bhutan,BTN,Asia,Asia,29.868943589743573,29.15476821877743,30.583118960709715,2041,2241.844041025639,12.893035897435851,139.3719999999994,Projected
Bhutan,BTN,Asia,Asia,29.904588034188016,29.18158219104728,30.627593877328753,2042,2244.6414837606817,12.975234188034165,142.56630769230742,Projected
Bhutan,BTN,Asia,Asia,29.94023247863246,29.20820375089195,30.67226120637297,2043,2247.4389264957244,13.05743247863245,145.76061538461545,Projected
Bhutan,BTN,Asia,Asia,29.975876923076918,29.234639924836916,30.71711392131692,2044,2250.236369230767,13.139630769230735,148.95492307692257,Projected
Bhutan,BTN,Asia,Asia,30.01152136752136,29.260897535510253,30.76214519953247,2045,2253.03381196581,13.22182905982902,152.1492307692306,Projected
Bhutan,BTN,Asia,Asia,30.047165811965804,29.28698319765069,30.807348426280917,2046,2255.8312547008527,13.304027350427333,155.34353846153863,Projected
Bhutan,BTN,Asia,Asia,30.082810256410248,29.31290331571443,30.852717197106067,2047,2258.6286974358954,13.386225641025618,158.53784615384575,Projected
Bhutan,BTN,Asia,Asia,30.11845470085469,29.33866408289564,30.898245318813743,2048,2261.426140170938,13.468423931623903,161.73215384615378,Projected
Bhutan,BTN,Asia,Asia,30.154099145299135,29.36427148138564,30.94392680921263,2049,2264.223582905981,13.550622222222188,164.9264615384618,Projected
Bhutan,BTN,Asia,Asia,30.18974358974358,29.389731283707064,30.989755895780092,2050,2267.0210256410237,13.632820512820473,168.12076923076893,Projected
Botswana,BWA,Africa,Africa,25.11098461538461,24.300881225284517,25.9210880054847,2026,870.6767076923073,48.062061538461194,87.54286153845896,Projected
Botswana,BWA,Africa,Africa,25.140687179487173,24.323943486584096,25.95743087239025,2027,870.5229025641022,48.50403760683719,90.74358632478379,Projected
Botswana,BWA,Africa,Africa,25.170389743589737,24.34659083447431,25.994188652705166,2028,870.369097435897,48.946013675213294,93.94431111110862,Projected
Botswana,BWA,Africa,Africa,25.2000923076923,24.36883383348581,26.031350781898794,2029,870.2152923076919,49.3879897435894,97.14503589743344,Projected
Botswana,BWA,Africa,Africa,25.229794871794873,24.39068326733575,26.068906476253996,2030,870.0614871794867,49.829965811965394,100.34576068375827,Projected
Botswana,BWA,Africa,Africa,25.259497435897437,24.412150078520696,26.106844793274178,2031,869.9076820512814,50.2719418803415,103.5464854700831,Projected
Botswana,BWA,Africa,Africa,25.2892,24.433245311429253,26.14515468857075,2032,869.7538769230764,50.71391794871761,106.74721025640793,Projected
Botswana,BWA,Africa,Africa,25.318902564102565,24.453980059344673,26.183825068860457,2033,869.6000717948712,51.155894017093715,109.94793504273275,Projected
Botswana,BWA,Africa,Africa,25.34860512820513,24.47436541559502,26.222844840815238,2034,869.446266666666,51.59787008546971,113.14865982905758,Projected
Botswana,BWA,Africa,Africa,25.378307692307693,24.494412429004356,26.26220295561103,2035,869.2924615384609,52.039846153845815,116.3493846153824,Projected
Botswana,BWA,Africa,Africa,25.408010256410257,24.51413206370554,26.301888449114976,2036,869.1386564102556,52.48182222222192,119.55010940170723,Projected
Botswana,BWA,Africa,Africa,25.43771282051282,24.533535163294086,26.341890477731557,2037,868.9848512820505,52.923798290597915,122.75083418803206,Projected
Botswana,BWA,Africa,Africa,25.467415384615386,24.552632419234204,26.382198349996568,2038,868.8310461538454,53.36577435897402,125.95155897435689,Projected
Botswana,BWA,Africa,Africa,25.49711794871795,24.571434343371536,26.422801554064364,2039,868.6772410256401,53.80775042735013,129.1522837606817,Projected
Botswana,BWA,Africa,Africa,25.526820512820514,24.589951244362954,26.463689781278074,2040,868.523435897435,54.24972649572612,132.35300854700654,Projected
Botswana,BWA,Africa,Africa,25.556523076923078,24.608193207800106,26.50485294604605,2041,868.3696307692298,54.69170256410223,135.55373333333137,Projected
Botswana,BWA,Africa,Africa,25.58622564102565,24.626170079779893,26.546281202271405,2042,868.2158256410246,55.133678632478336,138.7544581196562,Projected
Botswana,BWA,Africa,Africa,25.615928205128213,24.643891453660174,26.587964956596252,2043,868.0620205128195,55.57565470085444,141.95518290598102,Projected
Botswana,BWA,Africa,Africa,25.645630769230777,24.661366659731865,26.62989487872969,2044,867.9082153846143,56.017630769230436,145.15590769230585,Projected
Botswana,BWA,Africa,Africa,25.67533333333334,24.67860475753732,26.67206190912936,2045,867.7544102564091,56.45960683760654,148.35663247863067,Projected
Botswana,BWA,Africa,Africa,25.705035897435906,24.69561453056944,26.71445726430237,2046,867.6006051282039,56.90158290598265,151.5573572649555,Projected
Botswana,BWA,Africa,Africa,25.73473846153847,24.712404483093913,26.757072439983027,2047,867.4467999999988,57.34355897435864,154.75808205128033,Projected
Botswana,BWA,Africa,Africa,25.764441025641034,24.72898283884858,26.799899212433488,2048,867.2929948717936,57.78553504273475,157.95880683760515,Projected
Botswana,BWA,Africa,Africa,25.794143589743598,24.74535754138756,26.842929638099637,2049,867.1391897435884,58.22751111111086,161.15953162392998,Projected
Botswana,BWA,Africa,Africa,25.823846153846162,24.761536255852857,26.886156051839468,2050,866.9853846153833,58.66948717948685,164.3602564102548,Projected
Central African Republic,CAF,Africa,Africa,21.647569230769214,20.904221293061443,22.390917168476985,2026,689.769569230768,64.69083076923062,83.69144615384357,Projected
Central African Republic,CAF,Africa,Africa,21.68069401709399,20.931252961575982,22.430135072612,2027,696.0941811965786,65.31029401709384,86.91374700854522,Projected
Central African Republic,CAF,Africa,Africa,21.713818803418782,20.957903907048326,22.469733699789238,2028,702.418793162391,65.92975726495706,90.13604786324595,Projected
Central African Republic,CAF,Africa,Africa,21.746943589743573,20.984183823453545,22.5097033560336,2029,708.7434051282034,66.54922051282028,93.35834871794668,Projected
Central African Republic,CAF,Africa,Africa,21.78006837606835,21.010102605891433,22.550034146245267,2030,715.0680170940159,67.16868376068373,96.58064957264742,Projected
Central African Republic,CAF,Africa,Africa,21.81319316239314,21.03567029515726,22.59071602962902,2031,721.3926290598283,67.78814700854696,99.80295042734815,Projected
Central African Republic,CAF,Africa,Africa,21.84631794871793,21.060897025542005,22.63173887189386,2032,727.7172410256389,68.40761025641018,103.02525128204888,Projected
Central African Republic,CAF,Africa,Africa,21.87944273504271,21.085792976202196,22.67309249388322,2033,734.0418529914514,69.0270735042734,106.24755213675053,Projected
Central African Republic,CAF,Africa,Africa,21.9125675213675,21.110368326335536,22.714766716399463,2034,740.3664649572638,69.64653675213663,109.46985299145126,Projected
Central African Republic,CAF,Africa,Africa,21.945692307692276,21.134633214302948,22.756751401081605,2035,746.6910769230763,70.26599999999985,112.692153846152,Projected
Central African Republic,CAF,Africa,Africa,21.978817094017067,21.158597700753074,22.79903648728106,2036,753.0156888888887,70.88546324786307,115.91445470085273,Projected
Central African Republic,CAF,Africa,Africa,22.01194188034186,21.182271735729888,22.84161202495383,2037,759.3403008546993,71.5049264957263,119.13675555555346,Projected
Central African Republic,CAF,Africa,Africa,22.045066666666635,21.20566512968222,22.88446820365105,2038,765.6649128205117,72.12438974358975,122.3590564102542,Projected
Central African Republic,CAF,Africa,Africa,22.078191452991426,21.228787528241607,22.927595377741245,2039,771.9895247863242,72.74385299145297,125.58135726495584,Projected
Central African Republic,CAF,Africa,Africa,22.111316239316217,21.251648390594255,22.97098408803818,2040,778.3141367521366,73.36331623931619,128.80365811965657,Projected
Central African Republic,CAF,Africa,Africa,22.144441025640994,21.274256971242526,23.014625080039462,2041,784.6387487179472,73.98277948717941,132.0259589743573,Projected
Central African Republic,CAF,Africa,Africa,22.177565811965785,21.296622304929315,23.058509319002255,2042,790.9633606837597,74.60224273504264,135.24825982905804,Projected
Central African Republic,CAF,Africa,Africa,22.210690598290576,21.318753194485055,23.102628002096097,2043,797.2879726495721,75.22170598290586,138.47056068375878,Projected
Central African Republic,CAF,Africa,Africa,22.243815384615353,21.340658201350887,23.146972567879818,2044,803.6125846153845,75.84116923076908,141.6928615384595,Projected
Central African Republic,CAF,Africa,Africa,22.276940170940144,21.362345638530112,23.191534703350175,2045,809.937196581197,76.46063247863253,144.91516239316115,Projected
Central African Republic,CAF,Africa,Africa,22.310064957264935,21.38382356572399,23.23630634880588,2046,816.2618085470076,77.08009572649576,148.1374632478619,Projected
Central African Republic,CAF,Africa,Africa,22.34318974358971,21.405099786415917,23.281279700763506,2047,822.58642051282,77.69955897435898,151.35976410256262,Projected
Central African Republic,CAF,Africa,Africa,22.376314529914502,21.426181846677988,23.326447213151017,2048,828.9110324786325,78.3190222222222,154.58206495726336,Projected
Central African Republic,CAF,Africa,Africa,22.409439316239293,21.447077035486686,23.3718015969919,2049,835.2356444444449,78.93848547008542,157.8043658119641,Projected
Central African Republic,CAF,Africa,Africa,22.44256410256407,21.467792386348552,23.417335818779588,2050,841.5602564102574,79.55794871794865,161.02666666666482,Projected
Canada,CAN,North America,Americas,7.462646153846137,6.6627637385186445,8.262528569173629,2026,806.2191999999986,5.167815384615324,86.18612307692183,Projected
Canada,CAN,North America,Americas,7.509138461538441,6.7026995232912006,8.315577399785681,2027,809.9313914529903,5.336912820512737,89.3289128205115,Projected
Canada,CAN,North America,Americas,7.55563076923076,6.742225629565825,8.369035908895695,2028,813.6435829059819,5.506010256410207,92.47170256410118,Projected
Canada,CAN,North America,Americas,7.602123076923064,6.781352488581761,8.422893665264366,2029,817.3557743589736,5.67510769230762,95.61449230769085,Projected
Canada,CAN,North America,Americas,7.648615384615368,6.82009074799934,8.477140021231396,2030,821.0679658119652,5.84420512820509,98.75728205128053,Projected
Canada,CAN,North America,Americas,7.695107692307673,6.858451212255007,8.531764172360338,2031,824.780157264956,6.013302564102503,101.9000717948702,Projected
Canada,CAN,North America,Americas,7.741599999999991,6.896444786391679,8.586755213608303,2032,828.4923487179476,6.182399999999973,105.04286153845987,Projected
Canada,CAN,North America,Americas,7.788092307692295,6.934082423729994,8.642102191654597,2033,832.2045401709393,6.351497435897386,108.18565128204955,Projected
Canada,CAN,North America,Americas,7.8345846153846,6.971375077634872,8.697794153134328,2034,835.9167316239309,6.520594871794856,111.32844102563922,Projected
Canada,CAN,North America,Americas,7.881076923076904,7.008333657528729,8.75382018862508,2035,839.6289230769225,6.689692307692269,114.4712307692298,Projected
Canada,CAN,North America,Americas,7.9275692307692225,7.044968989211311,8.810169472327134,2036,843.3411145299142,6.858789743589739,117.61402051281948,Projected
Canada,CAN,North America,Americas,7.974061538461527,7.081291779465806,8.866831297457248,2037,847.0533059829058,7.027887179487152,120.75681025640915,Projected
Canada,CAN,North America,Americas,8.020553846153831,7.117312584863542,8.92379510744412,2038,850.7654974358966,7.196984615384565,123.89959999999883,Projected
Canada,CAN,North America,Americas,8.06704615384615,7.153041784623518,8.981050523068781,2039,854.4776888888882,7.366082051282035,127.0423897435885,Projected
Canada,CAN,North America,Americas,8.113538461538454,7.1884895573395164,9.038587365737392,2040,858.1898803418799,7.535179487179448,130.18517948717817,Projected
Canada,CAN,North America,Americas,8.160030769230758,7.2236658613545375,9.096395677106978,2041,861.9020717948715,7.704276923076918,133.32796923076785,Projected
Canada,CAN,North America,Americas,8.206523076923062,7.258580418538476,9.154465735307648,2042,865.6142632478632,7.873374358974331,136.47075897435752,Projected
Canada,CAN,North America,Americas,8.25301538461538,7.293242701211009,9.212788068019753,2043,869.3264547008548,8.042471794871801,139.6135487179472,Projected
Canada,CAN,North America,Americas,8.299507692307685,7.327661921943881,9.271353462671488,2044,873.0386461538465,8.211569230769214,142.75633846153778,Projected
Canada,CAN,North America,Americas,8.34599999999999,7.361847025976333,9.330152974023646,2045,876.7508376068372,8.380666666666684,145.89912820512745,Projected
Canada,CAN,North America,Americas,8.392492307692294,7.395806685981014,9.389177929403573,2046,880.4630290598288,8.549764102564097,149.04191794871713,Projected
Canada,CAN,North America,Americas,8.438984615384612,7.429549298926353,9.44841993184287,2047,884.1752205128205,8.718861538461567,152.1847076923068,Projected
Canada,CAN,North America,Americas,8.485476923076916,7.463082984792275,9.507870861361557,2048,887.8874119658121,8.88795897435898,155.32749743589648,Projected
Canada,CAN,North America,Americas,8.53196923076922,7.496415586910068,9.567522874628374,2049,891.5996034188038,9.057056410256394,158.47028717948615,Projected
Canada,CAN,North America,Americas,8.57846153846154,7.529554673711597,9.627368403211483,2050,895.3117948717954,9.226153846153863,161.61307692307582,Projected
Switzerland,CHE,Europe,Europe,12.280123076923061,11.654769076560557,12.905477077285566,2026,1202.51409230769,36.86098461538438,89.31953846153738,Projected
Switzerland,CHE,Europe,Europe,12.304690598290584,11.674210659717955,12.935170536863213,2027,1203.7189538461514,37.179832478632306,92.4977948717933,Projected
Switzerland,CHE,Europe,Europe,12.329258119658107,11.693331953189466,12.965184286126748,2028,1204.9238153846125,37.49868034188012,95.67605128205014,Projected
Switzerland,CHE,Europe,Europe,12.353825641025622,11.712141112195251,12.995510169855994,2029,1206.128676923074,37.81752820512804,98.85430769230607,Projected
Switzerland,CHE,Europe,Europe,12.378393162393145,11.730646461155075,13.026139863631215,2030,1207.3335384615355,38.13637606837585,102.0325641025629,Projected
Switzerland,CHE,Europe,Europe,12.402960683760668,11.748856447057412,13.057064920463924,2031,1208.538399999997,38.45522393162378,105.21082051281883,Projected
Switzerland,CHE,Europe,Europe,12.42752820512819,11.766779595545625,13.088276814710756,2032,1209.743261538458,38.77407179487159,108.38907692307566,Projected
Switzerland,CHE,Europe,Europe,12.452095726495713,11.784424470006988,13.119766982984439,2033,1210.9481230769195,39.09291965811951,111.56733333333159,Projected
Switzerland,CHE,Europe,Europe,12.476663247863236,11.80179963386336,13.151526861863111,2034,1212.152984615381,39.411767521367324,114.74558974358843,Projected
Switzerland,CHE,Europe,Europe,12.501230769230752,11.818913616182034,13.18354792227947,2035,1213.3578461538425,39.73061538461525,117.92384615384526,Projected
Switzerland,CHE,Europe,Europe,12.525798290598274,11.835774880653481,13.215821700543067,2036,1214.562707692304,40.04946324786306,121.10210256410119,Projected
Switzerland,CHE,Europe,Europe,12.550365811965797,11.852391797920168,13.248339826011426,2037,1215.767569230765,40.368311111110984,124.28035897435802,Projected
Switzerland,CHE,Europe,Europe,12.57493333333332,11.86877262118778,13.28109404547886,2038,1216.9724307692265,40.687158974358795,127.45861538461395,Projected
Switzerland,CHE,Europe,Europe,12.599500854700842,11.884925465006642,13.314076244395043,2039,1218.177292307688,41.00600683760672,130.63687179487079,Projected
Switzerland,CHE,Europe,Europe,12.624068376068358,11.900858287076826,13.34727846505989,2040,1219.3821538461495,41.32485470085453,133.8151282051267,Projected
Switzerland,CHE,Europe,Europe,12.64863589743588,11.916578872904694,13.380692921967068,2041,1220.587015384611,41.643702564102455,136.99338461538355,Projected
Switzerland,CHE,Europe,Europe,12.673203418803404,11.932094823120174,13.414312014486633,2042,1221.791876923072,41.962550427350266,140.17164102564038,Projected
Switzerland,CHE,Europe,Europe,12.697770940170926,11.947413543252976,13.448128337088876,2043,1222.9967384615336,42.28139829059819,143.3498974358963,Projected
Switzerland,CHE,Europe,Europe,12.722338461538449,11.962542235759992,13.482134687316906,2044,1224.201599999995,42.600246153846,146.52815384615315,Projected
Switzerland,CHE,Europe,Europe,12.746905982905972,11.97748789409554,13.516324071716403,2045,1225.4064615384566,42.919094017093926,149.70641025640907,Projected
Switzerland,CHE,Europe,Europe,12.771473504273487,11.99225729861937,13.550689709927605,2046,1226.6113230769176,43.23794188034174,152.8846666666659,Projected
Switzerland,CHE,Europe,Europe,12.79604102564101,12.00685701414363,13.58522503713839,2047,1227.8161846153791,43.55678974358966,156.06292307692183,Projected
Switzerland,CHE,Europe,Europe,12.820608547008533,12.021293388928822,13.619923705088244,2048,1229.0210461538406,43.87563760683747,159.24117948717867,Projected
Switzerland,CHE,Europe,Europe,12.845176068376055,12.035572554949459,13.654779581802652,2049,1230.2259076923021,44.19448547008528,162.4194358974355,Projected
Switzerland,CHE,Europe,Europe,12.869743589743578,12.049700429261657,13.6897867502255,2050,1231.4307692307636,44.51333333333321,165.59769230769143,Projected
Chile,CHL,South America,Americas,23.589446153846126,23.04263160417289,24.136260703519362,2026,1326.682892307691,32.54523076923056,84.67489230769024,Projected
Chile,CHL,South America,Americas,23.65248205128202,23.101185340157198,24.203778762406845,2027,1327.6962119658106,32.98105982905952,87.865340170938,Projected
Chile,CHL,South America,Americas,23.715517948717917,23.159459012273274,24.27157688516256,2028,1328.7095316239302,33.41688888888859,91.05578803418575,Projected
Chile,CHL,South America,Americas,23.778553846153812,23.217459751510997,24.339647940796628,2029,1329.7228512820498,33.85271794871767,94.24623589743351,Projected
Chile,CHL,South America,Americas,23.841589743589722,23.275194836809725,24.40798465036972,2030,1330.7361709401694,34.28854700854674,97.43668376068126,Projected
Chile,CHL,South America,Americas,23.904625641025618,23.33267165428385,24.476579627767386,2031,1331.749490598289,34.72437606837582,100.62713162392902,Projected
Chile,CHL,South America,Americas,23.967661538461513,23.389897658824275,24.545425418098752,2032,1332.7628102564086,35.16020512820489,103.81757948717768,Projected
Chile,CHL,South America,Americas,24.03069743589741,23.446880338325457,24.61451453346936,2033,1333.7761299145282,35.59603418803397,107.00802735042544,Projected
Chile,CHL,South America,Americas,24.093733333333304,23.503627180712105,24.683839485954504,2034,1334.7894495726478,36.03186324786304,110.19847521367319,Projected
Chile,CHL,South America,Americas,24.1567692307692,23.56014564386901,24.75339281766939,2035,1335.8027692307674,36.46769230769212,113.38892307692095,Projected
Chile,CHL,South America,Americas,24.219805128205095,23.616443128514952,24.82316712789524,2036,1336.816088888887,36.90352136752119,116.5793709401687,Projected
Chile,CHL,South America,Americas,24.28284102564099,23.67252695400678,24.8931550972752,2037,1337.8294085470066,37.33935042735027,119.76981880341646,Projected
Chile,CHL,South America,Americas,24.345876923076887,23.7284043370137,24.963349509140073,2038,1338.8427282051261,37.775179487179344,122.96026666666421,Projected
Chile,CHL,South America,Americas,24.408912820512782,23.784082372963542,25.033743268062022,2039,1339.8560478632457,38.21100854700842,126.15071452991288,Projected
Chile,CHL,South America,Americas,24.471948717948678,23.839568020133033,25.104329415764322,2040,1340.8693675213653,38.646837606837494,129.34116239316063,Projected
Chile,CHL,South America,Americas,24.5349846153846,23.894868086231348,25.175101144537855,2041,1341.882687179485,39.082666666666455,132.53161025640838,Projected
Chile,CHL,South America,Americas,24.598020512820497,23.949989217310154,25.24605180833084,2042,1342.8960068376045,39.51849572649553,135.72205811965614,Projected
Chile,CHL,South America,Americas,24.661056410256393,24.004937888824013,25.317174931688772,2043,1343.9093264957241,39.954324786324605,138.9125059829039,Projected
Chile,CHL,South America,Americas,24.72409230769229,24.05972039865895,25.388464216725627,2044,1344.9226461538437,40.39015384615368,142.10295384615165,Projected
Chile,CHL,South America,Americas,24.787128205128184,24.114342861947474,25.459913548308894,2045,1345.9359658119633,40.825982905982755,145.2934017094003,Projected
Chile,CHL,South America,Americas,24.85016410256408,24.16881120749049,25.53151699763767,2046,1346.949285470083,41.26181196581183,148.48384957264807,Projected
Chile,CHL,South America,Americas,24.913199999999975,24.22313117561234,25.60326882438761,2047,1347.9626051282025,41.697641025640905,151.67429743589582,Projected
Chile,CHL,South America,Americas,24.97623589743587,24.277308317282895,25.675163477588846,2048,1348.9759247863221,42.13347008546998,154.86474529914358,Projected
Chile,CHL,South America,Americas,25.039271794871766,24.33134799434981,25.747195595393723,2049,1349.9892444444417,42.569299145299055,158.05519316239133,Projected
Chile,CHL,South America,Americas,25.10230769230766,24.38525538073437,25.819360003880952,2050,1351.0025641025613,43.00512820512813,161.2456410256391,Projected
China,CHN,Asia,Asia,25.39769230769228,24.562174216895414,26.23321039848915,2026,552.1298461538445,67.91750769230725,89.10323076923032,Projected
China,CHN,Asia,Asia,25.446495726495698,24.604129012192175,26.28886244079922,2027,555.3753333333316,68.54945982905951,92.34141880341758,Projected
China,CHN,Asia,Asia,25.49529914529913,24.645655877345856,26.3449424132524,2028,558.6208205128187,69.18141196581155,95.57960683760575,Projected
China,CHN,Asia,Asia,25.544102564102545,24.686765708319342,26.401439419885747,2029,561.8663076923058,69.81336410256381,98.81779487179392,Projected
China,CHN,Asia,Asia,25.59290598290596,24.727469627138383,26.45834233867354,2030,565.1117948717929,70.44531623931584,102.05598290598209,Projected
China,CHN,Asia,Asia,25.641709401709377,24.76777891958942,26.515639883829333,2031,568.3572820512809,71.0772683760681,105.29417094017026,Projected
China,CHN,Asia,Asia,25.690512820512794,24.807704976547473,26.573320664478114,2032,571.602769230768,71.70922051282014,108.53235897435843,Projected
China,CHN,Asia,Asia,25.739316239316224,24.847259239316173,26.631373239316275,2033,574.8482564102551,72.3411726495724,111.7705470085466,Projected
China,CHN,Asia,Asia,25.78811965811964,24.88645314924532,26.68978616699396,2034,578.0937435897422,72.97312478632443,115.00873504273477,Projected
China,CHN,Asia,Asia,25.836923076923057,24.925298101784573,26.74854805206154,2035,581.3392307692293,73.6050769230767,118.24692307692294,Projected
China,CHN,Asia,Asia,25.885726495726473,24.963805405035416,26.80764758641753,2036,584.5847179487164,74.23702905982873,121.4851111111102,Projected
China,CHN,Asia,Asia,25.934529914529904,25.001986242780497,26.86707358627931,2037,587.8302051282035,74.86898119658099,124.72329914529837,Projected
China,CHN,Asia,Asia,25.98333333333332,25.03985164189842,26.92681502476822,2038,591.0756923076906,75.50093333333302,127.96148717948654,Projected
China,CHN,Asia,Asia,26.032136752136736,25.077412444014243,26.98686106025923,2039,594.3211794871777,76.13288547008528,131.1996752136747,Projected
China,CHN,Asia,Asia,26.080940170940153,25.114679281189765,27.04720106069054,2040,597.5666666666648,76.76483760683732,134.43786324786288,Projected
China,CHN,Asia,Asia,26.12974358974357,25.15166255542353,27.107824624063607,2041,600.8121538461519,77.39678974358958,137.67605128205105,Projected
China,CHN,Asia,Asia,26.178547008547,25.188372421705854,27.168721595388146,2042,604.057641025639,78.02874188034161,140.91423931623922,Projected
China,CHN,Asia,Asia,26.227350427350416,25.224818774359036,27.229882080341795,2043,607.303128205127,78.66069401709387,144.1524273504274,Projected
China,CHN,Asia,Asia,26.276153846153832,25.261011236385464,27.2912964559222,2044,610.5486153846141,79.29264615384591,147.39061538461465,Projected
China,CHN,Asia,Asia,26.32495726495725,25.29695915154499,27.352955378369508,2045,613.7941025641012,79.92459829059817,150.62880341880282,Projected
China,CHN,Asia,Asia,26.37376068376068,25.332671578887748,27.41484978863361,2046,617.0395897435883,80.5565504273502,153.866991452991,Projected
China,CHN,Asia,Asia,26.422564102564095,25.368157289476667,27.476970915651524,2047,620.2850769230754,81.18850256410246,157.10517948717916,Projected
China,CHN,Asia,Asia,26.47136752136751,25.403424765046097,27.539310277688926,2048,623.5305641025625,81.8204547008545,160.34336752136733,Projected
China,CHN,Asia,Asia,26.520170940170928,25.438482198356677,27.60185968198518,2049,626.7760512820496,82.45240683760653,163.5815555555555,Projected
China,CHN,Asia,Asia,26.568974358974344,25.47333749502255,27.664611222926137,2050,630.0215384615367,83.08435897435879,166.81974358974367,Projected
Ivory Coast,CIV,Africa,Africa,29.614092307692303,28.780978857231705,30.4472057581529,2026,1263.604738461538,21.07532307692287,83.52163076922898,Projected
Ivory Coast,CIV,Africa,Africa,29.644509401709392,28.804567038238552,30.484451765180232,2027,1265.7617846153848,21.292697435897196,86.74984273504106,Projected
Ivory Coast,CIV,Africa,Africa,29.67492649572649,28.827728520695135,30.52212447075784,2028,1267.9188307692307,21.51007179487158,89.97805470085314,Projected
Ivory Coast,CIV,Africa,Africa,29.705343589743585,28.850474169205523,30.560213010281647,2029,1270.0758769230765,21.72744615384596,93.20626666666521,Projected
Ivory Coast,CIV,Africa,Africa,29.735760683760674,28.872815073786008,30.59870629373534,2030,1272.2329230769233,21.944820512820286,96.4344786324773,Projected
Ivory Coast,CIV,Africa,Africa,29.76617777777777,28.89476248774228,30.63759306781326,2031,1274.389969230769,22.162194871794668,99.66269059828937,Projected
Ivory Coast,CIV,Africa,Africa,29.796594871794866,28.91632776916616,30.676861974423574,2032,1276.5470153846159,22.379569230768993,102.89090256410054,Projected
Ivory Coast,CIV,Africa,Africa,29.827011965811955,28.937522326432916,30.716501605190995,2033,1278.7040615384617,22.596943589743375,106.11911452991262,Projected
Ivory Coast,CIV,Africa,Africa,29.85742905982905,28.95835756796392,30.756500551694185,2034,1280.8611076923075,22.8143179487177,109.3473264957247,Projected
Ivory Coast,CIV,Africa,Africa,29.88784615384614,28.978844856412444,30.796847451279838,2035,1283.0181538461543,23.031692307692083,112.57553846153678,Projected
Ivory Coast,CIV,Africa,Africa,29.918263247863237,28.998995467335,30.837531028391474,2036,1285.1752000000001,23.24906666666641,115.80375042734886,Projected
Ivory Coast,CIV,Africa,Africa,29.948680341880333,29.01882055232704,30.878540131433628,2037,1287.3322461538469,23.46644102564079,119.03196239316094,Projected
Ivory Coast,CIV,Africa,Africa,29.979097435897422,29.038331106531572,30.919863765263273,2038,1289.4892923076927,23.683815384615116,122.26017435897302,Projected
Ivory Coast,CIV,Africa,Africa,30.00951452991452,29.057537940371212,30.961491119457826,2039,1291.6463384615386,23.901189743589498,125.4883863247851,Projected
Ivory Coast,CIV,Africa,Africa,30.039931623931615,29.07645165530843,31.0034115925548,2040,1293.8033846153853,24.11856410256388,128.71659829059718,Projected
Ivory Coast,CIV,Africa,Africa,30.070348717948704,29.095082623404565,31.045614812492843,2041,1295.9604307692312,24.335938461538206,131.94481025640926,Projected
Ivory Coast,CIV,Africa,Africa,30.1007658119658,29.113440970423643,31.088090653507958,2042,1298.117476923078,24.553312820512588,135.17302222222133,Projected
Ivory Coast,CIV,Africa,Africa,30.131182905982897,29.1315365622119,31.130829249753894,2043,1300.2745230769237,24.770687179486913,138.4012341880325,Projected
Ivory Coast,CIV,Africa,Africa,30.161599999999986,29.149378994076468,31.173821005923504,2044,1302.4315692307696,24.988061538461295,141.62944615384458,Projected
Ivory Coast,CIV,Africa,Africa,30.192017094017082,29.166977582885668,31.217056605148496,2045,1304.5886153846163,25.20543589743562,144.85765811965666,Projected
Ivory Coast,CIV,Africa,Africa,30.22243418803418,29.184341361617456,31.2605270144509,2046,1306.7456615384622,25.422810256410003,148.08587008546874,Projected
Ivory Coast,CIV,Africa,Africa,30.252851282051267,29.20147907609146,31.304223488011075,2047,1308.902707692309,25.640184615384328,151.31408205128082,Projected
Ivory Coast,CIV,Africa,Africa,30.283268376068364,29.218399183631398,31.34813756850533,2048,1311.0597538461548,25.85755897435871,154.5422940170929,Projected
Ivory Coast,CIV,Africa,Africa,30.31368547008546,29.235109853418955,31.392261086751965,2049,1313.2168000000006,26.074933333333092,157.77050598290498,Projected
Ivory Coast,CIV,Africa,Africa,30.34410256410255,29.25161896831572,31.436586159889377,2050,1315.3738461538474,26.292307692307418,160.99871794871706,Projected
Cameroon,CMR,Africa,Africa,27.27486153846153,26.320226548340138,28.22949652858292,2026,630.7425230769186,32.679784615384506,88.3259999999982,Projected
Cameroon,CMR,Africa,Africa,27.30946666666666,26.347006668678127,28.27192666465519,2027,637.552567521363,32.958287179487115,91.54712820512668,Projected
Cameroon,CMR,Africa,Africa,27.344071794871773,26.373297850365436,28.31484573937811,2028,644.3626119658074,33.23678974358961,94.76825641025425,Projected
Cameroon,CMR,Africa,Africa,27.378676923076902,26.399112542764417,28.358241303389388,2029,651.1726564102519,33.51529230769222,97.98938461538273,Projected
Cameroon,CMR,Africa,Africa,27.41328205128203,26.42446345352921,28.402100649034853,2030,657.9827008546963,33.79379487179483,101.21051282051121,Projected
Cameroon,CMR,Africa,Africa,27.44788717948716,26.449363477421443,28.44641088155288,2031,664.7927452991407,34.072297435897326,104.43164102563969,Projected
Cameroon,CMR,Africa,Africa,27.48249230769229,26.473825629273456,28.491158986111124,2032,671.6027897435852,34.350799999999936,107.65276923076726,Projected
Cameroon,CMR,Africa,Africa,27.51709743589742,26.49786298153561,28.536331890259227,2033,678.4128341880296,34.629302564102545,110.87389743589574,Projected
Cameroon,CMR,Africa,Africa,27.55170256410255,26.521488606711053,28.581916521494044,2034,685.222878632474,34.90780512820504,114.09502564102422,Projected
Cameroon,CMR,Africa,Africa,27.586307692307678,26.54471552485894,28.627899859756415,2035,692.0329230769185,35.18630769230765,117.3161538461527,Projected
Cameroon,CMR,Africa,Africa,27.620912820512807,26.567556656237326,28.674268984788288,2036,698.8429675213629,35.464810256410146,120.53728205128027,Projected
Cameroon,CMR,Africa,Africa,27.655517948717936,26.59002477906172,28.72101111837415,2037,705.6530119658073,35.743312820512756,123.75841025640875,Projected
Cameroon,CMR,Africa,Africa,27.690123076923065,26.612132492274377,28.768113661571753,2038,712.4630564102517,36.021815384615365,126.97953846153723,Projected
Cameroon,CMR,Africa,Africa,27.724728205128194,26.633892183152994,28.815564227103394,2039,719.2731008546962,36.30031794871786,130.2006666666648,Projected
Cameroon,CMR,Africa,Africa,27.759333333333323,26.65531599953533,28.863350667131318,2040,726.0831452991424,36.57882051282047,133.42179487179328,Projected
Cameroon,CMR,Africa,Africa,27.793938461538453,26.676415826396568,28.911461096680338,2041,732.8931897435868,36.85732307692308,136.64292307692176,Projected
Cameroon,CMR,Africa,Africa,27.828543589743568,26.697203266488543,28.959883912998592,2042,739.7032341880313,37.135825641025576,139.86405128205024,Projected
Cameroon,CMR,Africa,Africa,27.863148717948697,26.71768962473262,29.008607811164772,2043,746.5132786324757,37.414328205128186,143.0851794871778,Projected
Cameroon,CMR,Africa,Africa,27.897753846153826,26.737885896049036,29.057621796258616,2044,753.3233230769201,37.69283076923068,146.3063076923063,Projected
Cameroon,CMR,Africa,Africa,27.932358974358955,26.757802756304887,29.106915192413023,2045,760.1333675213646,37.97133333333329,149.52743589743477,Projected
Cameroon,CMR,Africa,Africa,27.966964102564084,26.77745055606747,29.156477649060697,2046,766.943411965809,38.2498358974359,152.74856410256325,Projected
Cameroon,CMR,Africa,Africa,28.001569230769213,26.796839316859586,29.20629914467884,2047,773.7534564102534,38.5283384615384,155.96969230769082,Projected
Cameroon,CMR,Africa,Africa,28.036174358974343,26.815978729626842,29.256369988321843,2048,780.5635008546978,38.806841025641006,159.1908205128193,Projected
Cameroon,CMR,Africa,Africa,28.070779487179472,26.83487815514318,29.306680819215764,2049,787.3735452991423,39.085343589743616,162.41194871794778,Projected
Cameroon,CMR,Africa,Africa,28.1053846153846,26.85354662609857,29.357222604670632,2050,794.1835897435867,39.36384615384611,165.63307692307535,Projected
Democratic Republic of the Congo,COD,Africa,Africa,21.15833846153845,20.329216050351622,21.987460872725276,2026,2386.055784615385,64.86686153846131,87.23621538461339,Projected
Democratic Republic of the Congo,COD,Africa,Africa,21.192830769230753,20.3569121590176,22.028749379443905,2027,2390.675842735044,65.37774017093989,90.51123418803218,Projected
Democratic Republic of the Congo,COD,Africa,Africa,21.227323076923057,20.384183613237475,22.070462540608638,2028,2395.2959008547014,65.8886188034187,93.78625299145097,Projected
Democratic Republic of the Congo,COD,Africa,Africa,21.261815384615375,20.411041225568322,22.112589543662427,2029,2399.9159589743604,66.39949743589727,97.06127179486975,Projected
Democratic Republic of the Congo,COD,Africa,Africa,21.29630769230768,20.437496032899567,22.15511935171579,2030,2404.5360170940176,66.91037606837585,100.33629059828854,Projected
Democratic Republic of the Congo,COD,Africa,Africa,21.330799999999982,20.463559234627816,22.19804076537215,2031,2409.1560752136766,67.42125470085443,103.61130940170733,Projected
Democratic Republic of the Congo,COD,Africa,Africa,21.3652923076923,20.489242134433844,22.241342480950756,2032,2413.7761333333356,67.93213333333324,106.88632820512612,Projected
Democratic Republic of the Congo,COD,Africa,Africa,21.399784615384604,20.514556086040947,22.28501314472826,2033,2418.3961914529928,68.44301196581182,110.16134700854491,Projected
Democratic Republic of the Congo,COD,Africa,Africa,21.434276923076908,20.539512443218335,22.32904140293548,2034,2423.0162495726518,68.9538905982904,113.4363658119637,Projected
Democratic Republic of the Congo,COD,Africa,Africa,21.468769230769226,20.564122514186383,22.37341594735207,2035,2427.636307692309,69.4647692307692,116.71138461538249,Projected
Democratic Republic of the Congo,COD,Africa,Africa,21.50326153846153,20.588397520485884,22.418125556437175,2036,2432.256365811968,69.97564786324779,119.98640341880127,Projected
Democratic Republic of the Congo,COD,Africa,Africa,21.537753846153834,20.61234856029047,22.463159132017196,2037,2436.876423931627,70.48652649572637,123.26142222222006,Projected
Democratic Republic of the Congo,COD,Africa,Africa,21.57224615384615,20.635986576070813,22.50850573162149,2038,2441.496482051284,70.99740512820495,126.53644102563976,Projected
Democratic Republic of the Congo,COD,Africa,Africa,21.606738461538455,20.659322326462036,22.554154596614875,2039,2446.116540170943,71.50828376068375,129.81145982905855,Projected
Democratic Republic of the Congo,COD,Africa,Africa,21.64123076923076,20.682366362140204,22.600095176321314,2040,2450.7365982906003,72.01916239316233,133.08647863247734,Projected
Democratic Republic of the Congo,COD,Africa,Africa,21.675723076923077,20.70512900547921,22.646317148366943,2041,2455.3566564102593,72.53004102564091,136.36149743589613,Projected
Democratic Republic of the Congo,COD,Africa,Africa,21.71021538461538,20.72762033373545,22.69281043549531,2042,2459.9767145299165,73.04091965811949,139.63651623931491,Projected
Democratic Republic of the Congo,COD,Africa,Africa,21.744707692307685,20.749850165492724,22.739565219122646,2043,2464.5967726495755,73.5517982905983,142.9115350427337,Projected
Democratic Republic of the Congo,COD,Africa,Africa,21.779200000000003,20.771828050091777,22.78657194990823,2044,2469.2168307692345,74.06267692307688,146.1865538461525,Projected
Democratic Republic of the Congo,COD,Africa,Africa,21.813692307692307,20.79356325976831,22.833821355616305,2045,2473.8368888888917,74.57355555555546,149.46157264957128,Projected
Democratic Republic of the Congo,COD,Africa,Africa,21.84818461538461,20.815064784227726,22.881304446541495,2046,2478.4569470085507,75.08443418803404,152.73659145299007,Projected
Democratic Republic of the Congo,COD,Africa,Africa,21.88267692307693,20.836341327392727,22.92901251876113,2047,2483.077005128208,75.59531282051285,156.01161025640886,Projected
Democratic Republic of the Congo,COD,Africa,Africa,21.917169230769233,20.857401306072084,22.97693715546638,2048,2487.697063247867,76.10619145299142,159.28662905982765,Projected
Democratic Republic of the Congo,COD,Africa,Africa,21.951661538461536,20.87825285031295,23.025070226610122,2049,2492.317121367526,76.61707008547,162.56164786324644,Projected
Democratic Republic of the Congo,COD,Africa,Africa,21.986153846153854,20.898903805213997,23.07340388709371,2050,2496.937179487183,77.12794871794881,165.83666666666522,Projected
Republic of the Congo,COG,Africa,Africa,22.177753846153834,21.481249229782232,22.874258462525436,2026,1118.345076923078,681.8863999999958,85.68803076922813,Projected
Republic of the Congo,COG,Africa,Africa,22.220208547008525,21.517994780900107,22.922422313116943,2027,1118.8149401709413,688.2263042734994,88.93862564102346,Projected
Republic of the Congo,COG,Africa,Africa,22.26266324786323,21.554383600879042,22.97094289484742,2028,1119.2848034188046,694.566208547003,92.18922051281788,Projected
Republic of the Congo,COG,Africa,Africa,22.305117948717935,21.590424772811954,23.019811124623917,2029,1119.754666666668,700.9061128205085,95.43981538461321,Projected
Republic of the Congo,COG,Africa,Africa,22.34757264957264,21.62612756824228,23.069017730903003,2030,1120.2245299145313,707.2460170940121,98.69041025640763,Projected
Republic of the Congo,COG,Africa,Africa,22.39002735042733,21.66150139522764,23.118553305627024,2031,1120.6943931623946,713.5859213675158,101.94100512820296,Projected
Republic of the Congo,COG,Africa,Africa,22.432482051282037,21.69655574942965,23.168408353134424,2032,1121.164256410258,719.9258256410212,105.19159999999738,Projected
Republic of the Congo,COG,Africa,Africa,22.474936752136742,21.73130016854816,23.218573335725324,2033,1121.6341196581213,726.2657299145249,108.44219487179271,Projected
Republic of the Congo,COG,Africa,Africa,22.517391452991433,21.765744190321552,23.269038715661313,2034,1122.1039829059848,732.6056341880303,111.69278974358804,Projected
Republic of the Congo,COG,Africa,Africa,22.559846153846138,21.799897314224935,23.31979499346734,2035,1122.573846153848,738.9455384615339,114.94338461538246,Projected
Republic of the Congo,COG,Africa,Africa,22.602300854700843,21.8337689669182,23.370832742483486,2036,1123.0437094017113,745.2854427350376,118.19397948717778,Projected
Republic of the Congo,COG,Africa,Africa,22.644755555555534,21.867368471426555,23.422142639684512,2037,1123.5135726495748,751.625347008543,121.4445743589722,Projected
Republic of the Congo,COG,Africa,Africa,22.68721025641024,21.90070501997693,23.47371549284355,2038,1123.983435897438,757.9652512820467,124.69516923076753,Projected
Republic of the Congo,COG,Africa,Africa,22.729664957264944,21.93378765036511,23.525542264164777,2039,1124.4532991453013,764.3051555555521,127.94576410256195,Projected
Republic of the Congo,COG,Africa,Africa,22.772119658119635,21.966625225690766,23.577614090548504,2040,1124.9231623931648,770.6450598290558,131.19635897435728,Projected
Republic of the Congo,COG,Africa,Africa,22.81457435897434,21.99922641726826,23.62992230068042,2041,1125.393025641028,776.9849641025594,134.4469538461517,Projected
Republic of the Congo,COG,Africa,Africa,22.857029059829046,22.031599690500915,23.682458429157176,2042,1125.8628888888916,783.3248683760648,137.69754871794703,Projected
Republic of the Congo,COG,Africa,Africa,22.89948376068375,22.063753293494006,23.735214227873495,2043,1126.3327521367548,789.6647726495685,140.94814358974145,Projected
Republic of the Congo,COG,Africa,Africa,22.94193846153844,22.09569524817505,23.788181674901832,2044,1126.802615384618,796.0046769230721,144.19873846153678,Projected
Republic of the Congo,COG,Africa,Africa,22.984393162393147,22.127433343689454,23.84135298109684,2045,1127.2724786324816,802.3445811965776,147.4493333333312,Projected
Republic of the Congo,COG,Africa,Africa,23.026847863247852,22.15897513184284,23.894720594652863,2046,1127.7423418803448,808.6844854700812,150.69992820512653,Projected
Republic of the Congo,COG,Africa,Africa,23.069302564102543,22.190327924368965,23.94827720383612,2047,1128.212205128208,815.0243897435867,153.95052307692094,Projected
Republic of the Congo,COG,Africa,Africa,23.111757264957248,22.221498791811488,24.002015738103008,2048,1128.6820683760716,821.3642940170903,157.20111794871627,Projected
Republic of the Congo,COG,Africa,Africa,23.154211965811953,22.252494563819774,24.055929367804133,2049,1129.1519316239348,827.7041982905939,160.4517128205116,Projected
Republic of the Congo,COG,Africa,Africa,23.196666666666644,22.28332183067211,24.110011502661177,2050,1129.621794871798,834.0441025640994,163.70230769230602,Projected
Cook Islands,COK,Oceania,Oceania,27.931015384615378,27.15478132126102,28.707249447969737,2026,664.1113538461523,109.79070769230702,82.97606153846027,Projected
Cook Islands,COK,Oceania,Oceania,27.96091965811965,27.17832291403879,28.74351640220051,2027,665.4239042735026,110.68671452991384,86.1425504273493,Projected
Cook Islands,COK,Oceania,Oceania,27.990823931623922,27.201466940375497,28.780180922872347,2028,666.7364547008528,111.58272136752066,89.30903931623834,Projected
Cook Islands,COK,Oceania,Oceania,28.020728205128194,27.224223523113068,28.81723288714332,2029,668.0490051282031,112.47872820512771,92.47552820512647,Projected
Cook Islands,COK,Oceania,Oceania,28.050632478632473,27.246602995116024,28.85466196214892,2030,669.3615555555534,113.37473504273453,95.6420170940155,Projected
Cook Islands,COK,Oceania,Oceania,28.080536752136744,27.26861584138996,28.89245766288353,2031,670.6741059829037,114.27074188034135,98.80850598290453,Projected
Cook Islands,COK,Oceania,Oceania,28.110441025641016,27.29027264457253,28.930609406709504,2032,671.9866564102545,115.16674871794817,101.97499487179357,Projected
Cook Islands,COK,Oceania,Oceania,28.140345299145288,27.311584034151824,28.96910656413875,2033,673.2992068376047,116.06275555555499,105.1414837606826,Projected
Cook Islands,COK,Oceania,Oceania,28.17024957264956,27.332560639658865,29.007938505640254,2034,674.611757264955,116.9587623931618,108.30797264957164,Projected
Cook Islands,COK,Oceania,Oceania,28.20015384615384,27.353213047981342,29.047094644326336,2035,675.9243076923053,117.85476923076862,111.47446153846067,Projected
Cook Islands,COK,Oceania,Oceania,28.23005811965811,27.37355176485653,29.086564474459692,2036,677.2368581196556,118.75077606837544,114.64095042734971,Projected
Cook Islands,COK,Oceania,Oceania,28.259962393162382,27.3935871805239,29.126337605800863,2037,678.5494085470059,119.64678290598249,117.80743931623783,Projected
Cook Islands,COK,Oceania,Oceania,28.289866666666654,27.413329539452004,29.166403793881305,2038,679.8619589743562,120.54278974358931,120.97392820512687,Projected
Cook Islands,COK,Oceania,Oceania,28.319770940170926,27.432788914000444,29.20675296634141,2039,681.1745094017069,121.43879658119613,124.1404170940159,Projected
Cook Islands,COK,Oceania,Oceania,28.349675213675205,27.451975181835092,29.247375245515318,2040,682.4870598290572,122.33480341880295,127.30690598290494,Projected
Cook Islands,COK,Oceania,Oceania,28.379579487179477,27.47089800688265,29.288260967476305,2041,683.7996102564075,123.23081025640977,130.47339487179397,Projected
Cook Islands,COK,Oceania,Oceania,28.40948376068375,27.48956682358802,29.329400697779477,2042,685.1121606837578,124.12681709401659,133.639883760683,Projected
Cook Islands,COK,Oceania,Oceania,28.43938803418802,27.50799082422377,29.37078524415227,2043,686.4247111111081,125.0228239316234,136.80637264957204,Projected
Cook Islands,COK,Oceania,Oceania,28.469292307692292,27.526178948993966,29.41240566639062,2044,687.7372615384584,125.91883076923023,139.97286153846107,Projected
Cook Islands,COK,Oceania,Oceania,28.499196581196564,27.54413987867375,29.45425328371938,2045,689.0498119658091,126.81483760683727,143.1393504273492,Projected
Cook Islands,COK,Oceania,Oceania,28.529100854700843,27.56188202953008,29.496319679871608,2046,690.3623623931594,127.71084444444409,146.30583931623823,Projected
Cook Islands,COK,Oceania,Oceania,28.559005128205115,27.57941355027678,29.53859670613345,2047,691.6749128205097,128.6068512820509,149.47232820512727,Projected
Cook Islands,COK,Oceania,Oceania,28.588909401709387,27.59674232082835,29.581076482590422,2048,692.98746324786,129.50285811965773,152.6388170940163,Projected
Cook Islands,COK,Oceania,Oceania,28.61881367521366,27.613875952629655,29.623751397797662,2049,694.3000136752103,130.39886495726455,155.80530598290534,Projected
Cook Islands,COK,Oceania,Oceania,28.64871794871793,27.630821790353487,29.666614107082374,2050,695.6125641025606,131.29487179487137,158.97179487179437,Projected
Colombia,COL,South America,Americas,23.5465538461538,22.58160717680639,24.511500515501208,2026,1394.5574769230761,233.9581846153842,89.13695384615312,Projected
Colombia,COL,South America,Americas,23.605073504273463,22.632217303684115,24.57792970486281,2027,1396.1117059829053,236.24218119658053,92.28732649572521,Projected
Colombia,COL,South America,Americas,23.663593162393127,22.682333210543344,24.64485311424291,2028,1397.6659350427344,238.52617777777687,95.43769914529821,Projected
Colombia,COL,South America,Americas,23.722112820512777,22.73196748122064,24.712258159804914,2029,1399.220164102563,240.8101743589732,98.58807179487121,Projected
Colombia,COL,South America,Americas,23.78063247863244,22.781132960634437,24.780131996630445,2030,1400.7743931623922,243.09417094017044,101.7384444444433,Projected
Colombia,COL,South America,Americas,23.839152136752105,22.829842682831675,24.848461590672535,2031,1402.3286222222214,245.37816752136678,104.8888170940163,Projected
Colombia,COL,South America,Americas,23.897671794871755,22.87810980322697,24.91723378651654,2032,1403.8828512820505,247.6621641025631,108.0391897435893,Projected
Colombia,COL,South America,Americas,23.95619145299142,22.925947535475377,24.98643537050746,2033,1405.4370803418797,249.94616068376035,111.1895623931614,Projected
Colombia,COL,South America,Americas,24.01471111111107,22.973369093285257,25.05605312893688,2034,1406.9913094017083,252.2301572649567,114.3399350427344,Projected
Colombia,COL,South America,Americas,24.073230769230733,23.020387637354535,25.12607390110693,2035,1408.5455384615375,254.51415384615302,117.4903076923074,Projected
Colombia,COL,South America,Americas,24.131750427350397,23.067016227501995,25.1964846271988,2036,1410.0997675213666,256.79815042734936,120.64068034187949,Projected
Colombia,COL,South America,Americas,24.190270085470047,23.113267779969558,25.267272390970536,2037,1411.6539965811958,259.0821470085466,123.79105299145249,Projected
Colombia,COL,South America,Americas,24.24878974358971,23.15915502978947,25.33842445738995,2038,1413.208225641025,261.36614358974293,126.94142564102549,Projected
Colombia,COL,South America,Americas,24.30730940170936,23.204690498043053,25.40992830537567,2039,1414.762454700854,263.65014017093927,130.09179829059758,Projected
Colombia,COL,South America,Americas,24.365829059829025,23.249886463785366,25.481771655872684,2040,1416.3166837606827,265.9341367521365,133.24217094017058,Projected
Colombia,COL,South America,Americas,24.42434871794869,23.294754940369494,25.553942495527885,2041,1417.8709128205119,268.21813333333284,136.39254358974267,Projected
Colombia,COL,South America,Americas,24.48286837606834,23.3393076558767,25.62642909625998,2042,1419.425141880341,270.5021299145292,139.54291623931567,Projected
Colombia,COL,South America,Americas,24.541388034188003,23.3835560373407,25.699220031035306,2043,1420.9793709401702,272.7861264957264,142.69328888888867,Projected
Colombia,COL,South America,Americas,24.599907692307667,23.427511198445544,25.77230418616979,2044,1422.5335999999993,275.07012307692275,145.84366153846076,Projected
Colombia,COL,South America,Americas,24.658427350427317,23.47118393037581,25.845670770478826,2045,1424.0878290598284,277.3541196581191,148.99403418803377,Projected
Colombia,COL,South America,Americas,24.71694700854698,23.514584695502524,25.919309321591438,2046,1425.6420581196571,279.6381162393154,152.14440683760677,Projected
Colombia,COL,South America,Americas,24.77546666666663,23.557723623597926,25.993209709735336,2047,1427.1962871794863,281.92211282051267,155.29477948717886,Projected
Colombia,COL,South America,Americas,24.833986324786295,23.60061051028633,26.06736213928626,2048,1428.7505162393154,284.206109401709,158.44515213675186,Projected
Colombia,COL,South America,Americas,24.89250598290596,23.64325481745392,26.141757148358,2049,1430.3047452991445,286.49010598290533,161.59552478632486,Projected
Colombia,COL,South America,Americas,24.95102564102561,23.685665675359036,26.21638560669218,2050,1431.8589743589737,288.7741025641026,164.74589743589695,Projected
Comoros,COM,Africa,Africa,21.686553846153835,21.02599756685965,22.34711012544802,2026,1448.2232923076945,184.5222153846139,91.14492307692217,Projected
Comoros,COM,Africa,Africa,21.716782905982896,21.05081214038174,22.38275367158405,2027,1447.1101743589766,186.29690940170804,94.46514529914475,Projected
Comoros,COM,Africa,Africa,21.747011965811957,21.07528839454698,22.418735537076934,2028,1445.9970564102587,188.07160341880171,97.78536752136642,Projected
Comoros,COM,Africa,Africa,21.77724102564101,21.099434943647253,22.45504710763477,2029,1444.8839384615408,189.84629743589585,101.10558974358901,Projected
Comoros,COM,Africa,Africa,21.807470085470072,21.123260580698577,22.491679590241567,2030,1443.7708205128229,191.62099145298998,104.42581196581159,Projected
Comoros,COM,Africa,Africa,21.837699145299133,21.1467742281853,22.528624062412966,2031,1442.657702564105,193.39568547008412,107.74603418803326,Projected
Comoros,COM,Africa,Africa,21.867928205128194,21.169984891674282,22.565871518582107,2032,1441.544584615387,195.17037948717825,111.06625641025585,Projected
Comoros,COM,Africa,Africa,21.898157264957256,21.192901616600953,22.60341291331356,2033,1440.4314666666692,196.94507350427193,114.38647863247752,Projected
Comoros,COM,Africa,Africa,21.928386324786317,21.215533448437284,22.64123920113535,2034,1439.3183487179513,198.71976752136607,117.7067008547001,Projected
Comoros,COM,Africa,Africa,21.958615384615378,21.237889396366807,22.67934137286395,2035,1438.2052307692334,200.4944615384602,121.02692307692269,Projected
Comoros,COM,Africa,Africa,21.98884444444444,21.259978400516037,22.71771048837284,2036,1437.0921128205155,202.26915555555433,124.34714529914436,Projected
Comoros,COM,Africa,Africa,22.019073504273493,21.281809302725655,22.75633770582133,2037,1435.9789948717976,204.04384957264801,127.66736752136694,Projected
Comoros,COM,Africa,Africa,22.049302564102554,21.303390820788856,22.795214307416252,2038,1434.8658769230797,205.81854358974215,130.98758974358952,Projected
Comoros,COM,Africa,Africa,22.079531623931615,21.324731526038303,22.834331721824928,2039,1433.7527589743618,207.59323760683628,134.3078119658112,Projected
Comoros,COM,Africa,Africa,22.109760683760676,21.345839824127033,22.87368154339432,2040,1432.6396410256439,209.36793162393042,137.62803418803378,Projected
Comoros,COM,Africa,Africa,22.139989743589737,21.36672393882127,22.913255548358205,2041,1431.526523076926,211.14262564102455,140.94825641025636,Projected
Comoros,COM,Africa,Africa,22.1702188034188,21.387391898603806,22.95304570823379,2042,1430.413405128208,212.91731965811823,144.26847863247804,Projected
Comoros,COM,Africa,Africa,22.20044786324786,21.407851525874673,22.993044200621046,2043,1429.3002871794902,214.69201367521237,147.58870085470062,Projected
Comoros,COM,Africa,Africa,22.23067692307692,21.428110428529756,23.033243417624085,2044,1428.1871692307723,216.4667076923065,150.9089230769223,Projected
Comoros,COM,Africa,Africa,22.260905982905975,21.448175993697234,23.073635972114715,2045,1427.0740512820544,218.24140170940063,154.22914529914488,Projected
Comoros,COM,Africa,Africa,22.291135042735036,21.46805538341528,23.11421470205479,2046,1425.9609333333365,220.0160957264943,157.54936752136746,Projected
Comoros,COM,Africa,Africa,22.321364102564097,21.48775553204087,23.15497267308732,2047,1424.8478153846186,221.79078974358845,160.86958974358913,Projected
Comoros,COM,Africa,Africa,22.351593162393158,21.507283145189284,23.195903179597032,2048,1423.7346974359007,223.56548376068258,164.1898119658117,Projected
Comoros,COM,Africa,Africa,22.38182222222222,21.52664470001469,23.23699974442975,2049,1422.6215794871828,225.34017777777672,167.5100341880343,Projected
Comoros,COM,Africa,Africa,22.41205128205128,21.54584644665472,23.27825611744784,2050,1421.5084615384649,227.11487179487085,170.83025641025597,Projected
Cabo Verde,CPV,Africa,Africa,25.581753846153834,24.744476121245892,26.419031571061776,2026,2013.9809846153803,217.56978461538347,87.50341538461362,Projected
Cabo Verde,CPV,Africa,Africa,25.60931965811964,24.765178886233343,26.45346043000594,2027,2020.6538495726454,219.54033846153743,90.6899076923055,Projected
Cabo Verde,CPV,Africa,Africa,25.636885470085456,24.785452819839925,26.488318120330987,2028,2027.3267145299105,221.5108923076914,93.87639999999828,Projected
Cabo Verde,CPV,Africa,Africa,25.66445128205127,24.805308840975858,26.523593723126684,2029,2033.9995794871757,223.4814461538449,97.06289230769016,Projected
Cabo Verde,CPV,Africa,Africa,25.69201709401708,24.824758095090306,26.55927609294385,2030,2040.6724444444408,225.45199999999886,100.24938461538295,Projected
Cabo Verde,CPV,Africa,Africa,25.719582905982893,24.843811891738035,26.59535392022775,2031,2047.345309401706,227.42255384615282,103.43587692307483,Projected
Cabo Verde,CPV,Africa,Africa,25.747148717948708,24.862481645783692,26.631815790113723,2032,2054.018174358971,229.39310769230678,106.62236923076762,Projected
Cabo Verde,CPV,Africa,Africa,25.774714529914515,24.88077882262672,26.66865023720231,2033,2060.691039316236,231.3636615384603,109.8088615384595,Projected
Cabo Verde,CPV,Africa,Africa,25.80228034188033,24.898714887712895,26.705845796047765,2034,2067.3639042735012,233.33421538461425,112.99535384615228,Projected
Cabo Verde,CPV,Africa,Africa,25.829846153846137,24.916301260491124,26.74339104720115,2035,2074.0367692307664,235.30476923076822,116.18184615384416,Projected
Cabo Verde,CPV,Africa,Africa,25.857411965811952,24.933549272878203,26.7812746587457,2036,2080.7096341880315,237.27532307692218,119.36833846153695,Projected
Cabo Verde,CPV,Africa,Africa,25.884977777777767,24.950470132210253,26.81948542334528,2037,2087.3824991452966,239.24587692307568,122.55483076922883,Projected
Cabo Verde,CPV,Africa,Africa,25.912543589743574,24.967074888588943,26.858012290898206,2038,2094.05536410256,241.21643076922965,125.74132307692162,Projected
Cabo Verde,CPV,Africa,Africa,25.94010940170939,24.98337440647222,26.89684439694656,2039,2100.728229059825,243.1869846153836,128.9278153846135,Projected
Cabo Verde,CPV,Africa,Africa,25.967675213675204,24.999379340313414,26.935971087036993,2040,2107.40109401709,245.15753846153757,132.11430769230628,Projected
Cabo Verde,CPV,Africa,Africa,25.99524102564101,25.015100114018082,26.97538193726394,2041,2114.0739589743553,247.12809230769153,135.30079999999816,Projected
Cabo Verde,CPV,Africa,Africa,26.022806837606826,25.03054690396336,27.015066771250293,2042,2120.7468239316204,249.09864615384504,138.48729230769095,Projected
Cabo Verde,CPV,Africa,Africa,26.05037264957264,25.04572962530939,27.05501567383589,2043,2127.4196888888855,251.069199999999,141.67378461538283,Projected
Cabo Verde,CPV,Africa,Africa,26.077938461538448,25.06065792132497,27.095219001751925,2044,2134.0925538461506,253.03975384615296,144.86027692307562,Projected
Cabo Verde,CPV,Africa,Africa,26.105504273504263,25.07534115544829,27.135667391560236,2045,2140.7654188034157,255.01030769230692,148.0467692307675,Projected
Cabo Verde,CPV,Africa,Africa,26.133070085470077,25.089788405808182,27.176351765131972,2046,2147.438283760681,256.98086153846043,151.23326153846028,Projected
Cabo Verde,CPV,Africa,Africa,26.160635897435885,25.104008461939802,27.217263332931967,2047,2154.111148717946,258.9514153846144,154.41975384615216,Projected
Cabo Verde,CPV,Africa,Africa,26.1882017094017,25.118009823440364,27.258393595363035,2048,2160.784013675211,260.92196923076835,157.60624615384495,Projected
Cabo Verde,CPV,Africa,Africa,26.215767521367514,25.131800700324785,27.299734342410243,2049,2167.456878632476,262.8925230769223,160.79273846153774,Projected
Cabo Verde,CPV,Africa,Africa,26.24333333333332,25.14538901485673,27.341277651809914,2050,2174.1297435897413,264.8630769230763,163.97923076922962,Projected
Costa Rica,CRI,North America,Americas,11.576676923076903,10.77659823519694,12.376755610956867,2026,1045.5651384615367,16.086861538461477,85.9267692307676,Projected
Costa Rica,CRI,North America,Americas,11.621558974358962,10.814922154740923,12.428195793977,2027,1046.02848205128,16.206372649572586,89.20729914529784,Projected
Costa Rica,CRI,North America,Americas,11.666441025641006,10.852836295261366,12.480045756020647,2028,1046.4918256410235,16.325883760683695,92.48782905982716,Projected
Costa Rica,CRI,North America,Americas,11.711323076923065,10.890351090557152,12.532295063288979,2029,1046.9551692307668,16.445394871794832,95.7683589743574,Projected
Costa Rica,CRI,North America,Americas,11.75620512820511,10.927477190901257,12.584933065508963,2030,1047.4185128205104,16.56490598290594,99.04888888888763,Projected
Costa Rica,CRI,North America,Americas,11.801087179487169,10.964225403381313,12.637948955593025,2031,1047.8818564102537,16.68441709401705,102.32941880341696,Projected
Costa Rica,CRI,North America,Americas,11.845969230769214,11.00060663571604,12.691331825822388,2032,1048.3451999999972,16.80392820512816,105.60994871794719,Projected
Costa Rica,CRI,North America,Americas,11.890851282051273,11.03663184391382,12.745070720188725,2033,1048.8085435897408,16.923439316239268,108.89047863247742,Projected
Costa Rica,CRI,North America,Americas,11.935733333333317,11.072311984027234,12.7991546826394,2034,1049.271887179484,17.042950427350377,112.17100854700675,Projected
Costa Rica,CRI,North America,Americas,11.980615384615376,11.107657968155642,12.85357280107511,2035,1049.7352307692277,17.162461538461486,115.45153846153698,Projected
Costa Rica,CRI,North America,Americas,12.025497435897421,11.142680624755151,12.90831424703969,2036,1050.198574358971,17.281972649572594,118.73206837606722,Projected
Costa Rica,CRI,North America,Americas,12.07037948717948,11.1773906632362,12.96336831112276,2037,1050.6619179487145,17.401483760683732,122.01259829059654,Projected
Costa Rica,CRI,North America,Americas,12.115261538461525,11.211798642760408,13.01872443416264,2038,1051.1252615384578,17.52099487179484,125.29312820512678,Projected
Costa Rica,CRI,North America,Americas,12.160143589743583,11.245914945093613,13.074372234393554,2039,1051.5886051282014,17.64050598290595,128.573658119657,Projected
Costa Rica,CRI,North America,Americas,12.205025641025628,11.279749751327186,13.13030153072407,2040,1052.0519487179447,17.76001709401706,131.85418803418725,Projected
Costa Rica,CRI,North America,Americas,12.249907692307687,11.313313022247685,13.186502362367689,2041,1052.5152923076882,17.879528205128167,135.13471794871657,Projected
Costa Rica,CRI,North America,Americas,12.294789743589732,11.3466144821105,13.242965005068964,2042,1052.9786358974316,17.999039316239276,138.4152478632468,Projected
Costa Rica,CRI,North America,Americas,12.33967179487179,11.379663605559607,13.299679984183975,2043,1053.441979487175,18.118550427350385,141.69577777777704,Projected
Costa Rica,CRI,North America,Americas,12.384553846153835,11.412469607427303,13.356638084880368,2044,1053.9053230769186,18.238061538461494,144.97630769230636,Projected
Costa Rica,CRI,North America,Americas,12.429435897435894,11.445041435147797,13.413830359723992,2045,1054.368666666662,18.35757264957263,148.2568376068366,Projected
Costa Rica,CRI,North America,Americas,12.474317948717939,11.477387763521781,13.471248133914097,2046,1054.8320102564055,18.47708376068374,151.53736752136683,Projected
Costa Rica,CRI,North America,Americas,12.519199999999998,11.509516991578119,13.528883008421877,2047,1055.2953538461488,18.59659487179485,154.81789743589616,Projected
Costa Rica,CRI,North America,Americas,12.564082051282043,11.541437241289193,13.586726861274892,2048,1055.7586974358924,18.716105982905958,158.0984273504264,Projected
Costa Rica,CRI,North America,Americas,12.608964102564087,11.573156357910857,13.644771847217317,2049,1056.2220410256357,18.835617094017067,161.37895726495663,Projected
Costa Rica,CRI,North America,Americas,12.653846153846146,11.6046819117321,13.703010395960192,2050,1056.6853846153792,18.955128205128176,164.65948717948595,Projected
Cuba,CUB,North America,Americas,12.888892307692288,12.074847342242197,13.702937273142378,2026,1294.2919692307687,6.08935384615387,86.5344307692294,Projected
Cuba,CUB,North America,Americas,12.922998290598272,12.10228071381006,13.743715867386484,2027,1297.7797504273494,6.131357264957302,89.72091282051133,Projected
Cuba,CUB,North America,Americas,12.957104273504257,12.129297153198497,13.784911393810017,2028,1301.267531623931,6.17336068376072,92.90739487179417,Projected
Cuba,CUB,North America,Americas,12.991210256410241,12.155907276340113,13.82651323648037,2029,1304.7553128205118,6.215364102564138,96.0938769230761,Projected
Cuba,CUB,North America,Americas,13.025316239316211,12.182121919420451,13.868510559211972,2030,1308.2430940170934,6.25736752136757,99.28035897435802,Projected
Cuba,CUB,North America,Americas,13.059422222222196,12.207952078177065,13.910892366267326,2031,1311.730875213675,6.299370940170988,102.46684102563995,Projected
Cuba,CUB,North America,Americas,13.09352820512818,12.233408850735248,13.953647559521112,2032,1315.2186564102558,6.341374358974406,105.65332307692188,Projected
Cuba,CUB,North America,Americas,13.127634188034165,12.25850338435286,13.99676499171547,2033,1318.7064376068374,6.383377777777838,108.8398051282038,Projected
Cuba,CUB,North America,Americas,13.16174017094015,12.283246826332785,14.040233515547513,2034,1322.1942188034182,6.425381196581256,112.02628717948664,Projected
Cuba,CUB,North America,Americas,13.195846153846134,12.307650279257384,14.084042028434883,2035,1325.6819999999998,6.467384615384674,115.21276923076857,Projected
Cuba,CUB,North America,Americas,13.229952136752118,12.331724760605727,14.128179512898509,2036,1329.1697811965814,6.509388034188106,118.3992512820505,Projected
Cuba,CUB,North America,Americas,13.264058119658102,12.355481166733083,14.172635072583121,2037,1332.6575623931622,6.551391452991524,121.58573333333243,Projected
Cuba,CUB,North America,Americas,13.298164102564087,12.378930241123205,14.217397964004968,2038,1336.1453435897438,6.593394871794956,124.77221538461436,Projected
Cuba,CUB,North America,Americas,13.332270085470071,12.40208254676735,14.262457624172793,2039,1339.6331247863254,6.635398290598374,127.95869743589628,Projected
Cuba,CUB,North America,Americas,13.366376068376056,12.42494844247937,14.307803694272742,2040,1343.1209059829062,6.677401709401792,131.14517948717912,Projected
Cuba,CUB,North America,Americas,13.40048205128204,12.447538062922584,14.353426039641496,2041,1346.6086871794878,6.719405128205224,134.33166153846105,Projected
Cuba,CUB,North America,Americas,13.43458803418801,12.469861302100261,14.39931476627576,2042,1350.0964683760685,6.761408547008642,137.51814358974298,Projected
Cuba,CUB,North America,Americas,13.468694017093995,12.491927800046994,14.445460234140995,2043,1353.5842495726502,6.80341196581206,140.7046256410249,Projected
Cuba,CUB,North America,Americas,13.50279999999998,12.513746932450404,14.491853067549554,2044,1357.0720307692318,6.845415384615492,143.89110769230683,Projected
Cuba,CUB,North America,Americas,13.536905982905964,12.535327802932246,14.538484162879682,2045,1360.5598119658125,6.88741880341891,147.07758974358876,Projected
Cuba,CUB,North America,Americas,13.571011965811948,12.556679237721688,14.585344693902208,2046,1364.0475931623942,6.929422222222328,150.2640717948716,Projected
Cuba,CUB,North America,Americas,13.605117948717933,12.57780978246211,14.632426114973756,2047,1367.5353743589749,6.9714256410257605,153.45055384615353,Projected
Cuba,CUB,North America,Americas,13.639223931623917,12.59872770090412,14.679720162343713,2048,1371.0231555555565,7.013429059829178,156.63703589743545,Projected
Cuba,CUB,North America,Americas,13.673329914529901,12.619440975251372,14.72721885380843,2049,1374.5109367521382,7.055432478632596,159.82351794871738,Projected
Cuba,CUB,North America,Americas,13.707435897435886,12.639957307940781,14.77491448693099,2050,1377.9987179487189,7.0974358974360285,163.0099999999993,Projected
Curaçao,CUW,North America,Americas,9.3883692307692,8.546659777947724,10.230078683590676,2026,1493.258646153845,6.767692307692315,91.50556923076783,Projected
Curaçao,CUW,North America,Americas,9.431952136752102,8.583343310705958,10.280560962798246,2027,1494.785497435896,6.813931623931623,94.82088205128093,Projected
Curaçao,CUW,North America,Americas,9.475535042735018,8.619595742270167,10.331474343199869,2028,1496.3123487179478,6.860170940170946,98.13619487179312,Projected
Curaçao,CUW,North America,Americas,9.51911794871792,8.655428049344563,10.382807848091277,2029,1497.839199999999,6.906410256410268,101.45150769230622,Projected
Curaçao,CUW,North America,Americas,9.562700854700822,8.690851436371421,10.434550273030222,2030,1499.3660512820502,6.952649572649591,104.76682051281932,Projected
Curaçao,CUW,North America,Americas,9.606283760683738,8.725877272767203,10.486690248600272,2031,1500.8929025641014,6.998888888888899,108.08213333333242,Projected
Curaçao,CUW,North America,Americas,9.64986666666664,8.760517033815646,10.539216299517634,2032,1502.4197538461526,7.045128205128222,111.39744615384461,Projected
Curaçao,CUW,North America,Americas,9.693449572649541,8.794782245602809,10.592116899696274,2033,1503.9466051282038,7.091367521367545,114.71275897435771,Projected
Curaçao,CUW,North America,Americas,9.737032478632457,8.828684434261303,10.645380523003611,2034,1505.473456410255,7.137606837606867,118.02807179487081,Projected
Curaçao,CUW,North America,Americas,9.78061538461536,8.862235079683389,10.69899568954733,2035,1507.0003076923063,7.183846153846176,121.34338461538391,Projected
Curaçao,CUW,North America,Americas,9.824198290598261,8.895445573765933,10.752951007430589,2036,1508.527158974358,7.230085470085498,124.6586974358961,Projected
Curaçao,CUW,North America,Americas,9.867781196581177,8.928327183165734,10.80723520999662,2037,1510.0540102564091,7.276324786324821,127.9740102564092,Projected
Curaçao,CUW,North America,Americas,9.911364102564079,8.960891016472848,10.86183718865531,2038,1511.5808615384603,7.322564102564144,131.2893230769223,Projected
Curaçao,CUW,North America,Americas,9.95494700854698,8.993147995651018,10.916746021442943,2039,1513.1077128205116,7.368803418803452,134.6046358974345,Projected
Curaçao,CUW,North America,Americas,9.998529914529882,9.025108831547822,10.971950997511943,2040,1514.6345641025628,7.415042735042775,137.9199487179476,Projected
Curaçao,CUW,North America,Americas,10.042112820512799,9.056784003242777,11.02744163778282,2041,1516.161415384614,7.461282051282097,141.2352615384607,Projected
Curaçao,CUW,North America,Americas,10.0856957264957,9.088183740976744,11.083207712014657,2042,1517.6882666666652,7.50752136752142,144.5505743589738,Projected
Curaçao,CUW,North America,Americas,10.129278632478602,9.119318012391036,11.139239252566169,2043,1519.2151179487164,7.5537606837607285,147.86588717948598,Projected
Curaçao,CUW,North America,Americas,10.172861538461518,9.150196511796482,11.195526565126555,2044,1520.741969230768,7.600000000000051,151.18119999999908,Projected
Curaçao,CUW,North America,Americas,10.21644444444442,9.1808286521921,11.25206023669674,2045,1522.2688205128193,7.646239316239374,154.49651282051218,Projected
Curaçao,CUW,North America,Americas,10.260027350427322,9.211223559757464,11.30883114109718,2046,1523.7956717948705,7.6924786324786965,157.81182564102528,Projected
Curaçao,CUW,North America,Americas,10.303610256410238,9.241390070550937,11.365830442269539,2047,1525.3225230769217,7.738717948718005,161.12713846153747,Projected
Curaçao,CUW,North America,Americas,10.34719316239314,9.27133672915823,11.423049595628049,2048,1526.849374358973,7.7849572649573275,164.44245128205057,Projected
Curaçao,CUW,North America,Americas,10.390776068376042,9.301071789050056,11.480480347702027,2049,1528.3762256410241,7.83119658119665,167.75776410256367,Projected
Curaçao,CUW,North America,Americas,10.434358974358958,9.330603214422801,11.538114734295114,2050,1529.9030769230753,7.877435897435959,171.07307692307586,Projected
Cayman Islands,CYM,North America,Americas,26.14655384615382,25.4813781525486,26.811729539759042,2026,282.4050769230753,2.6054769230769033,87.1943999999985,Projected
Cayman Islands,CYM,North America,Americas,26.17627008547006,25.50564204087273,26.846898130067387,2027,283.9818632478614,2.61505641025639,90.36837264957194,Projected
Cayman Islands,CYM,North America,Americas,26.205986324786302,25.52956524389887,26.882407405673735,2028,285.55864957264794,2.6246358974358763,93.54234529914447,Projected
Cayman Islands,CYM,North America,Americas,26.23570256410254,25.553156436160517,26.91824869204456,2029,287.13543589743404,2.634215384615363,96.716317948717,Projected
Cayman Islands,CYM,North America,Americas,26.265418803418775,25.576424472165176,26.954413134672375,2030,288.71222222222013,2.6437948717948494,99.89029059828954,Projected
Cayman Islands,CYM,North America,Americas,26.29513504273502,25.599378336794086,26.990891748675953,2031,290.2890085470067,2.653374358974336,103.06426324786207,Projected
Cayman Islands,CYM,North America,Americas,26.324851282051256,25.622027098591982,27.02767546551053,2032,291.8657948717928,2.6629538461538225,106.2382358974346,Projected
Cayman Islands,CYM,North America,Americas,26.354567521367493,25.644379866251015,27.06475517648397,2033,293.44258119657934,2.672533333333309,109.41220854700805,Projected
Cayman Islands,CYM,North America,Americas,26.38428376068373,25.666445748500113,27.102121772867346,2034,295.01936752136544,2.682112820512792,112.58618119658058,Projected
Cayman Islands,CYM,North America,Americas,26.413999999999973,25.688233817526005,27.13976618247394,2035,296.59615384615154,2.6916923076922785,115.76015384615312,Projected
Cayman Islands,CYM,North America,Americas,26.44371623931621,25.709753075975446,27.177679402656974,2036,298.1729401709381,2.701271794871765,118.93412649572565,Projected
Cayman Islands,CYM,North America,Americas,26.473432478632446,25.73101242752205,27.215852529742843,2037,299.7497264957242,2.7108512820512516,122.10809914529818,Projected
Cayman Islands,CYM,North America,Americas,26.50314871794869,25.752020650924447,27.254276784972934,2038,301.3265128205103,2.720430769230738,125.28207179487072,Projected
Cayman Islands,CYM,North America,Americas,26.532864957264927,25.772786377456487,27.292943537073366,2039,302.90329914529684,2.7300102564102247,128.45604444444416,Projected
Cayman Islands,CYM,North America,Americas,26.562581196581164,25.79331807155378,27.331844321608546,2040,304.48008547008294,2.739589743589711,131.6300170940167,Projected
Cayman Islands,CYM,North America,Americas,26.592297435897407,25.813624014493158,27.370970857301657,2041,306.05687179486904,2.7491692307691977,134.80398974358923,Projected
Cayman Islands,CYM,North America,Americas,26.622013675213644,25.833712290902326,27.41031505952496,2042,307.6336581196556,2.7587487179486843,137.97796239316176,Projected
Cayman Islands,CYM,North America,Americas,26.65172991452988,25.853590777885074,27.449869051174687,2043,309.2104444444417,2.768328205128171,141.1519350427343,Projected
Cayman Islands,CYM,North America,Americas,26.681446153846125,25.873267136540974,27.489625171151275,2044,310.78723076922824,2.7779076923076538,144.32590769230683,Projected
Cayman Islands,CYM,North America,Americas,26.71116239316236,25.892748805658,27.52957598066672,2045,312.36401709401434,2.7874871794871403,147.49988034188027,Projected
Cayman Islands,CYM,North America,Americas,26.740878632478598,25.91204299736001,27.569714267597185,2046,313.94080341880044,2.797066666666627,150.6738529914528,Projected
Cayman Islands,CYM,North America,Americas,26.77059487179484,25.931156694497474,27.61003304909221,2047,315.517589743587,2.8066461538461134,153.84782564102534,Projected
Cayman Islands,CYM,North America,Americas,26.80031111111108,25.95009664957948,27.650525572642678,2048,317.0943760683731,2.8162256410256,157.02179829059787,Projected
Cayman Islands,CYM,North America,Americas,26.830027350427315,25.968869385056365,27.691185315798265,2049,318.6711623931592,2.8258051282050864,160.1957709401704,Projected
Cayman Islands,CYM,North America,Americas,26.85974358974356,25.987481194774343,27.732005984712774,2050,320.24794871794575,2.835384615384573,163.36974358974294,Projected
Northern Cyprus,CYN,Asia,Asia,22.250707692307678,21.506337529745576,22.99507785486978,2026,1599.0902461538444,30.50526153846147,82.95156923076684,Projected
Northern Cyprus,CYN,Asia,Asia,22.280646153846135,21.53017449444138,23.03111781325089,2027,1604.5285264957238,30.78334358974348,86.06442051281829,Projected
Northern Cyprus,CYN,Asia,Asia,22.3105846153846,21.5536302125386,23.067539018230597,2028,1609.966806837605,31.061425641025494,89.17727179486974,Projected
Northern Cyprus,CYN,Asia,Asia,22.340523076923063,21.576714391343113,23.104331762503012,2029,1615.4050871794861,31.33950769230762,92.29012307692119,Projected
Northern Cyprus,CYN,Asia,Asia,22.37046153846152,21.5994369395621,23.14148613736094,2030,1620.8433675213655,31.617589743589633,95.40297435897264,Projected
Northern Cyprus,CYN,Asia,Asia,22.400399999999983,21.621807911798548,23.17899208820142,2031,1626.2816478632467,31.895671794871646,98.5158256410241,Projected
Northern Cyprus,CYN,Asia,Asia,22.430338461538447,21.64383745627975,23.216839466797143,2032,1631.719928205126,32.17375384615377,101.62867692307464,Projected
Northern Cyprus,CYN,Asia,Asia,22.460276923076904,21.66553576616025,23.255018079993558,2033,1637.1582085470072,32.451835897435785,104.74152820512609,Projected
Northern Cyprus,CYN,Asia,Asia,22.490215384615368,21.686913034635783,23.293517734594953,2034,1642.5964888888884,32.7299179487178,107.85437948717754,Projected
Northern Cyprus,CYN,Asia,Asia,22.520153846153832,21.70797941400921,23.332328278298455,2035,1648.0347692307678,33.007999999999925,110.96723076922899,Projected
Northern Cyprus,CYN,Asia,Asia,22.55009230769229,21.728744978764166,23.371439636620412,2036,1653.473049572649,33.28608205128194,114.08008205128044,Projected
Northern Cyprus,CYN,Asia,Asia,22.580030769230753,21.749219692627587,23.410841845833918,2037,1658.9113299145283,33.56416410256395,117.1929333333319,Projected
Northern Cyprus,CYN,Asia,Asia,22.60996923076921,21.769413379539284,23.450525081999135,2038,1664.3496102564095,33.84224615384608,120.30578461538335,Projected
Northern Cyprus,CYN,Asia,Asia,22.639907692307673,21.789335698395085,23.49047968622026,2039,1669.7878905982907,34.12032820512809,123.41863589743389,Projected
Northern Cyprus,CYN,Asia,Asia,22.669846153846137,21.808996121389136,23.53069618630314,2040,1675.22617094017,34.3984102564101,126.53148717948534,Projected
Northern Cyprus,CYN,Asia,Asia,22.699784615384594,21.82840391575026,23.571165315018927,2041,1680.6644512820512,34.67649230769223,129.6443384615368,Projected
Northern Cyprus,CYN,Asia,Asia,22.729723076923058,21.847568128645584,23.611878025200532,2042,1686.1027316239306,34.95457435897424,132.75718974358824,Projected
Northern Cyprus,CYN,Asia,Asia,22.759661538461522,21.86649757501088,23.652825501912165,2043,1691.5410119658118,35.232656410256254,135.8700410256397,Projected
Northern Cyprus,CYN,Asia,Asia,22.78959999999998,21.885200828060675,23.693999171939282,2044,1696.979292307693,35.51073846153838,138.98289230769115,Projected
Northern Cyprus,CYN,Asia,Asia,22.819538461538443,21.903686212229985,23.7353907108469,2045,1702.4175726495723,35.788820512820394,142.0957435897417,Projected
Northern Cyprus,CYN,Asia,Asia,22.849476923076907,21.9219617983035,23.776992047850314,2046,1707.8558529914535,36.066902564102406,145.20859487179314,Projected
Northern Cyprus,CYN,Asia,Asia,22.879415384615363,21.94003540049567,23.818795368735056,2047,1713.2941333333329,36.34498461538453,148.3214461538446,Projected
Northern Cyprus,CYN,Asia,Asia,22.909353846153827,21.95791457525567,23.860793117051983,2048,1718.732413675214,36.623066666666546,151.43429743589604,Projected
Northern Cyprus,CYN,Asia,Asia,22.93929230769229,21.97560662158352,23.902977993801063,2049,1724.1706940170952,36.90114871794856,154.5471487179475,Projected
Northern Cyprus,CYN,Asia,Asia,22.969230769230748,21.99311858265799,23.945342955803508,2050,1729.6089743589746,37.179230769230685,157.65999999999894,Projected
Cyprus,CYP,Asia,Asia,19.506584615384597,18.533590839828157,20.479578390941036,2026,1365.8030461538453,2.6523384615384487,84.13221538461403,Projected
Cyprus,CYP,Asia,Asia,19.548553846153823,18.56758457836507,20.529523113942574,2027,1366.1914769230762,2.682882051282043,87.33263589743456,Projected
Cyprus,CYP,Asia,Asia,19.590523076923063,18.60107997536974,20.579966178476386,2028,1366.5799076923067,2.71342564102563,90.53305641025509,Projected
Cyprus,CYP,Asia,Asia,19.63249230769229,18.634089719620746,20.63089489576383,2029,1366.9683384615375,2.743969230769224,93.73347692307561,Projected
Cyprus,CYP,Asia,Asia,19.674461538461514,18.666626763155826,20.682296313767203,2030,1367.3567692307684,2.774512820512811,96.93389743589614,Projected
Cyprus,CYP,Asia,Asia,19.716430769230755,18.698704248718478,20.73415728974303,2031,1367.745199999999,2.8050564102564053,100.13431794871667,Projected
Cyprus,CYP,Asia,Asia,19.75839999999998,18.730335441431986,20.786464558567975,2032,1368.1336307692297,2.8355999999999923,103.3347384615372,Projected
Cyprus,CYP,Asia,Asia,19.800369230769206,18.761533665145745,20.839204796392668,2033,1368.5220615384605,2.8661435897435865,106.53515897435773,Projected
Cyprus,CYP,Asia,Asia,19.842338461538446,18.792312243762975,20.892364679313918,2034,1368.9104923076911,2.8966871794871736,109.73557948717826,Projected
Cyprus,CYP,Asia,Asia,19.884307692307672,18.82268444773428,20.945930936881066,2035,1369.298923076922,2.9272307692307677,112.93599999999878,Projected
Cyprus,CYP,Asia,Asia,19.926276923076912,18.852663445789933,20.999890400363892,2036,1369.6873538461527,2.957774358974355,116.13642051281931,Projected
Cyprus,CYP,Asia,Asia,19.968246153846138,18.88226226188596,21.054230045806317,2037,1370.0757846153833,2.988317948717949,119.33684102563984,Projected
Cyprus,CYP,Asia,Asia,20.010215384615364,18.911493737257516,21.108937031973213,2038,1370.4642153846141,3.018861538461536,122.53726153846037,Projected
Cyprus,CYP,Asia,Asia,20.052184615384604,18.940370497404654,21.163998733364554,2039,1370.852646153845,3.04940512820513,125.7376820512809,Projected
Cyprus,CYP,Asia,Asia,20.09415384615383,18.96890492378271,21.21940276852495,2040,1371.2410769230755,3.0799487179487173,128.93810256410143,Projected
Cyprus,CYP,Asia,Asia,20.136123076923056,18.99710912992933,21.27513702391678,2041,1371.6295076923066,3.1104923076923114,132.13852307692196,Projected
Cyprus,CYP,Asia,Asia,20.178092307692296,19.024994941731332,21.33118967365326,2042,1372.0179384615371,3.1410358974358985,135.33894358974248,Projected
Cyprus,CYP,Asia,Asia,20.220061538461522,19.052573881517333,21.38754919540571,2043,1372.4063692307677,3.1715794871794927,138.539364102563,Projected
Cyprus,CYP,Asia,Asia,20.262030769230762,19.079857155653222,21.4442043828083,2044,1372.7947999999988,3.2021230769230797,141.73978461538354,Projected
Cyprus,CYP,Asia,Asia,20.303999999999988,19.106855645315907,21.50114435468407,2045,1373.1832307692293,3.232666666666674,144.94020512820407,Projected
Cyprus,CYP,Asia,Asia,20.345969230769214,19.133579900126627,21.5583585614118,2046,1373.57166153846,3.263210256410261,148.1406256410246,Projected
Cyprus,CYP,Asia,Asia,20.387938461538454,19.160040134334196,21.615836788742712,2047,1373.960092307691,3.293753846153855,151.34104615384513,Projected
Cyprus,CYP,Asia,Asia,20.42990769230768,19.186246225252802,21.673569159362557,2048,1374.3485230769215,3.324297435897442,154.54146666666566,Projected
Cyprus,CYP,Asia,Asia,20.471876923076906,19.212207713675404,21.731546132478407,2049,1374.7369538461521,3.3548410256410293,157.74188717948618,Projected
Cyprus,CYP,Asia,Asia,20.513846153846146,19.237933806001543,21.78975850169075,2050,1375.1253846153832,3.3853846153846234,160.9423076923067,Projected
Czechia,CZE,Europe,Europe,13.408584615384598,12.651525414688827,14.165643816080369,2026,1146.2248307692312,27.128492307692227,85.86612307692121,Projected
Czechia,CZE,Europe,Europe,13.433066666666647,12.669801958879018,14.196331374454276,2027,1145.9463282051288,27.360488888888767,89.12669059828931,Projected
Czechia,CZE,Europe,Europe,13.457548717948697,12.68769075748279,14.227406678414605,2028,1145.667825641026,27.592485470085364,92.38725811965651,Projected
Czechia,CZE,Europe,Europe,13.482030769230754,12.705201683283342,14.258859855178166,2029,1145.3893230769236,27.82448205128196,95.64782564102461,Projected
Czechia,CZE,Europe,Europe,13.506512820512803,12.722344813898388,14.290680827127218,2030,1145.1108205128212,28.05647863247856,98.9083931623918,Projected
Czechia,CZE,Europe,Europe,13.530994871794853,12.739130375328484,14.322859368261222,2031,1144.8323179487184,28.2884752136751,102.168960683759,Projected
Czechia,CZE,Europe,Europe,13.555476923076903,12.755568688794481,14.355385157359324,2032,1144.553815384616,28.520471794871696,105.4295282051271,Projected
Czechia,CZE,Europe,Europe,13.579958974358952,12.771670121210356,14.388247827507548,2033,1144.2753128205134,28.752468376068293,108.69009572649429,Projected
Czechia,CZE,Europe,Europe,13.604441025641002,12.787445039531951,14.421437011750053,2034,1143.9968102564108,28.98446495726489,111.95066324786148,Projected
Czechia,CZE,Europe,Europe,13.628923076923058,12.80290376912517,14.454942384720948,2035,1143.7183076923084,29.21646153846143,115.21123076922959,Projected
Czechia,CZE,Europe,Europe,13.653405128205108,12.818056556210115,14.488753700200101,2036,1143.4398051282058,29.448458119658028,118.47179829059678,Projected
Czechia,CZE,Europe,Europe,13.677887179487158,12.832913534362163,14.522860824612152,2037,1143.1613025641032,29.680454700854625,121.73236581196488,Projected
Czechia,CZE,Europe,Europe,13.702369230769207,12.84748469498666,14.557253766551755,2038,1142.8828000000008,29.912451282051222,124.99293333333208,Projected
Czechia,CZE,Europe,Europe,13.726851282051257,12.861779861631515,14.591922702470999,2039,1142.6042974358982,30.144447863247763,128.25350085469927,Projected
Czechia,CZE,Europe,Europe,13.751333333333314,12.87580866796032,14.626857998706308,2040,1142.3257948717956,30.37644444444436,131.51406837606737,Projected
Czechia,CZE,Europe,Europe,13.775815384615363,12.889580539177356,14.66205023005337,2041,1142.0472923076932,30.608441025640957,134.77463589743456,Projected
Czechia,CZE,Europe,Europe,13.800297435897413,12.903104676673879,14.697490195120947,2042,1141.7687897435906,30.840437606837554,138.03520341880267,Projected
Czechia,CZE,Europe,Europe,13.824779487179462,12.916390045651037,14.733168928707888,2043,1141.490287179488,31.072434188034094,141.29577094016986,Projected
Czechia,CZE,Europe,Europe,13.849261538461512,12.929445365468194,14.76907771145483,2044,1141.2117846153856,31.30443076923069,144.55633846153705,Projected
Czechia,CZE,Europe,Europe,13.873743589743562,12.942279102464306,14.805208077022817,2045,1140.933282051283,31.53642735042729,147.81690598290515,Projected
Czechia,CZE,Europe,Europe,13.898225641025618,12.954899465004138,14.8415518170471,2046,1140.6547794871803,31.768423931623886,151.07747350427235,Projected
Czechia,CZE,Europe,Europe,13.922707692307668,12.967314400508538,14.878100984106798,2047,1140.376276923078,32.000420512820426,154.33804102564045,Projected
Czechia,CZE,Europe,Europe,13.947189743589718,12.979531594239015,14.91484789294042,2048,1140.0977743589754,32.23241709401702,157.59860854700764,Projected
Czechia,CZE,Europe,Europe,13.971671794871767,12.991558469619301,14.951785120124233,2049,1139.8192717948727,32.46441367521362,160.85917606837484,Projected
Czechia,CZE,Europe,Europe,13.996153846153817,13.003402189890965,14.988905502416669,2050,1139.5407692307704,32.69641025641016,164.11974358974294,Projected
Germany,DEU,Europe,Europe,14.282553846153817,13.298584581933145,15.26652311037449,2026,472.7279384615358,34.19141538461531,91.158338461536,Projected
Germany,DEU,Europe,Europe,14.329552136752113,13.33751741577234,15.321586857731887,2027,477.0390393162379,34.47377094017088,94.44633504273224,Projected
Germany,DEU,Europe,Europe,14.37655042735041,13.375946286725904,15.377154567974914,2028,481.3501401709382,34.75612649572645,97.73433162392939,Projected
Germany,DEU,Europe,Europe,14.423548717948691,13.413884026703412,15.43321340919397,2029,485.66124102563845,35.03848205128202,101.02232820512563,Projected
Germany,DEU,Europe,Europe,14.470547008546987,13.451343733843178,15.489750283250796,2030,489.97234188034054,35.320837606837586,104.31032478632278,Projected
Germany,DEU,Europe,Europe,14.517545299145283,13.488338699140428,15.546751899150138,2031,494.2834427350408,35.603193162393154,107.59832136751902,Projected
Germany,DEU,Europe,Europe,14.564543589743565,13.524882337350668,15.604204842136461,2032,498.5945435897411,35.88554871794872,110.88631794871526,Projected
Germany,DEU,Europe,Europe,14.61154188034186,13.56098812261796,15.662095638065761,2033,502.90564444444317,36.16790427350429,114.17431452991241,Projected
Germany,DEU,Europe,Europe,14.658540170940157,13.596669529140748,15.720410812739566,2034,507.21674529914344,36.45025982905986,117.46231111110865,Projected
Germany,DEU,Europe,Europe,14.705538461538438,13.631939977061954,15.779136946014923,2035,511.5278461538437,36.732615384615315,120.7503076923058,Projected
Germany,DEU,Europe,Europe,14.752536752136734,13.666812783656743,15.838260720616725,2036,515.8389470085458,37.01497094017088,124.03830427350204,Projected
Germany,DEU,Europe,Europe,14.79953504273503,13.701301119792966,15.897768965677095,2037,520.1500478632461,37.29732649572645,127.32630085469827,Projected
Germany,DEU,Europe,Europe,14.846533333333312,13.73541797155645,15.957648695110175,2038,524.4611487179463,37.57968205128202,130.61429743589542,Projected
Germany,DEU,Europe,Europe,14.893531623931608,13.769176106864446,16.01788714099877,2039,528.7722495726484,37.86203760683759,133.90229401709166,Projected
Germany,DEU,Europe,Europe,14.940529914529904,13.802588046836638,16.07847178222317,2040,533.0833504273487,38.14439316239316,137.1902905982888,Projected
Germany,DEU,Europe,Europe,14.987528205128186,13.835666041652825,16.139390368603546,2041,537.3944512820508,38.426748717948726,140.47828717948505,Projected
Germany,DEU,Europe,Europe,15.034526495726482,13.868422050597282,16.20063094085568,2042,541.7055521367511,38.709104273504295,143.7662837606822,Projected
Germany,DEU,Europe,Europe,15.081524786324778,13.90086772597192,16.262181846677635,2043,546.0166529914513,38.99145982905986,147.05428034187844,Projected
Germany,DEU,Europe,Europe,15.12852307692306,13.933014400551764,16.324031753294353,2044,550.3277538461534,39.27381538461543,150.34227692307468,Projected
Germany,DEU,Europe,Europe,15.175521367521355,13.964873078254781,16.386169656787928,2045,554.6388547008537,39.556170940171,153.63027350427183,Projected
Germany,DEU,Europe,Europe,15.222519658119651,13.996454427703197,16.448584888536104,2046,558.949955555554,39.83852649572657,156.91827008546807,Projected
Germany,DEU,Europe,Europe,15.269517948717933,14.027768778363773,16.51126711907209,2047,563.2610564102561,40.12088205128214,160.20626666666521,Projected
Germany,DEU,Europe,Europe,15.316516239316229,14.058826118968065,16.57420635966439,2048,567.5721572649563,40.403237606837706,163.49426324786145,Projected
Germany,DEU,Europe,Europe,15.363514529914525,14.089636097930317,16.637392961898733,2049,571.8832581196566,40.685593162393275,166.7822598290577,Projected
Germany,DEU,Europe,Europe,15.410512820512807,14.120208025499345,16.70081761552627,2050,576.1943589743587,40.96794871794884,170.07025641025484,Projected
Djibouti,DJI,Africa,Africa,22.661569230769203,21.77774642740734,23.545392034131066,2026,376.29535384615156,125.59135384615365,83.43538461538265,Projected
Djibouti,DJI,Africa,Africa,22.716557264957245,21.825489891198288,23.607624638716203,2027,380.2706222222196,126.83518632478626,86.57324786324625,Projected
Djibouti,DJI,Africa,Africa,22.771545299145274,21.87278068445716,23.670309913833385,2028,384.2458905982876,128.07901880341842,89.71111111110895,Projected
Djibouti,DJI,Africa,Africa,22.826533333333316,21.919630333086996,23.733436333579636,2029,388.2211589743565,129.32285128205103,92.84897435897255,Projected
Djibouti,DJI,Africa,Africa,22.881521367521344,21.966050602123236,23.796992132919453,2030,392.19642735042453,130.56668376068365,95.98683760683616,Projected
Djibouti,DJI,Africa,Africa,22.936509401709387,22.01205342982974,23.860965373589032,2031,396.17169572649254,131.81051623931626,99.12470085469886,Projected
Djibouti,DJI,Africa,Africa,22.991497435897415,22.057650865634503,23.925344006160326,2032,400.14696410256147,133.05434871794841,102.26256410256246,Projected
Djibouti,DJI,Africa,Africa,23.046485470085457,22.10285501230965,23.990115927861265,2033,404.1222324786295,134.29818119658103,105.40042735042516,Projected
Djibouti,DJI,Africa,Africa,23.101473504273486,22.14767797267613,24.05526903587084,2034,408.0975008546984,135.54201367521364,108.53829059828877,Projected
Djibouti,DJI,Africa,Africa,23.156461538461528,22.1921318010011,24.120791275921956,2035,412.0727692307664,136.7858461538458,111.67615384615237,Projected
Djibouti,DJI,Africa,Africa,23.211449572649556,22.236228459153526,24.186670686145586,2036,416.04803760683444,138.0296786324784,114.81401709401507,Projected
Djibouti,DJI,Africa,Africa,23.2664376068376,22.279979777496226,24.25289543617897,2037,420.02330598290337,139.27351111111102,117.95188034187868,Projected
Djibouti,DJI,Africa,Africa,23.321425641025627,22.323397420416676,24.319453861634578,2038,423.9985743589714,140.51734358974363,121.08974358974228,Projected
Djibouti,DJI,Africa,Africa,23.37641367521367,22.366492856338564,24.386334494088775,2039,427.9738427350403,141.7611760683758,124.22760683760498,Projected
Djibouti,DJI,Africa,Africa,23.431401709401698,22.40927733200657,24.453526086796824,2040,431.9491111111083,143.0050085470084,127.36547008546859,Projected
Djibouti,DJI,Africa,Africa,23.48638974358974,22.451761850801272,24.521017636378208,2041,435.92437948717634,144.248841025641,130.5033333333322,Projected
Djibouti,DJI,Africa,Africa,23.541377777777768,22.493957154814407,24.58879840074113,2042,439.89964786324526,145.49267350427363,133.6411965811949,Projected
Djibouti,DJI,Africa,Africa,23.59636581196581,22.5358737103995,24.65685791353212,2043,443.8749162393133,146.73650598290578,136.7790598290585,Projected
Djibouti,DJI,Africa,Africa,23.65135384615384,22.577521696903958,24.72518599540372,2044,447.8501846153813,147.9803384615384,139.9169230769212,Projected
Djibouti,DJI,Africa,Africa,23.70634188034188,22.618910998288577,24.793772762395186,2045,451.8254529914502,149.224170940171,143.0547863247848,Projected
Djibouti,DJI,Africa,Africa,23.76132991452991,22.660051197344128,24.86260863171569,2046,455.80072136751824,150.46800341880362,146.1926495726484,Projected
Djibouti,DJI,Africa,Africa,23.816317948717952,22.70095157222456,24.931684325211343,2047,459.77598974358716,151.71183589743578,149.3305128205111,Projected
Djibouti,DJI,Africa,Africa,23.87130598290598,22.741621095027874,25.000990870784086,2048,463.7512581196552,152.9556683760684,152.4683760683747,Projected
Djibouti,DJI,Africa,Africa,23.92629401709401,22.782068432171673,25.070519602016343,2049,467.7265264957232,154.199500854701,155.60623931623832,Projected
Djibouti,DJI,Africa,Africa,23.98128205128205,22.82230194632595,25.14026215623815,2050,471.7017948717921,155.44333333333316,158.744102564101,Projected
Dominica,DMA,North America,Americas,15.81344615384615,15.172670377772473,16.45422192991983,2026,750.2762461538459,34.12984615384585,84.50058461538356,Projected
Dominica,DMA,North America,Americas,15.849969230769226,15.203941106373168,16.495997355165283,2027,752.4257401709401,34.43635897435877,87.69937435897282,Projected
Dominica,DMA,North America,Americas,15.8864923076923,15.234883646664642,16.53810096871996,2028,754.5752341880343,34.742871794871576,90.89816410256299,Projected
Dominica,DMA,North America,Americas,15.923015384615375,15.265506354981916,16.580524414248835,2029,756.7247282051285,35.04938461538438,94.09695384615225,Projected
Dominica,DMA,North America,Americas,15.959538461538465,15.295817761032211,16.623259162044718,2030,758.8742222222227,35.35589743589719,97.29574358974241,Projected
Dominica,DMA,North America,Americas,15.99606153846154,15.325826520114097,16.66629655680898,2031,761.0237162393169,35.66241025641,100.49453333333167,Projected
Dominica,DMA,North America,Americas,16.032584615384614,15.35554136812076,16.70962786264847,2032,763.173210256411,35.968923076922806,103.69332307692184,Projected
Dominica,DMA,North America,Americas,16.06910769230769,15.384971079620078,16.7532443049953,2033,765.3227042735052,36.275435897435614,106.89211282051201,Projected
Dominica,DMA,North America,Americas,16.105630769230764,15.414124429215377,16.79713710924615,2034,767.4721982905985,36.58194871794842,110.09090256410127,Projected
Dominica,DMA,North America,Americas,16.14215384615384,15.443010156308196,16.84129753599948,2035,769.6216923076927,36.88846153846123,113.28969230769144,Projected
Dominica,DMA,North America,Americas,16.178676923076928,15.471636933311013,16.885716912842845,2036,771.7711863247869,37.19497435897415,116.4884820512807,Projected
Dominica,DMA,North America,Americas,16.215200000000003,15.500013337293616,16.93038666270639,2037,773.920680341881,37.50148717948696,119.68727179487087,Projected
Dominica,DMA,North America,Americas,16.251723076923078,15.52814782499297,16.975298328853185,2038,776.0701743589752,37.807999999999765,122.88606153846013,Projected
Dominica,DMA,North America,Americas,16.288246153846153,15.556048711071298,17.020443596621007,2039,778.2196683760694,38.11451282051257,126.0848512820503,Projected
Dominica,DMA,North America,Americas,16.324769230769228,15.583724149472506,17.06581431206595,2040,780.3691623931636,38.42102564102538,129.28364102563955,Projected
Dominica,DMA,North America,Americas,16.361292307692317,15.611182117700345,17.11140249768429,2041,782.5186564102578,38.72753846153819,132.48243076922972,Projected
Dominica,DMA,North America,Americas,16.39781538461539,15.63843040382289,17.157200365407896,2042,784.668150427352,39.034051282050996,135.6812205128199,Projected
Dominica,DMA,North America,Americas,16.434338461538466,15.665476595996697,17.203200327080236,2043,786.8176444444462,39.3405641025638,138.88001025640915,Projected
Dominica,DMA,North America,Americas,16.47086153846154,15.692328074297532,17.24939500262555,2044,788.9671384615394,39.647076923076725,142.07879999999932,Projected
Dominica,DMA,North America,Americas,16.507384615384616,15.718992004644406,17.295777226124827,2045,791.1166324786336,39.95358974358953,145.27758974358858,Projected
Dominica,DMA,North America,Americas,16.543907692307705,15.74547533460668,17.342340050008733,2046,793.2661264957278,40.26010256410234,148.47637948717875,Projected
Dominica,DMA,North America,Americas,16.58043076923078,15.77178479089046,17.389076747571103,2047,795.415620512822,40.56661538461515,151.675169230768,Projected
Dominica,DMA,North America,Americas,16.616953846153855,15.797926878309912,17.435980813997798,2048,797.5651145299162,40.873128205127955,154.87395897435817,Projected
Dominica,DMA,North America,Americas,16.65347692307693,15.823907880059405,17.483045966094455,2049,799.7146085470104,41.17964102564076,158.07274871794834,Projected
Dominica,DMA,North America,Americas,16.690000000000005,15.84973385911482,17.53026614088519,2050,801.8641025641045,41.48615384615357,161.2715384615376,Projected
Denmark,DNK,Europe,Europe,6.949661538461527,6.211698197124281,7.687624879798773,2026,1156.2215384615379,140.7109538461532,85.1709230769211,Projected
Denmark,DNK,Europe,Europe,6.982741880341862,6.238729557968534,7.726754202715191,2027,1158.595042735043,142.08652307692273,88.36458119657891,Projected
Denmark,DNK,Europe,Europe,7.015822222222212,6.265382953617636,7.766261490826788,2028,1160.9685470085474,143.46209230769182,91.55823931623763,Projected
Denmark,DNK,Europe,Europe,7.048902564102548,6.291668007826302,7.806137120378794,2029,1163.3420512820517,144.8376615384609,94.75189743589544,Projected
Denmark,DNK,Europe,Europe,7.081982905982898,6.317594544017145,7.84637126794865,2030,1165.715555555556,146.21323076923045,97.94555555555326,Projected
Denmark,DNK,Europe,Europe,7.115063247863233,6.343172530252775,7.886953965473691,2031,1168.0890598290603,147.58879999999954,101.13921367521198,Projected
Denmark,DNK,Europe,Europe,7.148143589743583,6.368412027414352,7.927875152072814,2032,1170.4625641025646,148.96436923076863,104.33287179486979,Projected
Denmark,DNK,Europe,Europe,7.181223931623919,6.393323140923547,7.96912472232429,2033,1172.8360683760689,150.33993846153817,107.5265299145276,Projected
Denmark,DNK,Europe,Europe,7.214304273504268,6.417915976242904,8.010692570765633,2034,1175.2095726495731,151.71550769230726,110.72018803418632,Projected
Denmark,DNK,Europe,Europe,7.247384615384604,6.442200598294017,8.052568632475191,2035,1177.5830769230774,153.09107692307634,113.91384615384413,Projected
Denmark,DNK,Europe,Europe,7.280464957264954,6.466186994849107,8.094742919680801,2036,1179.9565811965817,154.4666461538459,117.10750427350285,Projected
Denmark,DNK,Europe,Europe,7.313545299145289,6.489885043876909,8.137205554413669,2037,1182.330085470086,155.84221538461497,120.30116239316067,Projected
Denmark,DNK,Europe,Europe,7.346625641025639,6.513304484762259,8.179946797289018,2038,1184.7035897435903,157.21778461538406,123.49482051281848,Projected
Denmark,DNK,Europe,Europe,7.379705982905975,6.536454893266484,8.222957072545466,2039,1187.0770940170946,158.5933538461536,126.6884786324772,Projected
Denmark,DNK,Europe,Europe,7.412786324786325,6.559345660056233,8.266226989516415,2040,1189.450598290599,159.9689230769227,129.882136752135,Projected
Denmark,DNK,Europe,Europe,7.44586666666666,6.581985972596939,8.309747360736381,2041,1191.8241025641041,161.34449230769224,133.07579487179282,Projected
Denmark,DNK,Europe,Europe,7.47894700854701,6.604384800186437,8.353509216907582,2042,1194.1976068376084,162.72006153846132,136.26945299145154,Projected
Denmark,DNK,Europe,Europe,7.512027350427346,6.626550881890006,8.397503818964685,2043,1196.5711111111127,164.0956307692304,139.46311111110936,Projected
Denmark,DNK,Europe,Europe,7.545107692307695,6.64849271713224,8.441722667483152,2044,1198.944615384617,165.47119999999995,142.65676923076808,Projected
Denmark,DNK,Europe,Europe,7.578188034188031,6.670218558699395,8.486157509676666,2045,1201.3181196581213,166.84676923076904,145.8504273504259,Projected
Denmark,DNK,Europe,Europe,7.611268376068381,6.691736407910652,8.53080034422611,2046,1203.6916239316256,168.22233846153813,149.0440854700837,Projected
Denmark,DNK,Europe,Europe,7.644348717948716,6.713054011723219,8.575643424174213,2047,1206.06512820513,169.59790769230767,152.23774358974242,Projected
Denmark,DNK,Europe,Europe,7.677429059829066,6.734178861547644,8.620679258110489,2048,1208.4386324786342,170.97347692307676,155.43140170940023,Projected
Denmark,DNK,Europe,Europe,7.710509401709416,6.755118193561181,8.665900609857651,2049,1210.8121367521385,172.34904615384585,158.62505982905805,Projected
Denmark,DNK,Europe,Europe,7.743589743589752,6.775878990321692,8.711300496857811,2050,1213.1856410256428,173.7246153846154,161.81871794871677,Projected
Dominican Republic,DOM,North America,Americas,6.048953846153822,5.248500911181686,6.849406781125958,2026,964.6611076923077,15.601015384615323,85.56636923076803,Projected
Dominican Republic,DOM,North America,Americas,6.08448888888887,5.277474754528227,6.891503023249514,2027,965.9558905982908,15.671005128205081,88.79940512820394,Projected
Dominican Republic,DOM,North America,Americas,6.120023931623905,5.30603862717182,6.9340092360759895,2028,967.2506735042734,15.740994871794811,92.03244102563986,Projected
Dominican Republic,DOM,North America,Americas,6.155558974358954,5.334202967791894,6.976914980926013,2029,968.5454564102565,15.81098461538457,95.26547692307577,Projected
Dominican Republic,DOM,North America,Americas,6.191094017094002,5.361978431643242,7.020209602544763,2030,969.8402393162391,15.8809743589743,98.49851282051168,Projected
Dominican Republic,DOM,North America,Americas,6.226629059829037,5.389375830868604,7.063882288789469,2031,971.1350222222222,15.950964102564058,101.73154871794759,Projected
Dominican Republic,DOM,North America,Americas,6.2621641025640855,5.416406078288984,7.1079221268391874,2032,972.4298051282053,16.020953846153787,104.9645846153835,Projected
Dominican Republic,DOM,North America,Americas,6.29769914529912,5.443080135037523,7.152318155560717,2033,973.724588034188,16.090943589743517,108.19762051281941,Projected
Dominican Republic,DOM,North America,Americas,6.333234188034169,5.4694089622916895,7.197059413776648,2034,975.019370940171,16.160933333333276,111.43065641025532,Projected
Dominican Republic,DOM,North America,Americas,6.368769230769203,5.495403477255065,7.242134984283341,2035,976.3141538461541,16.230923076923006,114.66369230769124,Projected
Dominican Republic,DOM,North America,Americas,6.404304273504252,5.521074513448962,7.287534033559542,2036,977.6089367521367,16.300912820512764,117.89672820512715,Projected
Dominican Republic,DOM,North America,Americas,6.439839316239301,5.54643278529324,7.333245847185362,2037,978.9037196581198,16.370902564102494,121.12976410256306,Projected
Dominican Republic,DOM,North America,Americas,6.475374358974335,5.571488856888719,7.379259861059952,2038,980.1985025641029,16.440892307692252,124.36279999999897,Projected
Dominican Republic,DOM,North America,Americas,6.510909401709384,5.596253114857436,7.425565688561331,2039,981.4932854700855,16.510882051281982,127.59583589743488,Projected
Dominican Republic,DOM,North America,Americas,6.546444444444418,5.620735745053102,7.472153143835735,2040,982.7880683760686,16.58087179487174,130.8288717948708,Projected
Dominican Republic,DOM,North America,Americas,6.581979487179467,5.644946712921562,7.519012261437372,2041,984.0828512820517,16.65086153846147,134.0619076923067,Projected
Dominican Republic,DOM,North America,Americas,6.617514529914516,5.668895747266862,7.56613331256217,2042,985.3776341880343,16.7208512820512,137.29494358974262,Projected
Dominican Republic,DOM,North America,Americas,6.65304957264955,5.692592327164824,7.613506818134276,2043,986.6724170940174,16.790841025640958,140.52797948717853,Projected
Dominican Republic,DOM,North America,Americas,6.688584615384599,5.7160456717581605,7.661123559011037,2044,987.9672,16.860830769230688,143.76101538461444,Projected
Dominican Republic,DOM,North America,Americas,6.724119658119633,5.739264732666297,7.70897458357297,2045,989.2619829059831,16.930820512820446,146.99405128205035,Projected
Dominican Republic,DOM,North America,Americas,6.759654700854682,5.762258188747734,7.75705121296163,2046,990.5567658119662,17.000810256410176,150.22708717948626,Projected
Dominican Republic,DOM,North America,Americas,6.795189743589717,5.785034442960033,7.805345044219401,2047,991.8515487179488,17.070799999999934,153.46012307692217,Projected
Dominican Republic,DOM,North America,Americas,6.830724786324765,5.807601621074787,7.8538479515747435,2048,993.1463316239319,17.140789743589664,156.69315897435808,Projected
Dominican Republic,DOM,North America,Americas,6.866259829059814,5.829967572017544,7.902552086102084,2049,994.441114529915,17.210779487179394,159.926194871794,Projected
Dominican Republic,DOM,North America,Americas,6.9017948717948485,5.852139869618361,7.951449873971336,2050,995.7358974358976,17.280769230769153,163.1592307692299,Projected
Algeria,DZA,Africa,Africa,24.577169230769215,23.951410459036413,25.202928002502016,2026,281.2446461538457,4.070123076923082,83.53384615384493,Projected
Algeria,DZA,Africa,Africa,24.610235897435885,23.97934786963934,25.24112392523243,2027,284.0082666666658,4.130502564102571,86.71760683760476,Projected
Algeria,DZA,Africa,Africa,24.643302564102555,24.006964783243248,25.279640344961862,2028,286.77188717948684,4.190882051282074,89.9013675213655,Projected
Algeria,DZA,Africa,Africa,24.676369230769225,24.03426936034692,25.318469101191532,2029,289.53550769230696,4.251261538461563,93.08512820512624,Projected
Algeria,DZA,Africa,Africa,24.70943589743588,24.06126993075821,25.35760186411355,2030,292.299128205128,4.311641025641052,96.26888888888698,Projected
Algeria,DZA,Africa,Africa,24.74250256410255,24.0879749469331,25.397030181272,2031,295.0627487179481,4.372020512820541,99.45264957264772,Projected
Algeria,DZA,Africa,Africa,24.77556923076922,24.114392940033312,25.43674552150513,2032,297.82636923076916,4.43240000000003,102.63641025640845,Projected
Algeria,DZA,Africa,Africa,24.80863589743589,24.140532478988913,25.47673931588287,2033,300.5899897435893,4.492779487179519,105.82017094016919,Projected
Algeria,DZA,Africa,Africa,24.841702564102548,24.16640213276458,25.517002995440514,2034,303.3536102564103,4.5531589743590075,109.00393162392993,Projected
Algeria,DZA,Africa,Africa,24.874769230769218,24.192010435948227,25.55752802559021,2035,306.11723076923045,4.6135384615384964,112.18769230769067,Projected
Algeria,DZA,Africa,Africa,24.907835897435888,24.21736585770857,25.598305937163204,2036,308.8808512820515,4.673917948718,115.3714529914514,Projected
Algeria,DZA,Africa,Africa,24.940902564102558,24.242476774106134,25.639328354098982,2037,311.6444717948716,4.7342974358974885,118.55521367521214,Projected
Algeria,DZA,Africa,Africa,24.973969230769214,24.26735144368861,25.680587017849817,2038,314.40809230769264,4.7946769230769775,121.73897435897288,Projected
Algeria,DZA,Africa,Africa,25.007035897435884,24.29199798625865,25.722073808613118,2039,317.17171282051277,4.855056410256466,124.92273504273362,Projected
Algeria,DZA,Africa,Africa,25.040102564102554,24.316424364667075,25.763780763538033,2040,319.9353333333338,4.915435897435955,128.10649572649436,Projected
Algeria,DZA,Africa,Africa,25.073169230769224,24.340638369459533,25.805700092078915,2041,322.6989538461539,4.975815384615444,131.2902564102551,Projected
Algeria,DZA,Africa,Africa,25.10623589743588,24.364647606185596,25.847824188686165,2042,325.46257435897496,5.036194871794933,134.47401709401584,Projected
Algeria,DZA,Africa,Africa,25.13930256410255,24.388459485168354,25.890145643036746,2043,328.2261948717951,5.096574358974422,137.65777777777657,Projected
Algeria,DZA,Africa,Africa,25.17236923076922,24.412081213526605,25.932657248011836,2044,330.9898153846161,5.156953846153925,140.8415384615373,Projected
Algeria,DZA,Africa,Africa,25.20543589743589,24.435519789241305,25.975352005630477,2045,333.75343589743625,5.217333333333414,144.02529914529805,Projected
Algeria,DZA,Africa,Africa,25.238502564102546,24.4587819970609,26.018223131144193,2046,336.5170564102573,5.277712820512903,147.2090598290588,Projected
Algeria,DZA,Africa,Africa,25.271569230769217,24.481874406046742,26.06126405549169,2047,339.2806769230774,5.338092307692392,150.39282051281953,Projected
Algeria,DZA,Africa,Africa,25.304635897435887,24.504803368568354,26.10446842630342,2048,342.04429743589844,5.398471794871881,153.57658119658026,Projected
Algeria,DZA,Africa,Africa,25.337702564102557,24.527575020569273,26.14783010763584,2049,344.8079179487195,5.45885128205137,156.760341880341,Projected
Algeria,DZA,Africa,Africa,25.370769230769227,24.550195282935533,26.19134317860292,2050,347.5715384615396,5.519230769230859,159.94410256410174,Projected
Ecuador,ECU,South America,Americas,18.154892307692293,17.404360541566575,18.90542407381801,2026,488.0135692307704,59.51643076923051,89.9936615384604,Projected
Ecuador,ECU,South America,Americas,18.18516923076922,17.42848546200873,18.941852999529708,2027,490.1008991453,60.02910085470057,93.21441709401552,Projected
Ecuador,ECU,South America,Americas,18.215446153846138,17.452225980042826,18.97866632764945,2028,492.1882290598305,60.541770940170636,96.43517264957154,Projected
Ecuador,ECU,South America,Americas,18.245723076923063,17.475591883328025,19.0158542705181,2029,494.27555897436014,61.0544410256407,99.65592820512666,Projected
Ecuador,ECU,South America,Americas,18.275999999999982,17.498593162591884,19.05340683740808,2030,496.36288888889067,61.56711111111099,102.87668376068268,Projected
Ecuador,ECU,South America,Americas,18.306276923076908,17.52123995566544,19.091313890488376,2031,498.4502188034203,62.07978119658105,106.0974393162378,Projected
Ecuador,ECU,South America,Americas,18.336553846153834,17.543542494779018,19.12956519752865,2032,500.5375487179499,62.592451282051115,109.31819487179382,Projected
Ecuador,ECU,South America,Americas,18.366830769230752,17.565511057462093,19.16815048099941,2033,502.62487863248043,63.10512136752118,112.53895042734894,Projected
Ecuador,ECU,South America,Americas,18.397107692307678,17.587155921285664,19.207059463329692,2034,504.71220854701005,63.61779145299124,115.75970598290496,Projected
Ecuador,ECU,South America,Americas,18.427384615384604,17.608487322589365,19.246281908179842,2035,506.7995384615406,64.1304615384613,118.98046153846008,Projected
Ecuador,ECU,South America,Americas,18.457661538461522,17.629515419249447,19.285807657673598,2036,508.8868683760702,64.64313162393137,122.2012170940161,Projected
Ecuador,ECU,South America,Americas,18.487938461538448,17.65025025746866,19.325626665608237,2037,510.9741982906007,65.15580170940166,125.42197264957122,Projected
Ecuador,ECU,South America,Americas,18.518215384615374,17.67070174250553,19.36572902672522,2038,513.0615282051303,65.66847179487172,128.64272820512724,Projected
Ecuador,ECU,South America,Americas,18.548492307692293,17.690879613208413,19.406105002176172,2039,515.1488581196609,66.18114188034178,131.86348376068236,Projected
Ecuador,ECU,South America,Americas,18.57876923076922,17.710793420178565,19.446745041359872,2040,517.2361880341905,66.69381196581185,135.08423931623838,Projected
Ecuador,ECU,South America,Americas,18.609046153846144,17.7304525073553,19.48763980033699,2041,519.323517948721,67.20648205128191,138.3049948717935,Projected
Ecuador,ECU,South America,Americas,18.639323076923063,17.7498659967946,19.528780157051525,2042,521.4108478632506,67.71915213675197,141.52575042734952,Projected
Ecuador,ECU,South America,Americas,18.66959999999999,17.769042776398845,19.570157223601132,2043,523.4981777777812,68.23182222222204,144.74650598290464,Projected
Ecuador,ECU,South America,Americas,18.699876923076907,17.787991490348247,19.611762355805567,2044,525.5855076923108,68.7444923076921,147.96726153846066,Projected
Ecuador,ECU,South America,Americas,18.730153846153833,17.80672053198423,19.653587160323436,2045,527.6728376068413,69.25716239316239,151.18801709401578,Projected
Ecuador,ECU,South America,Americas,18.76043076923076,17.825238038898252,19.695623499563265,2046,529.7601675213709,69.76983247863245,154.4087726495718,Projected
Ecuador,ECU,South America,Americas,18.790707692307677,17.843551889987776,19.73786349462758,2047,531.8474974359015,70.28250256410251,157.62952820512692,Projected
Ecuador,ECU,South America,Americas,18.820984615384603,17.86166970425128,19.780299526517926,2048,533.9348273504311,70.79517264957258,160.85028376068294,Projected
Ecuador,ECU,South America,Americas,18.85126153846153,17.87959884110704,19.822924235816018,2049,536.0221572649607,71.30784273504264,164.07103931623897,Projected
Ecuador,ECU,South America,Americas,18.881538461538447,17.89734640203449,19.865730521042405,2050,538.1094871794912,71.8205128205127,167.29179487179408,Projected
Egypt,EGY,Africa,Africa,21.01907692307691,20.115427683632497,21.92272616252132,2026,480.57461538461575,142.43886153846097,84.99135384615238,Projected
Egypt,EGY,Africa,Africa,21.060974358974335,20.149918034643072,21.972030683305597,2027,478.2013675213675,143.90319316239265,88.20048547008446,Projected
Egypt,EGY,Africa,Africa,21.102871794871774,20.183945560548377,22.02179802919517,2028,475.82811965812016,145.36752478632434,91.40961709401563,Projected
Egypt,EGY,Africa,Africa,21.144769230769214,20.21752204580729,22.072016415731138,2029,473.4548717948719,146.83185641025602,94.61874871794771,Projected
Egypt,EGY,Africa,Africa,21.186666666666653,20.250659519375514,22.122673813957793,2030,471.08162393162365,148.2961880341877,97.82788034187888,Projected
Egypt,EGY,Africa,Africa,21.22856410256408,20.283370187323065,22.173758017805092,2031,468.7083760683763,149.7605196581194,101.03701196581096,Projected
Egypt,EGY,Africa,Africa,21.270461538461518,20.315666369377894,22.225256707545142,2032,466.33512820512806,151.22485128205108,104.24614358974213,Projected
Egypt,EGY,Africa,Africa,21.312358974358958,20.347560439808625,22.27715750890929,2033,463.9618803418798,152.68918290598276,107.45527521367421,Projected
Egypt,EGY,Africa,Africa,21.354256410256397,20.379064772933884,22.32944804757891,2034,461.58863247863155,154.153514529914,110.6644068376063,Projected
Egypt,EGY,Africa,Africa,21.396153846153823,20.41019169342923,22.382115998878415,2035,459.2153846153842,155.61784615384568,113.87353846153746,Projected
Egypt,EGY,Africa,Africa,21.438051282051262,20.440953431499416,22.435149132603108,2036,456.84213675213596,157.08217777777736,117.08267008546954,Projected
Egypt,EGY,Africa,Africa,21.4799487179487,20.47136208289291,22.488535353004494,2037,454.4688888888877,158.54650940170905,120.29180170940072,Projected
Egypt,EGY,Africa,Africa,21.52184615384614,20.50142957365966,22.542262734032622,2038,452.09564102564036,160.01084102564073,123.5009333333328,Projected
Egypt,EGY,Africa,Africa,21.563743589743567,20.531167629489783,22.59631954999735,2039,449.7223931623921,161.47517264957241,126.71006495726397,Projected
Egypt,EGY,Africa,Africa,21.605641025641006,20.56058774942164,22.650694301860373,2040,447.34914529914386,162.9395042735041,129.91919658119605,Projected
Egypt,EGY,Africa,Africa,21.647538461538446,20.58970118367011,22.705375739406783,2041,444.9758974358965,164.40383589743578,133.12832820512722,Projected
Egypt,EGY,Africa,Africa,21.689435897435885,20.61851891529992,22.76035287957185,2042,442.60264957264826,165.86816752136747,136.3374598290593,Projected
Egypt,EGY,Africa,Africa,21.73133333333331,20.647051645451985,22.815615021214636,2043,440.2294017094,167.33249914529915,139.54659145299047,Projected
Egypt,EGY,Africa,Africa,21.77323076923075,20.675309781822918,22.871151756638582,2044,437.85615384615267,168.79683076923038,142.75572307692255,Projected
Egypt,EGY,Africa,Africa,21.81512820512819,20.703303430096323,22.926952980160056,2045,435.4829059829044,170.26116239316207,145.96485470085372,Projected
Egypt,EGY,Africa,Africa,21.85702564102563,20.731042388029838,22.98300889402142,2046,433.10965811965616,171.72549401709375,149.1739863247858,Projected
Egypt,EGY,Africa,Africa,21.898923076923055,20.7585361419104,23.039310011935708,2047,430.7364102564088,173.18982564102544,152.38311794871697,Projected
Egypt,EGY,Africa,Africa,21.940820512820494,20.78579386510349,23.0958471605375,2048,428.36316239316056,174.65415726495712,155.59224957264905,Projected
Egypt,EGY,Africa,Africa,21.982717948717934,20.812824418436882,23.152611478998985,2049,425.9899145299123,176.1184888888888,158.80138119658113,Projected
Egypt,EGY,Africa,Africa,22.02461538461536,20.8396363521769,23.209594417053818,2050,423.61666666666497,177.5828205128205,162.0105128205123,Projected
Eritrea,ERI,Africa,Africa,24.33073846153843,23.43402147741009,25.22745544566677,2026,1518.322553846152,1.4024923076922846,86.93329230768995,Projected
Eritrea,ERI,Africa,Africa,24.377374358974322,23.47330711267456,25.281441605274082,2027,1521.6511760683743,1.4275487179486959,90.17923418803184,Projected
Eritrea,ERI,Africa,Africa,24.424010256410227,23.51213347335056,25.335887039469895,2028,1524.9797982905966,1.4526051282051071,93.42517606837464,Projected
Eritrea,ERI,Africa,Africa,24.47064615384612,23.550512253493626,25.39078005419861,2029,1528.3084205128189,1.4776615384615184,96.67111794871653,Projected
Eritrea,ERI,Africa,Africa,24.51728205128201,23.588455389780556,25.446108712783463,2030,1531.6370427350412,1.5027179487179225,99.91705982905842,Projected
Eritrea,ERI,Africa,Africa,24.563917948717915,23.625974994643734,25.501860902792096,2031,1534.9656649572635,1.5277743589743338,103.1630017094003,Projected
Eritrea,ERI,Africa,Africa,24.610553846153806,23.663083293301483,25.55802439900613,2032,1538.2942871794858,1.552830769230745,106.4089435897422,Projected
Eritrea,ERI,Africa,Africa,24.65718974358971,23.69979256509451,25.614586922084914,2033,1541.622909401708,1.5778871794871563,109.65488547008408,Projected
Eritrea,ERI,Africa,Africa,24.703825641025603,23.736115089413044,25.67153619263816,2034,1544.9515316239304,1.6029435897435675,112.90082735042597,Projected
Eritrea,ERI,Africa,Africa,24.750461538461508,23.772063096385168,25.728859980537848,2035,1548.2801538461526,1.6279999999999717,116.14676923076786,Projected
Eritrea,ERI,Africa,Africa,24.7970974358974,23.80764872239278,25.786546149402017,2036,1551.608776068375,1.653056410256383,119.39271111110975,Projected
Eritrea,ERI,Africa,Africa,24.84373333333329,23.842883970393043,25.844582696273537,2037,1554.9373982905972,1.6781128205127942,122.63865299145164,Projected
Eritrea,ERI,Africa,Africa,24.890369230769195,23.87778067494641,25.90295778659198,2038,1558.2660205128195,1.7031692307692055,125.88459487179352,Projected
Eritrea,ERI,Africa,Africa,24.937005128205087,23.91235047179052,25.961659784619652,2039,1561.5946427350418,1.7282256410256167,129.1305367521354,Projected
Eritrea,ERI,Africa,Africa,24.983641025640992,23.946604771750007,26.020677279531977,2040,1564.923264957264,1.753282051282028,132.3764786324773,Projected
Eritrea,ERI,Africa,Africa,25.030276923076883,23.980554738734828,26.07999910741894,2041,1568.2518871794864,1.7783384615384321,135.6224205128192,Projected
Eritrea,ERI,Africa,Africa,25.076912820512774,24.01421127155423,26.139614369471317,2042,1571.5805094017087,1.8033948717948434,138.86836239316108,Projected
Eritrea,ERI,Africa,Africa,25.12354871794868,24.04758498925643,26.19951244664093,2043,1574.909131623931,1.8284512820512546,142.11430427350297,Projected
Eritrea,ERI,Africa,Africa,25.17018461538457,24.08068621969636,26.25968301107278,2044,1578.2377538461533,1.8535076923076659,145.36024615384486,Projected
Eritrea,ERI,Africa,Africa,25.216820512820476,24.11352499103293,26.320116034608024,2045,1581.5663760683756,1.8785641025640771,148.60618803418674,Projected
Eritrea,ERI,Africa,Africa,25.263456410256367,24.146111025861217,26.380801794651518,2046,1584.8949982905979,1.9036205128204813,151.85212991452863,Projected
Eritrea,ERI,Africa,Africa,25.310092307692273,24.1784537376951,26.441730877689444,2047,1588.2236205128202,1.9286769230768925,155.09807179487052,Projected
Eritrea,ERI,Africa,Africa,25.356728205128164,24.21056222952744,26.502894180728887,2048,1591.5522427350425,1.9537333333333038,158.3440136752124,Projected
Eritrea,ERI,Africa,Africa,25.403364102564055,24.242445294211077,26.564282910917033,2049,1594.8808649572647,1.978789743589715,161.5899555555543,Projected
Eritrea,ERI,Africa,Africa,25.44999999999996,24.27411141641985,26.62588858358007,2050,1598.209487179487,2.0038461538461263,164.8358974358962,Projected
Spain,ESP,Europe,Europe,6.9681538461538395,6.0609580400536665,7.8753496522540125,2026,1371.3102461538479,21.084184615384515,88.31646153846032,Projected
Spain,ESP,Europe,Europe,6.993829059829054,6.079197098137237,7.90846102152087,2027,1371.75886837607,21.320078632478555,91.57258119657945,Projected
Spain,ESP,Europe,Europe,7.019504273504268,6.096971514658416,7.942037032350119,2028,1372.2074905982925,21.55597264957254,94.82870085469949,Projected
Spain,ESP,Europe,Europe,7.045179487179482,6.114293120326744,7.976065854032219,2029,1372.6561128205149,21.79186666666658,98.08482051281862,Projected
Spain,ESP,Europe,Europe,7.070854700854703,6.131173991308173,8.010535410401232,2030,1373.104735042737,22.02776068376056,101.34094017093867,Projected
Spain,ESP,Europe,Europe,7.096529914529917,6.147626381578074,8.045433447481761,2031,1373.5533572649595,22.2636547008546,104.59705982905871,Projected
Spain,ESP,Europe,Europe,7.122205128205131,6.1636626592158095,8.080747597194453,2032,1374.0019794871819,22.49954871794864,107.85317948717784,Projected
Spain,ESP,Europe,Europe,7.147880341880345,6.179295247055513,8.116465436705177,2033,1374.450601709404,22.735442735042625,111.10929914529788,Projected
Spain,ESP,Europe,Europe,7.173555555555559,6.194536567981491,8.152574543129628,2034,1374.8992239316265,22.971336752136665,114.36541880341701,Projected
Spain,ESP,Europe,Europe,7.199230769230773,6.209398995040173,8.189062543421374,2035,1375.3478461538489,23.207230769230648,117.62153846153706,Projected
Spain,ESP,Europe,Europe,7.224905982905987,6.223894806436364,8.22591715937561,2036,1375.796468376071,23.443124786324688,120.8776581196571,Projected
Spain,ESP,Europe,Europe,7.2505811965812015,6.238036145390922,8.263126247771481,2037,1376.2450905982935,23.679018803418728,124.13377777777623,Projected
Spain,ESP,Europe,Europe,7.276256410256416,6.251834984760157,8.300677835752674,2038,1376.6937128205157,23.91491282051271,127.38989743589627,Projected
Spain,ESP,Europe,Europe,7.30193162393163,6.2653030962542,8.33856015160906,2039,1377.142335042738,24.15080683760675,130.6460170940154,Projected
Spain,ESP,Europe,Europe,7.327606837606844,6.278452024041845,8.376761651171844,2040,1377.5909572649605,24.386700854700734,133.90213675213545,Projected
Spain,ESP,Europe,Europe,7.353282051282058,6.291293062491889,8.415271040072227,2041,1378.0395794871827,24.622594871794774,137.1582564102555,Projected
Spain,ESP,Europe,Europe,7.378957264957272,6.303837237774462,8.45407729214008,2042,1378.488201709405,24.858488888888758,140.41437606837462,Projected
Spain,ESP,Europe,Europe,7.404632478632486,6.31609529302944,8.493169664235532,2043,1378.9368239316275,25.094382905982798,143.67049572649466,Projected
Spain,ESP,Europe,Europe,7.4303076923077,6.328077676800655,8.532537707814745,2044,1379.3854461538497,25.330276923076838,146.9266153846147,Projected
Spain,ESP,Europe,Europe,7.455982905982914,6.339794534433665,8.572171277532163,2045,1379.834068376072,25.56617094017082,150.18273504273384,Projected
Spain,ESP,Europe,Europe,7.481658119658128,6.351255702139525,8.612060537176731,2046,1380.2826905982943,25.80206495726486,153.43885470085388,Projected
Spain,ESP,Europe,Europe,7.507333333333342,6.362470703436172,8.652195963230513,2047,1380.7313128205167,26.037958974358844,156.694974358973,Projected
Spain,ESP,Europe,Europe,7.533008547008556,6.3734487476919055,8.692568346325208,2048,1381.179935042739,26.273852991452884,159.95109401709306,Projected
Spain,ESP,Europe,Europe,7.5586837606837705,6.384198730510753,8.733168790856787,2049,1381.6285572649613,26.509747008546924,163.2072136752131,Projected
Spain,ESP,Europe,Europe,7.5843589743589845,6.394729235716419,8.77398871300155,2050,1382.0771794871837,26.745641025640907,166.46333333333223,Projected
Estonia,EST,Europe,Europe,18.481692307692306,17.794194279967286,19.169190335417326,2026,1017.6721230769213,3.3963692307691957,85.0697538461518,Projected
Estonia,EST,Europe,Europe,18.51936752136752,17.826234169637765,19.212500873097277,2027,1019.7204854700835,3.3883794871794493,88.29002051281896,Projected
Estonia,EST,Europe,Europe,18.557042735042735,17.85792194110444,19.25616352898103,2028,1021.7688478632458,3.380389743589703,91.5102871794852,Projected
Estonia,EST,Europe,Europe,18.59471794871795,17.889266560005623,19.300169337430276,2029,1023.8172102564081,3.3723999999999563,94.73055384615236,Projected
Estonia,EST,Europe,Europe,18.632393162393164,17.920277177993263,19.344509146793065,2030,1025.8655726495704,3.36441025641021,97.95082051281861,Projected
Estonia,EST,Europe,Europe,18.67006837606838,17.950963081468217,19.38917367066854,2031,1027.9139350427326,3.3564205128204634,101.17108717948577,Projected
Estonia,EST,Europe,Europe,18.707743589743593,17.981333643302477,19.43415353618471,2032,1029.962297435895,3.348430769230717,104.39135384615201,Projected
Estonia,EST,Europe,Europe,18.745418803418808,18.011398277862725,19.47943932897489,2033,1032.0106598290581,3.3404410256409705,107.61162051281917,Projected
Estonia,EST,Europe,Europe,18.783094017094022,18.04116639955365,19.525021634634395,2034,1034.0590222222204,3.332451282051224,110.83188717948542,Projected
Estonia,EST,Europe,Europe,18.820769230769223,18.070647385011423,19.570891076527023,2035,1036.1073846153827,3.3244615384614775,114.05215384615258,Projected
Estonia,EST,Europe,Europe,18.858444444444437,18.099850538998652,19.617038349890223,2036,1038.155747008545,3.316471794871731,117.27242051281883,Projected
Estonia,EST,Europe,Europe,18.896119658119652,18.128785063983333,19.66345425225597,2037,1040.2041094017072,3.3084820512819846,120.49268717948598,Projected
Estonia,EST,Europe,Europe,18.933794871794866,18.157460033326526,19.710129710263207,2038,1042.2524717948695,3.300492307692238,123.71295384615223,Projected
Estonia,EST,Europe,Europe,18.97147008547008,18.18588436795517,19.757055802984993,2039,1044.3008341880318,3.2925025641024916,126.93322051281939,Projected
Estonia,EST,Europe,Europe,19.009145299145295,18.214066816359075,19.804223781931515,2040,1046.349196581194,3.284512820512745,130.15348717948564,Projected
Estonia,EST,Europe,Europe,19.04682051282051,18.242015937722737,19.851625087918283,2041,1048.3975589743563,3.2765230769229987,133.3737538461528,Projected
Estonia,EST,Europe,Europe,19.084495726495724,18.269740087982296,19.899251365009153,2042,1050.4459213675186,3.2685333333332522,136.59402051281904,Projected
Estonia,EST,Europe,Europe,19.12217094017094,18.297247408585736,19.94709447175614,2043,1052.494283760681,3.2605435897435058,139.8142871794862,Projected
Estonia,EST,Europe,Europe,19.159846153846154,18.324545817728044,19.995146489964263,2044,1054.5426461538432,3.2525538461537593,143.03455384615245,Projected
Estonia,EST,Europe,Europe,19.197521367521368,18.351643003832177,20.04339973121056,2045,1056.5910085470055,3.244564102564013,146.2548205128196,Projected
Estonia,EST,Europe,Europe,19.235196581196583,18.378546421050427,20.09184674134274,2046,1058.6393709401677,3.2365743589742664,149.47508717948585,Projected
Estonia,EST,Europe,Europe,19.272871794871797,18.40526328656761,20.140480303175984,2047,1060.68773333333,3.22858461538452,152.695353846153,Projected
Estonia,EST,Europe,Europe,19.31054700854701,18.43180057949728,20.189293437596742,2048,1062.7360957264923,3.2205948717947734,155.91562051281926,Projected
Estonia,EST,Europe,Europe,19.348222222222226,18.45816504117376,20.238279403270692,2049,1064.7844581196546,3.212605128205027,159.1358871794855,Projected
Estonia,EST,Europe,Europe,19.38589743589744,18.48436317665563,20.28743169513925,2050,1066.8328205128169,3.2046153846152805,162.35615384615267,Projected
Ethiopia,ETH,Africa,Africa,18.021076923076905,17.40291109260532,18.63924275354849,2026,723.064184615384,8.334184615384572,87.36892307692142,Projected
Ethiopia,ETH,Africa,Africa,18.056940170940152,17.433707322669413,18.68017301921089,2027,725.7091384615378,8.449993162393127,90.5514358974342,Projected
Ethiopia,ETH,Africa,Africa,18.0928034188034,17.46418694463705,18.72141989296975,2028,728.3540923076916,8.565801709401654,93.73394871794699,Projected
Ethiopia,ETH,Africa,Africa,18.128666666666646,17.494358019987718,18.762975313345574,2029,730.9990461538455,8.68161025641021,96.91646153846068,Projected
Ethiopia,ETH,Africa,Africa,18.164529914529894,17.524228777455612,18.804831051604175,2030,733.6439999999993,8.797418803418765,100.09897435897346,Projected
Ethiopia,ETH,Africa,Africa,18.20039316239314,17.55380756693479,18.846978757851492,2031,736.2889538461532,8.91322735042732,103.28148717948625,Projected
Ethiopia,ETH,Africa,Africa,18.236256410256388,17.583102816070085,18.88941000444269,2032,738.933907692307,9.029035897435875,106.46399999999903,Projected
Ethiopia,ETH,Africa,Africa,18.272119658119635,17.61212298981639,18.932116326422882,2033,741.5788615384608,9.144844444444402,109.64651282051182,Projected
Ethiopia,ETH,Africa,Africa,18.307982905982882,17.640876553162784,18.97508925880298,2034,744.2238153846156,9.260652991452957,112.8290256410246,Projected
Ethiopia,ETH,Africa,Africa,18.34384615384613,17.66937193713868,19.018320370553578,2035,746.8687692307694,9.376461538461513,116.01153846153738,Projected
Ethiopia,ETH,Africa,Africa,18.37970940170939,17.69761750814815,19.061801295270634,2036,749.5137230769233,9.492270085470068,119.19405128205017,Projected
Ethiopia,ETH,Africa,Africa,18.41557264957264,17.72562154061676,19.105523758528516,2037,752.1586769230771,9.608078632478595,122.37656410256295,Projected
Ethiopia,ETH,Africa,Africa,18.451435897435886,17.753392192883247,19.149479601988524,2038,754.803630769231,9.72388717948715,125.55907692307574,Projected
Ethiopia,ETH,Africa,Africa,18.487299145299133,17.78093748622473,19.193660804373536,2039,757.4485846153848,9.839695726495705,128.74158974358852,Projected
Ethiopia,ETH,Africa,Africa,18.52316239316238,17.80826528687102,19.23805949945374,2040,760.0935384615386,9.95550427350426,131.9241025641013,Projected
Ethiopia,ETH,Africa,Africa,18.559025641025627,17.835383290837484,19.28266799121377,2041,762.7384923076925,10.071312820512816,135.1066153846141,Projected
Ethiopia,ETH,Africa,Africa,18.594888888888875,17.86229901138815,19.3274787663896,2042,765.3834461538463,10.187121367521343,138.28912820512778,Projected
Ethiopia,ETH,Africa,Africa,18.630752136752122,17.889019768929415,19.372484504574828,2043,768.0284000000001,10.302929914529898,141.47164102564057,Projected
Ethiopia,ETH,Africa,Africa,18.66661538461537,17.915552683129086,19.417678086101652,2044,770.6733538461549,10.418738461538453,144.65415384615335,Projected
Ethiopia,ETH,Africa,Africa,18.702478632478616,17.941904667054793,19.46305259790244,2045,773.3183076923087,10.534547008547008,147.83666666666613,Projected
Ethiopia,ETH,Africa,Africa,18.738341880341864,17.96808242312903,19.508601337554698,2046,775.9632615384626,10.650355555555535,151.01917948717892,Projected
Ethiopia,ETH,Africa,Africa,18.77420512820511,17.9940924407043,19.55431781570592,2047,778.6082153846164,10.76616410256409,154.2016923076917,Projected
Ethiopia,ETH,Africa,Africa,18.810068376068358,18.019940995070638,19.60019575706608,2048,781.2531692307703,10.881972649572646,157.38420512820448,Projected
Ethiopia,ETH,Africa,Africa,18.845931623931605,18.045634147718204,19.646229100145007,2049,783.8981230769241,10.997781196581201,160.56671794871727,Projected
Ethiopia,ETH,Africa,Africa,18.881794871794852,18.07117774768915,19.692411995900557,2050,786.5430769230779,11.113589743589756,163.74923076923005,Projected
Finland,FIN,Europe,Europe,16.582061538461517,15.696022298670675,17.468100778252357,2026,773.3660307692296,6.990523076923125,87.32630769230582,Projected
Finland,FIN,Europe,Europe,16.625917948717927,15.732615970714361,17.519219926721494,2027,773.9006085470073,7.0588239316239765,90.49569230769066,Projected
Finland,FIN,Europe,Europe,16.669774358974337,15.7687558370262,17.570792880922472,2028,774.435186324785,7.127124786324828,93.6650769230746,Projected
Finland,FIN,Europe,Europe,16.713630769230747,15.804453452413673,17.622808086047822,2029,774.9697641025627,7.195425641025679,96.83446153845944,Projected
Finland,FIN,Europe,Europe,16.757487179487157,15.839720611416414,17.6752537475579,2030,775.5043418803405,7.263726495726559,100.00384615384428,Projected
Finland,FIN,Europe,Europe,16.801343589743567,15.87456928223684,17.728117897250296,2031,776.0389196581182,7.33202735042741,103.17323076922912,Projected
Finland,FIN,Europe,Europe,16.845199999999977,15.909011544520329,17.781388455479625,2032,776.5734974358959,7.400328205128261,106.34261538461305,Projected
Finland,FIN,Europe,Europe,16.889056410256387,15.943059531390116,17.83505328912266,2033,777.1080752136736,7.468629059829141,109.5119999999979,Projected
Finland,FIN,Europe,Europe,16.932912820512797,15.976725376018436,17.88910026500716,2034,777.6426529914513,7.536929914529992,112.68138461538274,Projected
Finland,FIN,Europe,Europe,16.976769230769207,16.010021162901907,17.943517298636507,2035,778.177230769229,7.605230769230843,115.85076923076758,Projected
Finland,FIN,Europe,Europe,17.020625641025617,16.042958883907314,17.99829239814392,2036,778.7118085470067,7.673531623931694,119.02015384615243,Projected
Finland,FIN,Europe,Europe,17.064482051282027,16.075550399065428,18.053413703498627,2037,779.2463863247842,7.741832478632574,122.18953846153636,Projected
Finland,FIN,Europe,Europe,17.108338461538438,16.107807402015517,18.108869521061358,2038,779.7809641025619,7.810133333333425,125.3589230769212,Projected
Finland,FIN,Europe,Europe,17.152194871794862,16.139741389941584,18.16464835364814,2039,780.3155418803397,7.8784341880342765,128.52830769230604,Projected
Finland,FIN,Europe,Europe,17.196051282051272,16.17136363779271,18.220738926309835,2040,780.8501196581174,7.946735042735156,131.6976923076909,Projected
Finland,FIN,Europe,Europe,17.239907692307682,16.202685176543554,18.27713020807181,2041,781.3846974358951,8.015035897436007,134.86707692307573,Projected
Finland,FIN,Europe,Europe,17.283764102564092,16.233716775224728,18.333811429903456,2042,781.9192752136728,8.083336752136859,138.03646153845966,Projected
Finland,FIN,Europe,Europe,17.327620512820502,16.264468926437083,18.39077209920392,2043,782.4538529914505,8.151637606837738,141.2058461538445,Projected
Finland,FIN,Europe,Europe,17.371476923076912,16.29495183505565,18.448002011098176,2044,782.9884307692282,8.21993846153859,144.37523076922935,Projected
Finland,FIN,Europe,Europe,17.415333333333322,16.32517540982803,18.505491256838614,2045,783.5230085470059,8.28823931623944,147.5446153846142,Projected
Finland,FIN,Europe,Europe,17.459189743589732,16.355149257576596,18.56323022960287,2046,784.0575863247836,8.356540170940292,150.71399999999812,Projected
Finland,FIN,Europe,Europe,17.503046153846142,16.384882679722867,18.621209627969417,2047,784.5921641025614,8.424841025641172,153.88338461538297,Projected
Finland,FIN,Europe,Europe,17.546902564102552,16.414384670864962,18.679420457340143,2048,785.1267418803391,8.493141880342023,157.0527692307678,Projected
Finland,FIN,Europe,Europe,17.590758974358963,16.44366391915396,18.737854029563966,2049,785.6613196581168,8.561442735042874,160.22215384615265,Projected
Finland,FIN,Europe,Europe,17.634615384615373,16.47272880823161,18.796501960999134,2050,786.1958974358945,8.629743589743754,163.3915384615375,Projected
Fiji,FJI,Oceania,Oceania,25.428153846153833,24.700664877134635,26.15564281517303,2026,1396.7979384615364,19.080123076922916,91.30141538461248,Projected
Fiji,FJI,Oceania,Oceania,25.4542564102564,24.72080431714816,26.187708503364636,2027,1399.5198085470074,19.300844444444294,94.5167623931602,Projected
Fiji,FJI,Oceania,Oceania,25.480358974358957,24.740571156661417,26.220146792056497,2028,1402.2416786324775,19.521565811965672,97.73210940170702,Projected
Fiji,FJI,Oceania,Oceania,25.506461538461522,24.759974882833234,26.25294819408981,2029,1404.9635487179476,19.74228717948705,100.94745641025384,Projected
Fiji,FJI,Oceania,Oceania,25.532564102564088,24.779025179656248,26.286103025471927,2030,1407.6854188034176,19.963008547008428,104.16280341880156,Projected
Fiji,FJI,Oceania,Oceania,25.558666666666653,24.797731873710184,26.319601459623122,2031,1410.4072888888877,20.18372991452975,107.37815042734837,Projected
Fiji,FJI,Oceania,Oceania,25.58476923076922,24.816104883075838,26.3534335784626,2032,1413.1291589743578,20.404451282051127,110.59349743589519,Projected
Fiji,FJI,Oceania,Oceania,25.610871794871784,24.83415416974238,26.387589420001188,2033,1415.8510290598279,20.625172649572505,113.808844444442,Projected
Fiji,FJI,Oceania,Oceania,25.636974358974342,24.85188969573921,26.422059022209474,2034,1418.572899145298,20.845894017093883,117.02419145298882,Projected
Fiji,FJI,Oceania,Oceania,25.663076923076908,24.869321383130274,26.45683246302354,2035,1421.294769230768,21.06661538461526,120.23953846153654,Projected
Fiji,FJI,Oceania,Oceania,25.689179487179473,24.8864590779251,26.491899896433846,2036,1424.016639316238,21.28733675213664,123.45488547008335,Projected
Fiji,FJI,Oceania,Oceania,25.71528205128204,24.903312517888306,26.52725158467577,2037,1426.7385094017081,21.508058119658017,126.67023247863017,Projected
Fiji,FJI,Oceania,Oceania,25.741384615384604,24.919891304167553,26.562877926601654,2038,1429.4603794871782,21.728779487179338,129.8855794871779,Projected
Fiji,FJI,Oceania,Oceania,25.76748717948717,24.936204876609466,26.598769482364872,2039,1432.1822495726483,21.949500854700716,133.1009264957247,Projected
Fiji,FJI,Oceania,Oceania,25.793589743589727,24.952262492593096,26.63491699458636,2040,1434.9041196581184,22.170222222222094,136.31627350427152,Projected
Fiji,FJI,Oceania,Oceania,25.819692307692293,24.968073209180506,26.67131140620408,2041,1437.6259897435893,22.390943589743472,139.53162051281834,Projected
Fiji,FJI,Oceania,Oceania,25.84579487179486,24.98364586836268,26.707943875227038,2042,1440.3478598290594,22.61166495726485,142.74696752136515,Projected
Fiji,FJI,Oceania,Oceania,25.871897435897424,24.998989085165938,26.74480578662891,2043,1443.0697299145295,22.832386324786228,145.96231452991287,Projected
Fiji,FJI,Oceania,Oceania,25.89799999999999,25.014111238377236,26.781888761622742,2044,1445.7915999999996,23.053107692307606,149.1776615384597,Projected
Fiji,FJI,Oceania,Oceania,25.924102564102554,25.02902046364593,26.819184664559177,2045,1448.5134700854696,23.273829059828927,152.3930085470065,Projected
Fiji,FJI,Oceania,Oceania,25.950205128205113,25.043724648723472,26.856685607686753,2046,1451.2353401709397,23.494550427350305,155.60835555555423,Projected
Fiji,FJI,Oceania,Oceania,25.976307692307678,25.05823143060973,26.894383954005626,2047,1453.9572102564098,23.715271794871683,158.82370256410104,Projected
Fiji,FJI,Oceania,Oceania,26.002410256410244,25.07254819438498,26.93227231843551,2048,1456.6790803418799,23.93599316239306,162.03904957264785,Projected
Fiji,FJI,Oceania,Oceania,26.02851282051281,25.08668207351892,26.9703435675067,2049,1459.40095042735,24.15671452991444,165.25439658119467,Projected
Fiji,FJI,Oceania,Oceania,26.054615384615374,25.100639951461645,27.008590817769104,2050,1462.12282051282,24.377435897435817,168.46974358974148,Projected
Falkland Islands,FLK,South America,Americas,24.101599999999983,23.3159540856932,24.887245914306767,2026,2121.1465230769218,10.629261538461527,88.91633846153672,Projected
Falkland Islands,FLK,South America,Americas,24.134567521367508,23.34248177872439,24.926653264010625,2027,2122.7886017094006,10.60920683760682,91.97643760683604,Projected
Falkland Islands,FLK,South America,Americas,24.167535042735032,23.3686070848148,24.966463000655263,2028,2124.4306803418795,10.58915213675212,95.03653675213536,Projected
Falkland Islands,FLK,South America,Americas,24.200502564102557,23.394340249545973,25.00666487865914,2029,2126.0727589743574,10.569097435897412,98.09663589743468,Projected
Falkland Islands,FLK,South America,Americas,24.233470085470067,23.419691731068575,25.04724843987156,2030,2127.7148376068362,10.549042735042711,101.156735042734,Projected
Falkland Islands,FLK,South America,Americas,24.26643760683759,23.444672141519103,25.08820307215608,2031,2129.356916239315,10.52898803418801,104.21683418803332,Projected
Falkland Islands,FLK,South America,Americas,24.299405128205116,23.469292191849846,25.129518064560386,2032,2130.998994871794,10.508933333333303,107.27693333333173,Projected
Falkland Islands,FLK,South America,Americas,24.33237264957264,23.493562640431623,25.171182658713658,2033,2132.641073504272,10.488878632478603,110.33703247863104,Projected
Falkland Islands,FLK,South America,Americas,24.365340170940165,23.517494245678687,25.213186096201643,2034,2134.2831521367507,10.468823931623895,113.39713162393036,Projected
Falkland Islands,FLK,South America,Americas,24.398307692307675,23.541097722844906,25.255517661770444,2035,2135.9252307692295,10.448769230769194,116.45723076922968,Projected
Falkland Islands,FLK,South America,Americas,24.4312752136752,23.564383705049828,25.29816672230057,2036,2137.5673094017084,10.428714529914494,119.517329914529,Projected
Falkland Islands,FLK,South America,Americas,24.464242735042724,23.587362708514735,25.341122761570713,2037,2139.2093880341863,10.408659829059786,122.57742905982832,Projected
Falkland Islands,FLK,South America,Americas,24.49721025641025,23.61004510192253,25.384375410897967,2038,2140.851466666665,10.388605128205086,125.63752820512764,Projected
Falkland Islands,FLK,South America,Americas,24.530177777777773,23.63244107976034,25.427914475795205,2039,2142.493545299144,10.368550427350385,128.69762735042605,Projected
Falkland Islands,FLK,South America,Americas,24.563145299145297,23.6545606394609,25.471729958829695,2040,2144.135623931622,10.348495726495678,131.75772649572536,Projected
Falkland Islands,FLK,South America,Americas,24.596112820512808,23.676413562126175,25.51581207889944,2041,2145.7777025641008,10.328441025640977,134.81782564102468,Projected
Falkland Islands,FLK,South America,Americas,24.629080341880332,23.6980093965939,25.560151287166764,2042,2147.4197811965796,10.30838632478627,137.877924786324,Projected
Falkland Islands,FLK,South America,Americas,24.662047863247857,23.719357446593076,25.604738279902637,2043,2149.0618598290584,10.288331623931569,140.93802393162332,Projected
Falkland Islands,FLK,South America,Americas,24.69501538461538,23.740466760727898,25.649564008502864,2044,2150.7039384615364,10.268276923076868,143.99812307692264,Projected
Falkland Islands,FLK,South America,Americas,24.727982905982905,23.761346125028055,25.694619686937756,2045,2152.346017094015,10.24822222222216,147.05822222222105,Projected
Falkland Islands,FLK,South America,Americas,24.760950427350416,23.782004057807853,25.739896796892978,2046,2153.988095726494,10.22816752136746,150.11832136752037,Projected
Falkland Islands,FLK,South America,Americas,24.79391794871794,23.802448806584454,25.785387090851426,2047,2155.630174358973,10.208112820512753,153.17842051281968,Projected
Falkland Islands,FLK,South America,Americas,24.826885470085465,23.822688346816435,25.831082593354495,2048,2157.272252991451,10.188058119658052,156.238519658119,Projected
Falkland Islands,FLK,South America,Americas,24.85985299145299,23.842730382237548,25.87697560066843,2049,2158.9143316239297,10.168003418803352,159.29861880341832,Projected
Falkland Islands,FLK,South America,Americas,24.892820512820514,23.862582346574868,25.92305867906616,2050,2160.5564102564085,10.147948717948644,162.35871794871764,Projected
France,FRA,Europe,Europe,12.34249230769229,11.601656064655247,13.083328550729332,2026,1192.0139076923078,6.940584615384466,85.06716923076783,Projected
France,FRA,Europe,Europe,12.3732752136752,11.626366440833557,13.120183986516842,2027,1192.5569606837607,7.127835897435716,88.30912478632308,Projected
France,FRA,Europe,Europe,12.404058119658103,11.650697380392856,13.15741885892335,2028,1193.1000136752139,7.315087179487023,91.55108034187924,Projected
France,FRA,Europe,Europe,12.434841025641013,11.674658544553315,13.195023506728711,2029,1193.643066666667,7.502338461538329,94.79303589743449,Projected
France,FRA,Europe,Europe,12.465623931623917,11.69825979498023,13.232988068267604,2030,1194.1861196581199,7.689589743589579,98.03499145298974,Projected
France,FRA,Europe,Europe,12.496406837606827,11.721511138542057,13.271302536671596,2031,1194.729172649573,7.876841025640886,101.2769470085459,Projected
France,FRA,Europe,Europe,12.52718974358973,11.74442267528707,13.30995681189239,2032,1195.2722256410261,8.064092307692135,104.51890256410115,Projected
France,FRA,Europe,Europe,12.557972649572633,11.767004549977525,13.348940749167742,2033,1195.815278632479,8.251343589743442,107.7608581196564,Projected
France,FRA,Europe,Europe,12.588755555555544,11.78926690741665,13.388244203694438,2034,1196.3583316239321,8.438594871794749,111.00281367521256,Projected
France,FRA,Europe,Europe,12.619538461538447,11.811219851708936,13.427857071367958,2035,1196.9013846153853,8.625846153845998,114.24476923076782,Projected
France,FRA,Europe,Europe,12.650321367521357,11.832873409509126,13.467769325533588,2036,1197.4444376068382,8.813097435897305,117.48672478632398,Projected
France,FRA,Europe,Europe,12.68110427350426,11.854237497241048,13.507971049767473,2037,1197.9874905982913,9.000348717948555,120.72868034187923,Projected
France,FRA,Europe,Europe,12.71188717948717,11.87532189220508,13.548452466769263,2038,1198.5305435897442,9.187599999999861,123.97063589743448,Projected
France,FRA,Europe,Europe,12.742670085470074,11.896136207441135,13.589203963499013,2039,1199.0735965811973,9.374851282051168,127.21259145299064,Projected
France,FRA,Europe,Europe,12.773452991452977,11.916689870173844,13.63021611273211,2040,1199.6166495726504,9.562102564102418,130.4545470085459,Projected
France,FRA,Europe,Europe,12.804235897435888,11.936992103635609,13.671479691236167,2041,1200.1597025641033,9.749353846153724,133.69650256410114,Projected
France,FRA,Europe,Europe,12.83501880341879,11.957051912041818,13.712985694795764,2042,1200.7027555555565,9.936605128204974,136.9384581196573,Projected
France,FRA,Europe,Europe,12.865801709401701,11.976878068479104,13.754725350324298,2043,1201.2458085470096,10.12385641025628,140.18041367521255,Projected
France,FRA,Europe,Europe,12.896584615384604,11.996479105460395,13.796690125308814,2044,1201.7888615384625,10.311107692307587,143.4223692307687,Projected
France,FRA,Europe,Europe,12.927367521367515,12.015863307900204,13.838871734834825,2045,1202.3319145299156,10.498358974358837,146.66432478632396,Projected
France,FRA,Europe,Europe,12.958150427350418,12.035038708266917,13.881262146433919,2046,1202.8749675213687,10.685610256410143,149.9062803418792,Projected
France,FRA,Europe,Europe,12.988933333333328,12.054013083676802,13.923853582989855,2047,1203.4180205128216,10.872861538461393,153.14823589743537,Projected
France,FRA,Europe,Europe,13.019716239316232,12.072793954704524,13.966638523927939,2048,1203.9610735042747,11.0601128205127,156.39019145299062,Projected
France,FRA,Europe,Europe,13.050499145299135,12.091388585697905,14.009609704900365,2049,1204.5041264957279,11.247364102564006,159.63214700854587,Projected
France,FRA,Europe,Europe,13.081282051282045,12.109803986398022,14.052760116166068,2050,1205.0471794871808,11.434615384615256,162.87410256410203,Projected
Faroe Islands,FRO,Europe,Europe,16.46003076923074,15.839542155206713,17.080519383254767,2026,1396.4058153846145,36.33559999999983,88.43233846153635,Projected
Faroe Islands,FRO,Europe,Europe,16.494933333333307,15.869358661982183,17.12050800468443,2027,1401.1958188034168,36.5549606837605,91.649121367519,Projected
Faroe Islands,FRO,Europe,Europe,16.529835897435873,15.89885737099324,17.16081442387851,2028,1405.985822222221,36.774321367521225,94.86590427350257,Projected
Faroe Islands,FRO,Europe,Europe,16.56473846153844,15.928046374010712,17.201430549066167,2029,1410.7758256410252,36.993682051281894,98.08268717948522,Projected
Faroe Islands,FRO,Europe,Europe,16.599641025641006,15.956933930688606,17.242348120593405,2030,1415.5658290598276,37.21304273504256,101.29947008546787,Projected
Faroe Islands,FRO,Europe,Europe,16.634543589743572,15.985528422296051,17.283558757191095,2031,1420.3558324786318,37.43240341880323,104.51625299145144,Projected
Faroe Islands,FRO,Europe,Europe,16.66944615384614,16.013838308145097,17.32505399954718,2032,1425.145835897436,37.65176410256396,107.73303589743409,Projected
Faroe Islands,FRO,Europe,Europe,16.704348717948704,16.041872084998055,17.366825350899354,2033,1429.9358393162383,37.87112478632463,110.94981880341675,Projected
Faroe Islands,FRO,Europe,Europe,16.73925128205127,16.069638249651554,17.408864314450987,2034,1434.7258427350425,38.0904854700853,114.16660170940031,Projected
Faroe Islands,FRO,Europe,Europe,16.774153846153823,16.09714526481493,17.451162427492715,2035,1439.5158461538467,38.30984615384597,117.38338461538297,Projected
Faroe Islands,FRO,Europe,Europe,16.80905641025639,16.124401528329372,17.493711292183406,2036,1444.305849572649,38.529206837606694,120.60016752136562,Projected
Faroe Islands,FRO,Europe,Europe,16.843958974358955,16.151415345711964,17.536502603005946,2037,1449.0958529914533,38.74856752136736,123.81695042734918,Projected
Faroe Islands,FRO,Europe,Europe,16.87886153846152,16.178194905956712,17.57952817096633,2038,1453.8858564102575,38.96792820512803,127.03373333333184,Projected
Faroe Islands,FRO,Europe,Europe,16.913764102564087,16.204748260481026,17.62277994464715,2039,1458.6758598290598,39.18728888888876,130.2505162393145,Projected
Faroe Islands,FRO,Europe,Europe,16.948666666666654,16.231083305072385,17.666250028260922,2040,1463.465863247864,39.40664957264943,133.46729914529806,Projected
Faroe Islands,FRO,Europe,Europe,16.98356923076922,16.257207764664262,17.709930696874178,2041,1468.2558666666664,39.6260102564101,136.6840820512807,Projected
Faroe Islands,FRO,Europe,Europe,17.018471794871786,16.283129180752077,17.753814408991495,2042,1473.0458700854706,39.84537094017077,139.90086495726337,Projected
Faroe Islands,FRO,Europe,Europe,17.053374358974352,16.30885490124896,17.797893816699744,2043,1477.8358735042748,40.06473162393149,143.11764786324602,Projected
Faroe Islands,FRO,Europe,Europe,17.088276923076904,16.33439207257515,17.84216177357866,2044,1482.6258769230772,40.28409230769216,146.33443076922958,Projected
Faroe Islands,FRO,Europe,Europe,17.12317948717947,16.359747633774436,17.886611340584505,2045,1487.4158803418813,40.50345299145283,149.55121367521224,Projected
Faroe Islands,FRO,Europe,Europe,17.158082051282037,16.38492831245393,17.931235790110144,2046,1492.2058837606855,40.7228136752135,152.7679965811949,Projected
Faroe Islands,FRO,Europe,Europe,17.192984615384603,16.40994062235014,17.976028608419067,2047,1496.995887179488,40.94217435897423,155.98477948717846,Projected
Faroe Islands,FRO,Europe,Europe,17.22788717948717,16.434790862332765,18.020983496641573,2048,1501.785890598292,41.1615350427349,159.2015623931611,Projected
Faroe Islands,FRO,Europe,Europe,17.262789743589735,16.45948511666826,18.06609437051121,2049,1506.5758940170963,41.38089572649557,162.41834529914377,Projected
Faroe Islands,FRO,Europe,Europe,17.2976923076923,16.4840292563768,18.111355359007803,2050,1511.3658974358987,41.60025641025629,165.63512820512733,Projected
Federated States of Micronesia,FSM,Oceania,Oceania,26.442769230769215,25.44485942757359,27.44067903396484,2026,1210.230492307693,6.869107692307692,83.31553846153656,Projected
Federated States of Micronesia,FSM,Oceania,Oceania,26.48579487179485,25.4797053432157,27.491884400374005,2027,1211.339275213676,6.870095726495727,86.49842735042603,Projected
Federated States of Micronesia,FSM,Oceania,Oceania,26.528820512820502,25.514040155998917,27.543600869642088,2028,1212.448058119659,6.87108376068376,89.68131623931458,Projected
Federated States of Micronesia,FSM,Oceania,Oceania,26.57184615384614,25.5478768796309,27.59581542806138,2029,1213.556841025642,6.872071794871795,92.86420512820314,Projected
Federated States of Micronesia,FSM,Oceania,Oceania,26.614871794871775,25.58122879781987,27.64851479192368,2030,1214.6656239316253,6.873059829059828,96.0470940170926,Projected
Federated States of Micronesia,FSM,Oceania,Oceania,26.657897435897425,25.61410938986335,27.7016854819315,2031,1215.7744068376082,6.874047863247863,99.22998290598116,Projected
Federated States of Micronesia,FSM,Oceania,Oceania,26.70092307692306,25.64653226057248,27.75531389327364,2032,1216.8831897435912,6.875035897435897,102.41287179487063,Projected
Federated States of Micronesia,FSM,Oceania,Oceania,26.74394871794871,25.678511074988382,27.80938636090904,2033,1217.991972649574,6.876023931623932,105.59576068375918,Projected
Federated States of Micronesia,FSM,Oceania,Oceania,26.786974358974348,25.7100594982073,27.863889219741395,2034,1219.100755555557,6.877011965811965,108.77864957264774,Projected
Federated States of Micronesia,FSM,Oceania,Oceania,26.829999999999984,25.741191140504167,27.9188088594958,2035,1220.20953846154,6.878,111.9615384615372,Projected
Federated States of Micronesia,FSM,Oceania,Oceania,26.873025641025635,25.771919507828716,27.974131774222553,2036,1221.318321367523,6.878988034188033,115.14442735042576,Projected
Federated States of Micronesia,FSM,Oceania,Oceania,26.91605128205127,25.802257957649125,28.029844606453416,2037,1222.4271042735063,6.8799760683760685,118.32731623931522,Projected
Federated States of Micronesia,FSM,Oceania,Oceania,26.959076923076907,25.832219660033658,28.085934186120156,2038,1223.5358871794892,6.880964102564102,121.51020512820378,Projected
Federated States of Micronesia,FSM,Oceania,Oceania,27.002102564102557,25.86181756379103,28.142387564414086,2039,1224.6446700854722,6.881952136752137,124.69309401709233,Projected
Federated States of Micronesia,FSM,Oceania,Oceania,27.045128205128194,25.89106436743582,28.199192042820567,2040,1225.753452991455,6.88294017094017,127.8759829059818,Projected
Federated States of Micronesia,FSM,Oceania,Oceania,27.08815384615383,25.91997249470422,28.25633519760344,2041,1226.862235897438,6.883928205128205,131.05887179487036,Projected
Federated States of Micronesia,FSM,Oceania,Oceania,27.13117948717948,25.948554074315517,28.313804900043444,2042,1227.971018803421,6.884916239316238,134.24176068375982,Projected
Federated States of Micronesia,FSM,Oceania,Oceania,27.174205128205116,25.976820923657428,28.371589332752805,2043,1229.079801709404,6.8859042735042735,137.42464957264838,Projected
Federated States of Micronesia,FSM,Oceania,Oceania,27.217230769230767,26.004784536063887,28.429677002397646,2044,1230.1885846153868,6.886892307692307,140.60753846153693,Projected
Federated States of Micronesia,FSM,Oceania,Oceania,27.260256410256403,26.03245607135254,28.488056749160265,2045,1231.2973675213702,6.887880341880342,143.7904273504264,Projected
Federated States of Micronesia,FSM,Oceania,Oceania,27.30328205128204,26.05984634929502,28.546717753269057,2046,1232.4061504273532,6.888868376068375,146.97331623931495,Projected
Federated States of Micronesia,FSM,Oceania,Oceania,27.34630769230769,26.086965845702462,28.605649538912918,2047,1233.514933333336,6.88985641025641,150.15620512820442,Projected
Federated States of Micronesia,FSM,Oceania,Oceania,27.389333333333326,26.113824690823282,28.66484197584337,2048,1234.623716239319,6.890844444444443,153.33909401709298,Projected
Federated States of Micronesia,FSM,Oceania,Oceania,27.432358974358962,26.140432669767176,28.72428527895075,2049,1235.732499145302,6.8918324786324785,156.52198290598153,Projected
Federated States of Micronesia,FSM,Oceania,Oceania,27.475384615384613,26.166799224687402,28.783970006081823,2050,1236.841282051285,6.892820512820512,159.704871794871,Projected
Gabon,GAB,Africa,Africa,30.38387692307692,29.521030892599903,31.246722953553935,2026,760.8459076923082,1.6622769230769734,87.16710769230667,Projected
Gabon,GAB,Africa,Africa,30.42775384615384,29.557835188917405,31.297672503390277,2027,760.3480547008552,1.581391452991511,90.3986598290594,Projected
Gabon,GAB,Africa,Africa,30.471630769230764,29.594197558447977,31.34906398001355,2028,759.8502017094021,1.50050598290602,93.63021196581121,Projected
Gabon,GAB,Africa,Africa,30.515507692307686,29.630129253537255,31.400886131078117,2029,759.3523487179491,1.4196205128205577,96.86176410256394,Projected
Gabon,GAB,Africa,Africa,30.55938461538461,29.66564175998772,31.453127470781496,2030,758.8544957264961,1.3387350427350952,100.09331623931575,Projected
Gabon,GAB,Africa,Africa,30.60326153846153,29.700746732718805,31.505776344204257,2031,758.3566427350431,1.2578495726496328,103.32486837606757,Projected
Gabon,GAB,Africa,Africa,30.647138461538454,29.73545593517573,31.55882098790118,2032,757.8587897435901,1.176964102564142,106.5564205128203,Projected
Gabon,GAB,Africa,Africa,30.691015384615376,29.769781182881722,31.61224958634903,2033,757.3609367521371,1.0960786324786795,109.78797264957211,Projected
Gabon,GAB,Africa,Africa,30.7348923076923,29.803734291407736,31.66605032397686,2034,756.8630837606842,1.015193162393217,113.01952478632484,Projected
Gabon,GAB,Africa,Africa,30.77876923076922,29.837327028923244,31.720211432615198,2035,756.3652307692312,0.9343076923077547,116.25107692307665,Projected
Gabon,GAB,Africa,Africa,30.822646153846144,29.870571073392597,31.77472123429969,2036,755.8673777777782,0.8534222222222638,119.48262905982847,Projected
Gabon,GAB,Africa,Africa,30.866523076923066,29.903477974395102,31.82956817945103,2037,755.3695247863252,0.7725367521368014,122.7141811965812,Projected
Gabon,GAB,Africa,Africa,30.91039999999999,29.93605911947408,31.884740880525897,2038,754.8716717948722,0.691651282051339,125.94573333333301,Projected
Gabon,GAB,Africa,Africa,30.95427692307691,29.96832570486004,31.940228141293783,2039,754.3738188034192,0.6107658119658481,129.17728547008483,Projected
Gabon,GAB,Africa,Africa,30.998153846153848,30.000288710365894,31.996018981941802,2040,753.8759658119662,0.5298803418803857,132.40883760683755,Projected
Gabon,GAB,Africa,Africa,31.04203076923077,30.03195887821641,32.052102660245126,2041,753.3781128205133,0.44899487179492326,135.64038974358937,Projected
Gabon,GAB,Africa,Africa,31.085907692307693,30.06334669554908,32.10846868906631,2042,752.8802598290602,0.3681094017094608,138.8719418803421,Projected
Gabon,GAB,Africa,Africa,31.129784615384615,30.094462380307508,32.165106850461726,2043,752.3824068376072,0.28722393162397,142.1034940170939,Projected
Gabon,GAB,Africa,Africa,31.173661538461538,30.125315870241092,32.22200720668199,2044,751.8845538461542,0.20633846153850754,145.33504615384572,Projected
Gabon,GAB,Africa,Africa,31.21753846153846,30.155916814723298,32.27916010835362,2045,751.3867008547012,0.12545299145304512,148.56659829059845,Projected
Gabon,GAB,Africa,Africa,31.261415384615383,30.186274569105652,32.336556200125116,2046,750.8888478632482,0.044567521367582685,151.79815042735027,Projected
Gabon,GAB,Africa,Africa,31.305292307692305,30.216398191333074,32.39418642405154,2047,750.3909948717952,0,155.029702564103,Projected
Gabon,GAB,Africa,Africa,31.349169230769228,30.246296440558577,32.452042020979874,2048,749.8931418803422,0,158.2612547008548,Projected
Gabon,GAB,Africa,Africa,31.39304615384615,30.2759777775098,32.5101145301825,2049,749.3952888888892,0,161.49280683760662,Projected
Gabon,GAB,Africa,Africa,31.436923076923073,30.305450366375947,32.568395787470195,2050,748.8974358974363,0,164.72435897435935,Projected
United Kingdom,GBR,Europe,Europe,8.112923076923053,7.492407859623116,8.73343829422299,2026,1047.8010153846167,5.375938461538425,91.68123076922893,Projected
United Kingdom,GBR,Europe,Europe,8.14900854700852,7.523407054318201,8.77461003969884,2027,1047.113483760685,5.472475213675182,94.93494017093872,Projected
United Kingdom,GBR,Europe,Europe,8.185094017094002,7.5540884376233945,8.816099596564609,2028,1046.4259521367535,5.569011965811939,98.1886495726485,Projected
United Kingdom,GBR,Europe,Europe,8.22117948717947,7.584460101656435,8.857898872702505,2029,1045.738420512822,5.665548717948695,101.44235897435738,Projected
United Kingdom,GBR,Europe,Europe,8.257264957264937,7.614530306425468,8.899999608104405,2030,1045.0508888888903,5.762085470085424,104.69606837606716,Projected
United Kingdom,GBR,Europe,Europe,8.293350427350404,7.644307433558968,8.94239342114184,2031,1044.3633572649587,5.858622222222181,107.94977777777694,Projected
United Kingdom,GBR,Europe,Europe,8.329435897435886,7.673799942731692,8.98507185214008,2032,1043.6758256410271,5.9551589743589375,111.20348717948582,Projected
United Kingdom,GBR,Europe,Europe,8.365521367521353,7.703016331070218,9.028026403972488,2033,1042.9882940170955,6.051695726495694,114.4571965811956,Projected
United Kingdom,GBR,Europe,Europe,8.40160683760682,7.731965095735488,9.071248579478153,2034,1042.300762393164,6.148232478632451,117.71090598290448,Projected
United Kingdom,GBR,Europe,Europe,8.437692307692288,7.760654699799685,9.114729915584892,2035,1041.6132307692324,6.244769230769208,120.96461538461426,Projected
United Kingdom,GBR,Europe,Europe,8.473777777777755,7.789093541464027,9.158462014091484,2036,1040.9256991453008,6.341305982905965,124.21832478632405,Projected
United Kingdom,GBR,Europe,Europe,8.509863247863237,7.817289926601723,9.20243656912475,2037,1040.2381675213692,6.437842735042722,127.47203418803292,Projected
United Kingdom,GBR,Europe,Europe,8.545948717948704,7.845252044557853,9.246645391339555,2038,1039.5506358974376,6.5343794871794785,130.7257435897427,Projected
United Kingdom,GBR,Europe,Europe,8.582034188034172,7.872987947095037,9.291080428973306,2039,1038.863104273506,6.630916239316235,133.97945299145158,Projected
United Kingdom,GBR,Europe,Europe,8.618119658119639,7.900505530339295,9.335733785899983,2040,1038.1755726495744,6.727452991452992,137.23316239316136,Projected
United Kingdom,GBR,Europe,Europe,8.654205128205106,7.927812519555295,9.380597736854918,2041,1037.4880410256428,6.823989743589749,140.48687179487115,Projected
United Kingdom,GBR,Europe,Europe,8.690290598290588,7.954916456561816,9.42566474001936,2042,1036.8005094017112,6.920526495726477,143.74058119658002,Projected
United Kingdom,GBR,Europe,Europe,8.726376068376055,7.981824689586995,9.470927447165115,2043,1036.1129777777796,7.017063247863234,146.9942905982898,Projected
United Kingdom,GBR,Europe,Europe,8.762461538461523,8.0085443653575,9.516378711565546,2044,1035.425446153848,7.113599999999991,150.2479999999996,Projected
United Kingdom,GBR,Europe,Europe,8.79854700854699,8.035082423214606,9.562011593879374,2045,1034.7379145299165,7.210136752136748,153.50170940170847,Projected
United Kingdom,GBR,Europe,Europe,8.834632478632471,8.061445591053895,9.607819366211048,2046,1034.0503829059849,7.306673504273505,156.75541880341825,Projected
United Kingdom,GBR,Europe,Europe,8.870717948717939,8.087640382891122,9.653795514544756,2047,1033.3628512820533,7.4032102564102615,160.00912820512713,Projected
United Kingdom,GBR,Europe,Europe,8.906803418803406,8.11367309786606,9.699933739740752,2048,1032.6753196581217,7.499747008547018,163.2628376068369,Projected
United Kingdom,GBR,Europe,Europe,8.942888888888874,8.139549820506032,9.746227957271715,2049,1031.98778803419,7.596283760683775,166.5165470085467,Projected
United Kingdom,GBR,Europe,Europe,8.978974358974341,8.16527642208292,9.792672295865762,2050,1031.3002564102585,7.692820512820532,169.77025641025557,Projected
Georgia,GEO,Asia,Asia,30.524461538461516,29.736273005511677,31.312650071411355,2026,1372.4889538461541,1003.6089230769212,88.75249230768986,Projected
Georgia,GEO,Asia,Asia,30.56088888888886,29.766239686117633,31.35553809166009,2027,1373.217565811966,1012.7267350427319,91.98806153845908,Projected
Georgia,GEO,Asia,Asia,30.59731623931622,29.795802677521174,31.39882980111127,2028,1373.946177777778,1021.8445470085426,95.2236307692283,Projected
Georgia,GEO,Asia,Asia,30.633743589743567,29.82497225846203,31.442514921025104,2029,1374.6747897435903,1030.962358974357,98.45919999999751,Projected
Georgia,GEO,Asia,Asia,30.670170940170912,29.85375892093704,31.486582959404785,2030,1375.4034017094023,1040.0801709401676,101.69476923076672,Projected
Georgia,GEO,Asia,Asia,30.706598290598272,29.882173311427184,31.53102326976936,2031,1376.1320136752142,1049.197982905982,104.93033846153594,Projected
Georgia,GEO,Asia,Asia,30.743025641025618,29.91022617554905,31.575825106502187,2032,1376.8606256410262,1058.3157948717926,108.16590769230515,Projected
Georgia,GEO,Asia,Asia,30.779452991452963,29.937928306491216,31.62097767641471,2033,1377.5892376068382,1067.4336068376033,111.40147692307437,Projected
Georgia,GEO,Asia,Asia,30.815880341880323,29.965290497485874,31.666470186274772,2034,1378.3178495726502,1076.5514188034176,114.63704615384358,Projected
Georgia,GEO,Asia,Asia,30.85230769230767,29.99232349846509,31.712291886150247,2035,1379.0464615384622,1085.6692307692283,117.8726153846128,Projected
Georgia,GEO,Asia,Asia,30.88873504273503,30.019037976960824,31.758432108509233,2036,1379.7750735042741,1094.787042735039,121.10818461538202,Projected
Georgia,GEO,Asia,Asia,30.925162393162374,30.045444483228426,31.804880303096322,2037,1380.5036854700863,1103.9048547008533,124.34375384615123,Projected
Georgia,GEO,Asia,Asia,30.96158974358972,30.071553419507417,31.851626067672022,2038,1381.2322974358983,1113.022666666664,127.57932307692136,Projected
Georgia,GEO,Asia,Asia,30.99801709401708,30.09737501327778,31.89865917475638,2039,1381.9609094017103,1122.1404786324783,130.81489230769057,Projected
Georgia,GEO,Asia,Asia,31.034444444444425,30.122919294327332,31.945969594561518,2040,1382.6895213675223,1131.258290598289,134.05046153845979,Projected
Georgia,GEO,Asia,Asia,31.07087179487177,30.148196075413054,31.993547514330487,2041,1383.4181333333343,1140.3761025640997,137.286030769229,Projected
Georgia,GEO,Asia,Asia,31.10729914529913,30.17321493627597,32.04138335432229,2042,1384.1467452991462,1149.493914529914,140.52159999999822,Projected
Georgia,GEO,Asia,Asia,31.143726495726476,30.19798521075511,32.08946778069784,2043,1384.8753572649582,1158.6117264957247,143.75716923076743,Projected
Georgia,GEO,Asia,Asia,31.180153846153836,30.222515976739075,32.137791715568596,2044,1385.6039692307702,1167.7295384615354,146.99273846153665,Projected
Georgia,GEO,Asia,Asia,31.21658119658118,30.246816048692118,32.186346344470245,2045,1386.3325811965824,1176.8473504273497,150.22830769230586,Projected
Georgia,GEO,Asia,Asia,31.253008547008527,30.27089397249675,32.2351231215203,2046,1387.0611931623944,1185.9651623931604,153.46387692307508,Projected
Georgia,GEO,Asia,Asia,31.289435897435887,30.294758022361908,32.28411377250986,2047,1387.7898051282064,1195.0829743589748,156.6994461538443,Projected
Georgia,GEO,Asia,Asia,31.325863247863232,30.318416199557454,32.33331029616901,2048,1388.5184170940183,1204.2007863247854,159.9350153846135,Projected
Georgia,GEO,Asia,Asia,31.362290598290578,30.341876232749076,32.382704963832076,2049,1389.2470290598303,1213.3185982905961,163.17058461538272,Projected
Georgia,GEO,Asia,Asia,31.398717948717938,30.365145579721947,32.43229031771393,2050,1389.9756410256423,1222.4364102564105,166.40615384615194,Projected
Guernsey,GGY,Europe,Europe,12.213630769230747,11.429576727284964,12.99768481117653,2026,1163.2173538461545,17.055384615384526,86.60966153846039,Projected
Guernsey,GGY,Europe,Europe,12.240167521367496,11.449686699437766,13.030648343297226,2027,1164.4488957264964,17.25162393162384,89.8339384615374,Projected
Guernsey,GGY,Europe,Europe,12.266704273504246,11.469395099964466,13.064013447044026,2028,1165.6804376068387,17.44786324786321,93.05821538461441,Projected
Guernsey,GGY,Europe,Europe,12.293241025641002,11.488712153687066,13.097769897594938,2029,1166.9119794871806,17.644102564102525,96.28249230769143,Projected
Guernsey,GGY,Europe,Europe,12.319777777777752,11.507648297565973,13.13190725798953,2030,1168.1435213675225,17.84034188034184,99.50676923076844,Projected
Guernsey,GGY,Europe,Europe,12.346314529914501,11.526214122235396,13.166414937593606,2031,1169.3750632478643,18.036581196581153,102.73104615384545,Projected
Guernsey,GGY,Europe,Europe,12.372851282051258,11.544420316945162,13.201282247157353,2032,1170.6066051282062,18.232820512820467,105.95532307692247,Projected
Guernsey,GGY,Europe,Europe,12.399388034188007,11.562277618267506,13.236498450108508,2033,1171.838147008548,18.42905982905978,109.17959999999948,Projected
Guernsey,GGY,Europe,Europe,12.425924786324757,11.579796762818045,13.272052809831468,2034,1173.0696888888904,18.625299145299095,112.4038769230765,Projected
Guernsey,GGY,Europe,Europe,12.452461538461513,11.596988444139459,13.307934632783567,2035,1174.3012307692322,18.82153846153841,115.62815384615351,Projected
Guernsey,GGY,Europe,Europe,12.478998290598263,11.613863273806476,13.344133307390049,2036,1175.532772649574,19.01777777777778,118.85243076923052,Projected
Guernsey,GGY,Europe,Europe,12.505535042735012,11.630431746732476,13.380638338737548,2037,1176.764314529916,19.214017094017095,122.07670769230754,Projected
Guernsey,GGY,Europe,Europe,12.532071794871769,11.646704210591388,13.41743937915215,2038,1177.9958564102578,19.41025641025641,125.30098461538455,Projected
Guernsey,GGY,Europe,Europe,12.558608547008518,11.6626908392143,13.454526254802737,2039,1179.2273982905997,19.606495726495723,128.52526153846156,Projected
Guernsey,GGY,Europe,Europe,12.585145299145267,11.678401609777197,13.491888988513338,2040,1180.458940170942,19.802735042735037,131.74953846153858,Projected
Guernsey,GGY,Europe,Europe,12.611682051282024,11.693846283563644,13.529517819000404,2041,1181.6904820512839,19.99897435897435,134.97381538461468,Projected
Guernsey,GGY,Europe,Europe,12.638218803418773,11.709034390063513,13.567403216774034,2042,1182.9220239316257,20.195213675213665,138.1980923076917,Projected
Guernsey,GGY,Europe,Europe,12.664755555555523,11.723975214154656,13.60553589695639,2043,1184.1535658119676,20.39145299145298,141.4223692307687,Projected
Guernsey,GGY,Europe,Europe,12.69129230769228,11.73867778610703,13.64390682927753,2044,1185.3851076923095,20.58769230769235,144.64664615384572,Projected
Guernsey,GGY,Europe,Europe,12.717829059829029,11.753150874148092,13.682507245509965,2045,1186.6166495726513,20.783931623931664,147.87092307692274,Projected
Guernsey,GGY,Europe,Europe,12.744365811965778,11.7674029793324,13.721328644599156,2046,1187.8481914529937,20.98017094017098,151.09519999999975,Projected
Guernsey,GGY,Europe,Europe,12.770902564102535,11.781442332466016,13.760362795739054,2047,1189.0797333333355,21.176410256410293,154.31947692307676,Projected
Guernsey,GGY,Europe,Europe,12.797439316239284,11.795276892847667,13.799601739630901,2048,1190.3112752136774,21.372649572649607,157.54375384615378,Projected
Guernsey,GGY,Europe,Europe,12.823976068376034,11.80891434860185,13.839037788150218,2049,1191.5428170940193,21.56888888888892,160.7680307692308,Projected
Guernsey,GGY,Europe,Europe,12.85051282051279,11.822362118393455,13.878663522632126,2050,1192.7743589743611,21.765128205128235,163.9923076923078,Projected
Ghana,GHA,Africa,Africa,33.36436923076923,32.636661495716396,34.09207696582206,2026,1656.9624307692297,10.67304615384603,84.72836923076648,Projected
Ghana,GHA,Africa,Africa,33.38822564102564,32.65455298868957,34.12189829336172,2027,1659.0196478632465,10.824126495726375,87.9545162393133,Projected
Ghana,GHA,Africa,Africa,33.41208205128205,32.67207176911632,34.152092333447776,2028,1661.0768649572633,10.97520683760672,91.18066324786014,Projected
Ghana,GHA,Africa,Africa,33.435938461538456,32.68922732700841,34.1826495960685,2029,1663.134082051281,11.126287179487065,94.40681025640788,Projected
Ghana,GHA,Africa,Africa,33.45979487179487,32.70602934927058,34.21356039431916,2030,1665.1912991452978,11.27736752136741,97.63295726495471,Projected
Ghana,GHA,Africa,Africa,33.48365128205128,32.72248766543755,34.244814898665005,2031,1667.2485162393145,11.428447863247754,100.85910427350154,Projected
Ghana,GHA,Africa,Africa,33.50750769230769,32.738612196572625,34.27640318804276,2032,1669.3057333333322,11.5795282051281,104.08525128204838,Projected
Ghana,GHA,Africa,Africa,33.5313641025641,32.75441290766067,34.30831529746752,2033,1671.362950427349,11.730608547008444,107.31139829059612,Projected
Ghana,GHA,Africa,Africa,33.55522051282051,32.769899763726826,34.3405412619142,2034,1673.4201675213658,11.881688888888789,110.53754529914295,Projected
Ghana,GHA,Africa,Africa,33.57907692307692,32.785082689818715,34.37307115633512,2035,1675.4773846153835,12.032769230769134,113.76369230768978,Projected
Ghana,GHA,Africa,Africa,33.60293333333333,32.79997153490672,34.40589513175995,2036,1677.5346017094002,12.183849572649478,116.98983931623661,Projected
Ghana,GHA,Africa,Africa,33.62678974358974,32.81457603968372,34.43900344749576,2037,1679.591818803417,12.334929914529823,120.21598632478344,Projected
Ghana,GHA,Africa,Africa,33.65064615384615,32.82890580818459,34.47238649950771,2038,1681.6490358974347,12.486010256410168,123.44213333333118,Projected
Ghana,GHA,Africa,Africa,33.67450256410256,32.842970283094644,34.50603484511048,2039,1683.7062529914515,12.637090598290513,126.66828034187802,Projected
Ghana,GHA,Africa,Africa,33.69835897435897,32.856778724576756,34.53993922414118,2040,1685.7634700854683,12.788170940170858,129.89442735042485,Projected
Ghana,GHA,Africa,Africa,33.72221538461538,32.87034019241657,34.57409057681419,2041,1687.820687179486,12.939251282051202,133.12057435897168,Projected
Ghana,GHA,Africa,Africa,33.74607179487179,32.88366353126398,34.6084800584796,2042,1689.8779042735027,13.090331623931547,136.34672136751942,Projected
Ghana,GHA,Africa,Africa,33.7699282051282,32.89675735873597,34.64309905152044,2043,1691.9351213675195,13.241411965811892,139.57286837606625,Projected
Ghana,GHA,Africa,Africa,33.79378461538461,32.90963005613909,34.677939174630126,2044,1693.9923384615372,13.392492307692237,142.79901538461309,Projected
Ghana,GHA,Africa,Africa,33.817641025641024,32.92228976156924,34.71299228971281,2045,1696.049555555554,13.543572649572582,146.02516239315992,Projected
Ghana,GHA,Africa,Africa,33.84149743589743,32.9347443651498,34.748250506645064,2046,1698.1067726495708,13.694652991452926,149.25130940170766,Projected
Ghana,GHA,Africa,Africa,33.865353846153845,32.947001506177195,34.783706186130495,2047,1700.1639897435884,13.845733333333271,152.4774564102545,Projected
Ghana,GHA,Africa,Africa,33.88921025641025,32.959068571952486,34.81935194086802,2048,1702.2212068376052,13.996813675213616,155.70360341880132,Projected
Ghana,GHA,Africa,Africa,33.91306666666666,32.97095269809052,34.855180635242796,2049,1704.278423931622,14.14789401709396,158.92975042734815,Projected
Ghana,GHA,Africa,Africa,33.93692307692307,32.98266077011135,34.89118538373479,2050,1706.3356410256397,14.298974358974306,162.15589743589499,Projected
Guinea,GIN,Africa,Africa,18.62781538461536,17.872515928998745,19.383114840231976,2026,903.615907692305,146.73839999999927,86.35276923076708,Projected
Guinea,GIN,Africa,Africa,18.662297435897415,17.900806897570227,19.423787974224602,2027,906.3968581196559,148.09107350427303,89.4723760683737,Projected
Guinea,GIN,Africa,Africa,18.69677948717947,17.928711021849917,19.46484795250902,2028,909.177808547006,149.44374700854632,92.59198290598124,Projected
Guinea,GIN,Africa,Africa,18.73126153846151,17.956238151672213,19.506284925250807,2029,911.9587589743569,150.79642051282008,95.71158974358787,Projected
Guinea,GIN,Africa,Africa,18.765743589743565,17.98339834122997,19.548088838257158,2030,914.7397094017069,152.14909401709338,98.83119658119449,Projected
Guinea,GIN,Africa,Africa,18.80022564102562,18.010201792753914,19.590249489297324,2031,917.520659829057,153.50176752136713,101.95080341880112,Projected
Guinea,GIN,Africa,Africa,18.834707692307674,18.03665880347375,19.6327565811416,2032,920.3016102564079,154.85444102564043,105.07041025640865,Projected
Guinea,GIN,Africa,Africa,18.869189743589715,18.062779716206073,19.675599770973356,2033,923.082560683758,156.20711452991418,108.19001709401527,Projected
Guinea,GIN,Africa,Africa,18.90367179487177,18.088574873809314,19.718768715934225,2034,925.863511111108,157.55978803418748,111.3096239316219,Projected
Guinea,GIN,Africa,Africa,18.938153846153824,18.114054577648567,19.76225311465908,2035,928.6444615384589,158.91246153846123,114.42923076922943,Projected
Guinea,GIN,Africa,Africa,18.97263589743588,18.139229050127142,19.806042744744616,2036,931.425411965809,160.26513504273453,117.54883760683606,Projected
Guinea,GIN,Africa,Africa,19.00711794871792,18.164108401265416,19.850127496170423,2037,934.2063623931599,161.61780854700828,120.66844444444268,Projected
Guinea,GIN,Africa,Africa,19.041599999999974,18.18870259924426,19.89449740075569,2038,936.9873128205099,162.97048205128158,123.78805128204931,Projected
Guinea,GIN,Africa,Africa,19.07608205128203,18.21302144477724,19.939142657786817,2039,939.76826324786,164.32315555555533,126.90765811965684,Projected
Guinea,GIN,Africa,Africa,19.110564102564084,18.23707454913498,19.984053655993186,2040,942.5492136752109,165.67582905982863,130.02726495726347,Projected
Guinea,GIN,Africa,Africa,19.14504615384614,18.260871315613382,20.029220992078894,2041,945.330164102561,167.02850256410238,133.1468717948701,Projected
Guinea,GIN,Africa,Africa,19.17952820512818,18.284420924215517,20.07463548604084,2042,948.1111145299119,168.38117606837568,136.26647863247672,Projected
Guinea,GIN,Africa,Africa,19.214010256410234,18.307732319303412,20.120288193517055,2043,950.8920649572619,169.73384957264943,139.38608547008425,Projected
Guinea,GIN,Africa,Africa,19.24849230769229,18.330814199968717,20.16617041541586,2044,953.673015384612,171.08652307692273,142.50569230769088,Projected
Guinea,GIN,Africa,Africa,19.282974358974343,18.353675012870823,20.212273705077862,2045,956.4539658119629,172.43919658119648,145.6252991452975,Projected
Guinea,GIN,Africa,Africa,19.317456410256383,18.37632294729455,20.258589873218217,2046,959.234916239313,173.79187008546978,148.74490598290413,Projected
Guinea,GIN,Africa,Africa,19.351938461538438,18.398765932187416,20.30511099088946,2047,962.0158666666639,175.14454358974353,151.86451282051166,Projected
Guinea,GIN,Africa,Africa,19.386420512820493,18.42101163494692,20.351829390694064,2048,964.7968170940139,176.49721709401683,154.9841196581183,Projected
Guinea,GIN,Africa,Africa,19.420902564102548,18.443067461741425,20.39873766646367,2049,967.577767521364,177.84989059829013,158.1037264957249,Projected
Guinea,GIN,Africa,Africa,19.455384615384602,18.464940559161914,20.44582867160729,2050,970.3587179487149,179.20256410256388,161.22333333333245,Projected
Gambia,GMB,Africa,Africa,21.525323076923065,20.58113147006762,22.46951468377851,2026,1052.2771076923054,9.345169230769159,85.53449230769002,Projected
Gambia,GMB,Africa,Africa,21.559962393162387,20.608031381373973,22.5118934049508,2027,1054.9872068376044,9.47777435897433,88.70701880341676,Projected
Gambia,GMB,Africa,Africa,21.594601709401694,20.634447702852782,22.554755715950606,2028,1057.6973059829043,9.610379487179443,91.8795452991435,Projected
Gambia,GMB,Africa,Africa,21.629241025641015,20.660392747674592,22.598089303607438,2029,1060.4074051282032,9.742984615384557,95.05207179487024,Projected
Gambia,GMB,Africa,Africa,21.663880341880336,20.685879084476117,22.641881599284556,2030,1063.1175042735022,9.875589743589671,98.22459829059608,Projected
Gambia,GMB,Africa,Africa,21.698519658119643,20.71091946695465,22.686119849284637,2031,1065.8276034188011,10.008194871794842,101.39712478632282,Projected
Gambia,GMB,Africa,Africa,21.733158974358965,20.735526767564703,22.730791181153226,2032,1068.5377025641,10.140799999999956,104.56965128204956,Projected
Gambia,GMB,Africa,Africa,21.767798290598286,20.759713915748442,22.77588266544813,2033,1071.2478017094,10.27340512820507,107.7421777777763,Projected
Gambia,GMB,Africa,Africa,21.802437606837593,20.783493841000254,22.82138137267493,2034,1073.957900854699,10.40601025641024,110.91470427350214,Projected
Gambia,GMB,Africa,Africa,21.837076923076914,20.80687942094428,22.867274425209548,2035,1076.6679999999978,10.538615384615355,114.08723076922888,Projected
Gambia,GMB,Africa,Africa,21.871716239316235,20.829883434495322,22.91354904413715,2036,1079.3780991452968,10.671220512820469,117.25975726495562,Projected
Gambia,GMB,Africa,Africa,21.906355555555557,20.852518520079542,22.96019259103157,2037,1082.0881982905967,10.80382564102564,120.43228376068237,Projected
Gambia,GMB,Africa,Africa,21.940994871794864,20.874797138811015,23.007192604778712,2038,1084.7982974358956,10.936430769230753,123.6048102564082,Projected
Gambia,GMB,Africa,Africa,21.975634188034185,20.89673154245486,23.05453683361351,2039,1087.5083965811946,11.069035897435867,126.77733675213494,Projected
Gambia,GMB,Africa,Africa,22.010273504273506,20.91833374595558,23.102213262591434,2040,1090.2184957264935,11.201641025641038,129.94986324786169,Projected
Gambia,GMB,Africa,Africa,22.044912820512813,20.939615504270748,23.15021013675488,2041,1092.9285948717925,11.334246153846152,133.12238974358843,Projected
Gambia,GMB,Africa,Africa,22.079552136752135,20.960588293222067,23.198515980282203,2042,1095.6386940170923,11.466851282051266,136.29491623931426,Projected
Gambia,GMB,Africa,Africa,22.114191452991456,20.981263294058856,23.247119611924056,2043,1098.3487931623913,11.59945641025638,139.467442735041,Projected
Gambia,GMB,Africa,Africa,22.148830769230763,21.00165138142065,23.296010157040875,2044,1101.0588923076903,11.73206153846155,142.63996923076775,Projected
Gambia,GMB,Africa,Africa,22.183470085470084,21.0217631143842,23.34517705655597,2045,1103.7689914529892,11.864666666666665,145.8124957264945,Projected
Gambia,GMB,Africa,Africa,22.218109401709405,21.0416087302851,23.394610073133713,2046,1106.479090598289,11.997271794871779,148.98502222222032,Projected
Gambia,GMB,Africa,Africa,22.252748717948712,21.061198141014057,23.44429929488337,2047,1109.189189743588,12.12987692307695,152.15754871794707,Projected
Gambia,GMB,Africa,Africa,22.287388034188034,21.080540931501062,23.494235136875005,2048,1111.899288888887,12.262482051282063,155.3300752136738,Projected
Gambia,GMB,Africa,Africa,22.322027350427355,21.099646360116342,23.544408340738368,2049,1114.609388034186,12.395087179487177,158.50260170940055,Projected
Gambia,GMB,Africa,Africa,22.356666666666662,21.118523360735285,23.59480997259804,2050,1117.319487179485,12.527692307692348,161.6751282051273,Projected
Guinea-Bissau,GNB,Africa,Africa,24.76021538461537,24.100242127190512,25.42018864204023,2026,756.2849846153831,33.005476923076685,88.93458461538376,Projected
Guinea-Bissau,GNB,Africa,Africa,24.80017435897434,24.134791394190238,25.46555732375844,2027,759.2659521367505,33.44719316239298,92.0907931623924,Projected
Guinea-Bissau,GNB,Africa,Africa,24.84013333333332,24.169002640441416,25.511264026225223,2028,762.2469196581187,33.88890940170916,95.24700170940105,Projected
Guinea-Bissau,GNB,Africa,Africa,24.880092307692287,24.202884472632746,25.557300142751828,2029,765.2278871794861,34.33062564102545,98.40321025640878,Projected
Guinea-Bissau,GNB,Africa,Africa,24.92005128205127,24.236445676019347,25.60365688808319,2030,768.2088547008534,34.77234188034163,101.55941880341743,Projected
Guinea-Bissau,GNB,Africa,Africa,24.960010256410236,24.26969516521036,25.65032534761011,2031,771.1898222222217,35.21405811965792,104.71562735042608,Projected
Guinea-Bissau,GNB,Africa,Africa,24.999969230769217,24.302641937824152,25.697296523714282,2032,774.170789743589,35.65577435897421,107.87183589743472,Projected
Guinea-Bissau,GNB,Africa,Africa,25.0399282051282,24.33529503131244,25.744561378943956,2033,777.1517572649564,36.09749059829039,111.02804444444337,Projected
Guinea-Bissau,GNB,Africa,Africa,25.079887179487166,24.367663483163444,25.792110875810888,2034,780.1327247863237,36.539206837606685,114.18425299145201,Projected
Guinea-Bissau,GNB,Africa,Africa,25.119846153846147,24.399756294609006,25.83993601308329,2035,783.113692307692,36.98092307692286,117.34046153846066,Projected
Guinea-Bissau,GNB,Africa,Africa,25.159805128205114,24.431582397884867,25.888027858525362,2036,786.0946598290593,37.422639316239156,120.4966700854693,Projected
Guinea-Bissau,GNB,Africa,Africa,25.199764102564096,24.463150627027723,25.93637757810047,2037,789.0756273504267,37.86435555555545,123.65287863247795,Projected
Guinea-Bissau,GNB,Africa,Africa,25.239723076923063,24.49446969213622,25.984976461709905,2038,792.056594871794,38.30607179487163,126.8090871794866,Projected
Guinea-Bissau,GNB,Africa,Africa,25.279682051282045,24.52554815697779,26.033815945586298,2039,795.0375623931623,38.74778803418792,129.96529572649524,Projected
Guinea-Bissau,GNB,Africa,Africa,25.319641025641012,24.556394419786436,26.082887631495588,2040,798.0185299145296,39.1895042735041,133.1215042735039,Projected
Guinea-Bissau,GNB,Africa,Africa,25.359599999999993,24.587016697069924,26.132183302930063,2041,800.999497435897,39.63122051282039,136.27771282051253,Projected
Guinea-Bissau,GNB,Africa,Africa,25.399558974358975,24.617423010224908,26.18169493849304,2042,803.9804649572643,40.07293675213657,139.43392136752027,Projected
Guinea-Bissau,GNB,Africa,Africa,25.439517948717942,24.647621174747183,26.2314147226887,2043,806.9614324786326,40.51465299145286,142.59012991452892,Projected
Guinea-Bissau,GNB,Africa,Africa,25.479476923076923,24.677618791817757,26.28133505433609,2044,809.9423999999999,40.956369230769155,145.74633846153756,Projected
Guinea-Bissau,GNB,Africa,Africa,25.51943589743589,24.70742324204475,26.33144855282703,2045,812.9233675213673,41.398085470085334,148.9025470085462,Projected
Guinea-Bissau,GNB,Africa,Africa,25.559394871794872,24.73704168114497,26.381748062444775,2046,815.9043350427346,41.83980170940163,152.05875555555485,Projected
Guinea-Bissau,GNB,Africa,Africa,25.59935384615384,24.766481037354946,26.432226654952732,2047,818.8853025641029,42.281517948717806,155.2149641025635,Projected
Guinea-Bissau,GNB,Africa,Africa,25.63931282051282,24.795748010371465,26.482877630654176,2048,821.8662700854702,42.7232341880341,158.37117264957215,Projected
Guinea-Bissau,GNB,Africa,Africa,25.679271794871802,24.8248490716318,26.533694518111805,2049,824.8472376068376,43.16495042735039,161.5273811965808,Projected
Guinea-Bissau,GNB,Africa,Africa,25.71923076923077,24.85379046575705,26.584671072704488,2050,827.8282051282058,43.60666666666657,164.68358974358944,Projected
Equatorial Guinea,GNQ,Africa,Africa,25.495815384615376,24.778845659024316,26.212785110206436,2026,1450.5550769230772,3.5544307692307484,85.91910769230617,Projected
Equatorial Guinea,GNQ,Africa,Africa,25.524536752136747,24.801690127205827,26.247383377067667,2027,1452.8544273504272,3.4885196581196283,89.1185572649556,Projected
Equatorial Guinea,GNQ,Africa,Africa,25.553258119658118,24.824167382563772,26.282348856752463,2028,1455.153777777778,3.422608547008508,92.31800683760503,Projected
Equatorial Guinea,GNQ,Africa,Africa,25.58197948717948,24.84628677507586,26.317672199283102,2029,1457.453128205128,3.356697435897388,95.51745641025445,Projected
Equatorial Guinea,GNQ,Africa,Africa,25.610700854700852,24.868057848707505,26.3533438606942,2030,1459.7524786324789,3.290786324786268,98.71690598290388,Projected
Equatorial Guinea,GNQ,Africa,Africa,25.639422222222215,24.889490287949418,26.389354156495013,2031,1462.0518290598297,3.2248752136751477,101.91635555555422,Projected
Equatorial Guinea,GNQ,Africa,Africa,25.668143589743586,24.910593867470325,26.425693312016847,2032,1464.3511794871797,3.158964102564056,105.11580512820365,Projected
Equatorial Guinea,GNQ,Africa,Africa,25.69686495726495,24.931378405212403,26.462351509317497,2033,1466.6505299145306,3.093052991452936,108.31525470085307,Projected
Equatorial Guinea,GNQ,Africa,Africa,25.72558632478632,24.95185371915751,26.499318930415132,2034,1468.9498803418805,3.0271418803418157,111.5147042735025,Projected
Equatorial Guinea,GNQ,Africa,Africa,25.754307692307684,24.972029587899886,26.53658579671548,2035,1471.2492307692314,2.9612307692306956,114.71415384615193,Projected
Equatorial Guinea,GNQ,Africa,Africa,25.783029059829055,24.99191571507913,26.57414240457898,2036,1473.5485811965823,2.8953196581195755,117.91360341880227,Projected
Equatorial Guinea,GNQ,Africa,Africa,25.811750427350418,25.011521697655077,26.61197915704576,2037,1475.8479316239323,2.8294085470084553,121.1130529914517,Projected
Equatorial Guinea,GNQ,Africa,Africa,25.84047179487179,25.030856997946067,26.65008659179751,2038,1478.1472820512831,2.763497435897335,124.31250256410112,Projected
Equatorial Guinea,GNQ,Africa,Africa,25.869193162393152,25.049930919301737,26.688455405484568,2039,1480.446632478633,2.6975863247862435,127.51195213675055,Projected
Equatorial Guinea,GNQ,Africa,Africa,25.897914529914523,25.068752585242592,26.727076474586454,2040,1482.745982905984,2.6316752136751234,130.71140170939998,Projected
Equatorial Guinea,GNQ,Africa,Africa,25.926635897435887,25.087330921868638,26.765940873003135,2041,1485.0453333333348,2.5657641025640032,133.91085128205032,Projected
Equatorial Guinea,GNQ,Africa,Africa,25.955357264957257,25.105674643318682,26.805039886595832,2042,1487.3446837606848,2.499852991452883,137.11030085469974,Projected
Equatorial Guinea,GNQ,Africa,Africa,25.98407863247862,25.12379224004869,26.84436502490855,2043,1489.6440341880357,2.433941880341763,140.30975042734917,Projected
Equatorial Guinea,GNQ,Africa,Africa,26.01279999999999,25.141691969691202,26.88390803030878,2044,1491.9433846153865,2.368030769230643,143.5091999999986,Projected
Equatorial Guinea,GNQ,Africa,Africa,26.041521367521355,25.15938185025684,26.92366088478587,2045,1494.2427350427365,2.302119658119551,146.70864957264803,Projected
Equatorial Guinea,GNQ,Africa,Africa,26.070242735042726,25.17686965544287,26.96361581464258,2046,1496.5420854700874,2.236208547008431,149.90809914529837,Projected
Equatorial Guinea,GNQ,Africa,Africa,26.09896410256409,25.194162911820712,27.003765293307467,2047,1498.8414358974373,2.170297435897311,153.1075487179478,Projected
Equatorial Guinea,GNQ,Africa,Africa,26.12768547008546,25.2112688976849,27.04410204248602,2048,1501.1407863247882,2.1043863247861907,156.30699829059722,Projected
Equatorial Guinea,GNQ,Africa,Africa,26.15640683760683,25.228194643357583,27.08461903185608,2049,1503.440136752139,2.0384752136750706,159.50644786324665,Projected
Equatorial Guinea,GNQ,Africa,Africa,26.185128205128194,25.2449469327565,27.12530947749989,2050,1505.739487179489,1.9725641025639504,162.70589743589608,Projected
Greece,GRC,Europe,Europe,13.030861538461522,12.12819572389044,13.933527353032604,2026,1103.3488307692296,23.658953846153736,85.8952923076904,Projected
Greece,GRC,Europe,Europe,13.063090598290572,12.153025759827104,13.97315543675404,2027,1108.4216786324778,23.835599999999886,89.06092649572474,Projected
Greece,GRC,Europe,Europe,13.095319658119635,12.177393474342562,14.013245841896708,2028,1113.494526495726,24.012246153846036,92.22656068375909,Projected
Greece,GRC,Europe,Europe,13.127548717948699,12.201310639070877,14.05378679682652,2029,1118.5673743589741,24.188892307692186,95.39219487179344,Projected
Greece,GRC,Europe,Europe,13.159777777777762,12.224789269876867,14.094766285678658,2030,1123.6402222222223,24.365538461538335,98.55782905982778,Projected
Greece,GRC,Europe,Europe,13.192006837606812,12.247841559546902,14.13617211566672,2031,1128.7130700854705,24.542184615384485,101.72346324786122,Projected
Greece,GRC,Europe,Europe,13.224235897435875,12.2704798144016,14.17799198047015,2032,1133.7859179487168,24.718830769230635,104.88909743589556,Projected
Greece,GRC,Europe,Europe,13.256464957264939,12.2927163952429,14.220213519286977,2033,1138.858765811965,24.895476923076842,108.05473162392991,Projected
Greece,GRC,Europe,Europe,13.288694017094002,12.314563662922678,14.262824371265326,2034,1143.9316136752132,25.072123076922992,111.22036581196426,Projected
Greece,GRC,Europe,Europe,13.320923076923052,12.336033928703777,14.305812225142326,2035,1149.0044615384613,25.248769230769142,114.3859999999986,Projected
Greece,GRC,Europe,Europe,13.353152136752115,12.357139409481046,14.349164864023184,2036,1154.0773094017095,25.42541538461529,117.55163418803295,Projected
Greece,GRC,Europe,Europe,13.385381196581179,12.377892187839368,14.392870205322989,2037,1159.1501572649577,25.60206153846144,120.7172683760673,Projected
Greece,GRC,Europe,Europe,13.417610256410242,12.398304176849793,14.436916335970691,2038,1164.2230051282058,25.77870769230759,123.88290256410073,Projected
Greece,GRC,Europe,Europe,13.449839316239292,12.41838708944158,14.481291543037003,2039,1169.295852991454,25.95535384615374,127.04853675213508,Projected
Greece,GRC,Europe,Europe,13.482068376068355,12.4381524121389,14.52598433999781,2040,1174.3687008547022,26.13199999999989,130.21417094016942,Projected
Greece,GRC,Europe,Europe,13.514297435897419,12.457611382913235,14.570983488881602,2041,1179.4415487179504,26.30864615384604,133.37980512820377,Projected
Greece,GRC,Europe,Europe,13.546526495726482,12.476774972876635,14.61627801857633,2042,1184.5143965811985,26.48529230769219,136.54543931623812,Projected
Greece,GRC,Europe,Europe,13.578755555555531,12.49565387152417,14.661857239586894,2043,1189.5872444444449,26.661938461538398,139.71107350427246,Projected
Greece,GRC,Europe,Europe,13.610984615384595,12.51425847522594,14.70771075554325,2044,1194.660092307693,26.838584615384548,142.8767076923068,Projected
Greece,GRC,Europe,Europe,13.643213675213659,12.53259887866772,14.753828471759597,2045,1199.7329401709412,27.015230769230698,146.04234188034025,Projected
Greece,GRC,Europe,Europe,13.675442735042722,12.550684868944431,14.800200601141013,2046,1204.8057880341894,27.191876923076848,149.2079760683746,Projected
Greece,GRC,Europe,Europe,13.707671794871771,12.56852592201926,14.846817667724283,2047,1209.8786358974376,27.368523076922997,152.37361025640894,Projected
Greece,GRC,Europe,Europe,13.739900854700835,12.586131201274474,14.893670508127196,2048,1214.9514837606857,27.545169230769147,155.53924444444328,Projected
Greece,GRC,Europe,Europe,13.772129914529899,12.60350955789478,14.940750271165017,2049,1220.024331623934,27.721815384615297,158.70487863247763,Projected
Greece,GRC,Europe,Europe,13.804358974358948,12.6206695328414,14.988048415876495,2050,1225.097179487182,27.898461538461447,161.87051282051198,Projected
Grenada,GRD,North America,Americas,11.120861538461526,10.153878544313155,12.087844532609896,2026,737.242492307694,40.560276923076685,83.85898461538363,Projected
Grenada,GRD,North America,Americas,11.164629059829053,10.18971984297263,12.139538276685476,2027,736.9444717948735,40.941408547008336,87.08087521367452,Projected
Grenada,GRD,North America,Americas,11.208396581196567,10.225065878662196,12.191727283730938,2028,736.646451282053,41.32254017093999,90.3027658119654,Projected
Grenada,GRD,North America,Americas,11.252164102564095,10.259929261774097,12.244398943354092,2029,736.3484307692326,41.703671794871525,93.52465641025537,Projected
Grenada,GRD,North America,Americas,11.295931623931608,10.294322864333314,12.297540383529903,2030,736.0504102564122,42.084803418803176,96.74654700854626,Projected
Grenada,GRD,North America,Americas,11.339699145299136,10.32825974789255,12.351138542705721,2031,735.7523897435917,42.46593504273483,99.96843760683714,Projected
Grenada,GRD,North America,Americas,11.383466666666664,10.361753095628265,12.405180237705062,2032,735.4543692307712,42.84706666666648,103.19032820512712,Projected
Grenada,GRD,North America,Americas,11.427234188034177,10.394816149080215,12.459652226988139,2033,735.1563487179509,43.22819829059813,106.412218803418,Projected
Grenada,GRD,North America,Americas,11.471001709401705,10.427462149841677,12.514541268961732,2034,734.8583282051304,43.60932991452967,109.63410940170888,Projected
Grenada,GRD,North America,Americas,11.514769230769232,10.45970428638353,12.569834175154934,2035,734.56030769231,43.99046153846132,112.85599999999977,Projected
Grenada,GRD,North America,Americas,11.558536752136746,10.491555646084658,12.625517858188834,2036,734.2622871794895,44.37159316239297,116.07789059828974,Projected
Grenada,GRD,North America,Americas,11.602304273504274,10.523029172444142,12.681579374564405,2037,733.9642666666691,44.75272478632462,119.29978119658062,Projected
Grenada,GRD,North America,Americas,11.646071794871801,10.554137627368902,12.7380059623747,2038,733.6662461538486,45.13385641025616,122.52167179487151,Projected
Grenada,GRD,North America,Americas,11.689839316239315,10.584893558363476,12.794785074115154,2039,733.3682256410282,45.51498803418781,125.74356239316148,Projected
Grenada,GRD,North America,Americas,11.733606837606843,10.615309270395388,12.851904404818297,2040,733.0702051282078,45.89611965811946,128.96545299145237,Projected
Grenada,GRD,North America,Americas,11.77737435897437,10.64539680216948,12.909351915779261,2041,732.7721846153873,46.27725128205111,132.18734358974325,Projected
Grenada,GRD,North America,Americas,11.821141880341884,10.67516790651675,12.967115854167018,2042,732.4741641025669,46.65838290598265,135.40923418803413,Projected
Grenada,GRD,North America,Americas,11.864909401709411,10.704634034585364,13.025184768833459,2043,732.1761435897465,47.0395145299143,138.6311247863241,Projected
Grenada,GRD,North America,Americas,11.908676923076925,10.733806323512539,13.083547522641311,2044,731.878123076926,47.42064615384595,141.853015384615,Projected
Grenada,GRD,North America,Americas,11.952444444444453,10.762695587255505,13.1421933016334,2045,731.5801025641056,47.8017777777776,145.07490598290588,Projected
Grenada,GRD,North America,Americas,11.99621196581198,10.791312310263974,13.201111621359987,2046,731.2820820512851,48.18290940170914,148.29679658119676,Projected
Grenada,GRD,North America,Americas,12.039979487179494,10.819666643687025,13.260292330671962,2047,730.9840615384647,48.56404102564079,151.51868717948673,Projected
Grenada,GRD,North America,Americas,12.083747008547022,10.847768403820659,13.319725613273384,2048,730.6860410256443,48.94517264957244,154.74057777777762,Projected
Grenada,GRD,North America,Americas,12.12751452991455,10.875627072518457,13.379401987310642,2049,730.3880205128238,49.32630427350409,157.9624683760685,Projected
Grenada,GRD,North America,Americas,12.171282051282063,10.903251799306329,13.439312303257797,2050,730.0900000000034,49.707435897435744,161.18435897435847,Projected
Greenland,GRL,North America,Americas,25.284276923076902,24.369882167193563,26.198671678960242,2026,858.5579076923073,75.08135384615343,86.24092307692172,Projected
Greenland,GRL,North America,Americas,25.321117948717927,24.39922802847072,26.243007868965133,2027,859.2559008547005,75.84125470085428,89.41235897435763,Projected
Greenland,GRL,North America,Americas,25.35795897435895,24.428105561074883,26.28781238764302,2028,859.9538940170937,76.60115555555512,92.58379487179354,Projected
Greenland,GRL,North America,Americas,25.394799999999975,24.456526689596853,26.333073310403098,2029,860.651887179487,77.36105641025597,95.75523076922946,Projected
Greenland,GRL,North America,Americas,25.431641025641,24.48450358603162,26.378778465250377,2030,861.3498803418802,78.12095726495681,98.92666666666537,Projected
Greenland,GRL,North America,Americas,25.468482051282024,24.512048601594614,26.424915500969433,2031,862.0478735042732,78.88085811965766,102.09810256410128,Projected
Greenland,GRL,North America,Americas,25.505323076923048,24.53917420251068,26.471471951335417,2032,862.7458666666664,79.64075897435873,105.2695384615372,Projected
Greenland,GRL,North America,Americas,25.542164102564087,24.56589291019396,26.518435294934214,2033,863.4438598290596,80.40065982905958,108.44097435897311,Projected
Greenland,GRL,North America,Americas,25.57900512820511,24.592217246109133,26.56579301030109,2034,864.1418529914529,81.16056068376042,111.61241025640902,Projected
Greenland,GRL,North America,Americas,25.615846153846135,24.618159681487548,26.613532626204723,2035,864.8398461538461,81.92046153846127,114.78384615384493,Projected
Greenland,GRL,North America,Americas,25.65268717948716,24.64373259196632,26.661641767008,2036,865.5378393162391,82.68036239316211,117.95528205128085,Projected
Greenland,GRL,North America,Americas,25.689528205128184,24.66894821712746,26.710108193128907,2037,866.2358324786323,83.44026324786296,121.12671794871676,Projected
Greenland,GRL,North America,Americas,25.72636923076921,24.693818624836535,26.75891983670188,2038,866.9338256410256,84.2001641025638,124.29815384615267,Projected
Greenland,GRL,North America,Americas,25.763210256410233,24.71835568021674,26.808064832603726,2039,867.6318188034188,84.96006495726465,127.46958974358859,Projected
Greenland,GRL,North America,Americas,25.800051282051257,24.742571019044323,26.85753154505819,2040,868.329811965812,85.7199658119655,130.6410256410245,Projected
Greenland,GRL,North America,Americas,25.83689230769228,24.766476025313267,26.907308590071295,2041,869.027805128205,86.47986666666634,133.8124615384604,Projected
Greenland,GRL,North America,Americas,25.873733333333305,24.790081812690623,26.957384853975988,2042,869.7257982905983,87.23976752136718,136.98389743589632,Projected
Greenland,GRL,North America,Americas,25.910574358974344,24.81339920956726,27.007749508381426,2043,870.4237914529915,87.99966837606826,140.15533333333224,Projected
Greenland,GRL,North America,Americas,25.94741538461537,24.836438747400223,27.058392021830514,2044,871.1217846153847,88.7595692307691,143.32676923076815,Projected
Greenland,GRL,North America,Americas,25.984256410256393,24.859210652042318,27.109302168470467,2045,871.819777777778,89.51947008546995,146.49820512820406,Projected
Greenland,GRL,North America,Americas,26.021097435897417,24.881724837758746,27.160470034036088,2046,872.517770940171,90.279370940170793,149.66964102563998,Projected
Greenland,GRL,North America,Americas,26.05793846153844,24.903990903640242,27.21188601943664,2047,873.2157641025642,91.03927179487164,152.8410769230759,Projected
Greenland,GRL,North America,Americas,26.094779487179466,24.926018132135013,27.263540842223918,2048,873.9137572649574,91.79917264957248,156.0125128205118,Projected
Greenland,GRL,North America,Americas,26.13162051282049,24.94781548943714,27.31542553620384,2049,874.6117504273507,92.55907350427333,159.18394871794771,Projected
Greenland,GRL,North America,Americas,26.168461538461514,24.969391627486292,27.367531449436736,2050,875.3097435897439,93.31897435897417,162.35538461538363,Projected
Guatemala,GTM,North America,Americas,18.998430769230765,18.198034969323913,19.798826569137617,2026,984.4722153846151,3.459969230769161,84.2571999999991,Projected
Guatemala,GTM,North America,Americas,19.032588034188024,18.225631503220708,19.83954456515534,2027,986.2234051282048,3.5283999999999196,87.38157948717799,Projected
Guatemala,GTM,North America,Americas,19.066745299145296,18.25281809567764,19.880672502612953,2028,987.9745948717946,3.5968307692307064,90.50595897435778,Projected
Guatemala,GTM,North America,Americas,19.100902564102554,18.27960518462899,19.922199943576118,2029,989.7257846153843,3.665261538461465,93.63033846153758,Projected
Guatemala,GTM,North America,Americas,19.135059829059827,18.306003424569038,19.964116233550616,2030,991.4769743589741,3.7336923076922517,96.75471794871737,Projected
Guatemala,GTM,North America,Americas,19.169217094017085,18.332023626868754,20.006410561165417,2031,993.2281641025638,3.80212307692301,99.87909743589626,Projected
Guatemala,GTM,North America,Americas,19.203374358974358,18.357676703570206,20.04907201437851,2032,994.9793538461536,3.8705538461537685,103.00347692307605,Projected
Guatemala,GTM,North America,Americas,19.237531623931616,18.38297361502414,20.09208963283909,2033,996.7305435897433,3.9389846153845554,106.12785641025584,Projected
Guatemala,GTM,North America,Americas,19.27168888888889,18.407925321625644,20.135452456152134,2034,998.4817333333331,4.007415384615314,109.25223589743473,Projected
Guatemala,GTM,North America,Americas,19.305846153846147,18.432542739799036,20.17914956789326,2035,1000.2329230769228,4.075846153846072,112.37661538461452,Projected
Guatemala,GTM,North America,Americas,19.34000341880342,18.45683670229235,20.22317013531449,2036,1001.984112820513,4.144276923076859,115.50099487179432,Projected
Guatemala,GTM,North America,Americas,19.374160683760678,18.480817922760657,20.2675034447607,2037,1003.7353025641028,4.212707692307617,118.6253743589732,Projected
Guatemala,GTM,North America,Americas,19.40831794871795,18.50449696455077,20.31213893288513,2038,1005.4864923076925,4.281138461538376,121.749753846153,Projected
Guatemala,GTM,North America,Americas,19.44247521367521,18.52788421354329,20.357066213807126,2039,1007.2376820512823,4.349569230769163,124.8741333333328,Projected
Guatemala,GTM,North America,Americas,19.47663247863248,18.550989854864934,20.40227510240003,2040,1008.988871794872,4.417999999999921,127.99851282051168,Projected
Guatemala,GTM,North America,Americas,19.51078974358974,18.57382385325017,20.44775563392931,2041,1010.7400615384618,4.4864307692306795,131.12289230769147,Projected
Guatemala,GTM,North America,Americas,19.544947008547013,18.59639593680866,20.493498080285367,2042,1012.4912512820515,4.554861538461466,134.24727179487127,Projected
Guatemala,GTM,North America,Americas,19.57910427350427,18.618715583939608,20.539492963068934,2043,1014.2424410256413,4.623292307692225,137.37165128205106,Projected
Guatemala,GTM,North America,Americas,19.613261538461543,18.640792013127687,20.5857310637954,2044,1015.993630769231,4.691723076923012,140.49603076922995,Projected
Guatemala,GTM,North America,Americas,19.6474188034188,18.66263417535336,20.632203431484243,2045,1017.7448205128208,4.76015384615377,143.62041025640974,Projected
Guatemala,GTM,North America,Americas,19.681576068376074,18.684250748855654,20.678901387896495,2046,1019.4960102564105,4.828584615384528,146.74478974358954,Projected
Guatemala,GTM,North America,Americas,19.715733333333333,18.705650135992336,20.72581653067433,2047,1021.2472000000002,4.897015384615315,149.86916923076842,Projected
Guatemala,GTM,North America,Americas,19.749890598290605,18.726840461954993,20.772940734626218,2048,1022.99838974359,4.965446153846074,152.99354871794822,Projected
Guatemala,GTM,North America,Americas,19.784047863247878,18.74782957510893,20.820266151386825,2049,1024.7495794871797,5.033876923076832,156.117928205128,Projected
Guatemala,GTM,North America,Americas,19.818205128205136,18.768625048743598,20.867785207666675,2050,1026.5007692307695,5.102307692307619,159.2423076923069,Projected
Guam,GUM,Oceania,Oceania,28.16270769230768,27.32964354556989,28.99577183904547,2026,1872.2059076923074,23.04563076923057,83.66523076922931,Projected
Guam,GUM,Oceania,Oceania,28.19071452991452,27.35082187430212,29.030607185526918,2027,1874.6859179487178,23.427073504273267,86.83473504273388,Projected
Guam,GUM,Oceania,Oceania,28.218721367521358,27.37157352973614,29.065869205306576,2028,1877.1659282051282,23.808516239316077,90.00423931623845,Projected
Guam,GUM,Oceania,Oceania,28.246728205128196,27.39190937583305,29.101547034423344,2029,1879.6459384615387,24.189958974358774,93.17374358974303,Projected
Guam,GUM,Oceania,Oceania,28.274735042735035,27.411840501952838,29.13762958351723,2030,1882.125948717949,24.571401709401584,96.34324786324669,Projected
Guam,GUM,Oceania,Oceania,28.302741880341873,27.431378160735218,29.17410559994853,2031,1884.6059589743586,24.95284444444428,99.51275213675126,Projected
Guam,GUM,Oceania,Oceania,28.330748717948712,27.45053370959984,29.210963726297585,2032,1887.085969230769,25.334287179486978,102.68225641025583,Projected
Guam,GUM,Oceania,Oceania,28.35875555555555,27.469318556246833,29.248192554864268,2033,1889.5659794871794,25.71572991452979,105.8517606837595,Projected
Guam,GUM,Oceania,Oceania,28.38676239316239,27.4877441084224,29.285780677902377,2034,1892.0459897435899,26.097172649572485,109.02126495726407,Projected
Guam,GUM,Oceania,Oceania,28.414769230769227,27.50582172810739,29.323716733431066,2035,1894.5260000000003,26.478615384615182,112.19076923076864,Projected
Guam,GUM,Oceania,Oceania,28.442776068376066,27.523562690191003,29.36198944656113,2036,1897.0060102564107,26.860058119657992,115.36027350427321,Projected
Guam,GUM,Oceania,Oceania,28.470782905982905,27.540978145608754,29.400587666357055,2037,1899.4860205128211,27.24150085470069,118.52977777777687,Projected
Guam,GUM,Oceania,Oceania,28.498789743589743,27.558079088852963,29.439500398326523,2038,1901.9660307692316,27.622943589743386,121.69928205128144,Projected
Guam,GUM,Oceania,Oceania,28.52679658119658,27.57487632970647,29.478716832686693,2039,1904.446041025642,28.004386324786196,124.86878632478602,Projected
Guam,GUM,Oceania,Oceania,28.55480341880342,27.59138046900435,29.51822636860249,2040,1906.9260512820524,28.385829059828893,128.03829059828968,Projected
Guam,GUM,Oceania,Oceania,28.58281025641026,27.607601878194142,29.558018634626375,2041,1909.4060615384628,28.76727179487159,131.20779487179425,Projected
Guam,GUM,Oceania,Oceania,28.610817094017097,27.623550682440605,29.59808350559359,2042,1911.8860717948733,29.1487145299144,134.37729914529882,Projected
Guam,GUM,Oceania,Oceania,28.638823931623936,27.639236747006123,29.63841111624175,2043,1914.3660820512828,29.530157264957097,137.54680341880248,Projected
Guam,GUM,Oceania,Oceania,28.666830769230774,27.65466966662999,29.67899187183156,2044,1916.8460923076932,29.911599999999908,140.71630769230705,Projected
Guam,GUM,Oceania,Oceania,28.694837606837613,27.669858757629125,29.7198164560461,2045,1919.3261025641036,30.293042735042604,143.88581196581163,Projected
Guam,GUM,Oceania,Oceania,28.72284444444445,27.684813052446934,29.76087583644197,2046,1921.806112820514,30.6744854700853,147.0553162393162,Projected
Guam,GUM,Oceania,Oceania,28.75085128205129,27.699541296385462,29.802161267717118,2047,1924.2861230769245,31.05592820512811,150.22482051281986,Projected
Guam,GUM,Oceania,Oceania,28.77885811965813,27.71405194626792,29.843664293048338,2048,1926.766133333335,31.43737094017081,153.39432478632443,Projected
Guam,GUM,Oceania,Oceania,28.806864957264967,27.728353170792534,29.8853767437374,2049,1929.2461435897453,31.818813675213505,156.563829059829,Projected
Guam,GUM,Oceania,Oceania,28.834871794871805,27.742452852354404,29.927290737389207,2050,1931.7261538461557,32.200256410256316,159.73333333333267,Projected
Guyana,GUY,South America,Americas,21.769507692307684,21.044761149013006,22.494254235602362,2026,1345.8323384615405,48.07646153846122,91.4595384615377,Projected
Guyana,GUY,South America,Americas,21.802092307692305,21.071405119584007,22.532779495800604,2027,1344.5470700854721,48.618905982905744,94.69104273504217,Projected
Guyana,GUY,South America,Americas,21.834676923076913,21.09767789425225,22.571675951901575,2028,1343.2618017094042,49.161350427350044,97.92254700854664,Projected
Guyana,GUY,South America,Americas,21.867261538461534,21.12358892441269,22.610934152510378,2029,1341.9765333333357,49.70379487179457,101.1540512820502,Projected
Guyana,GUY,South America,Americas,21.89984615384614,21.149147857552055,22.650544450140227,2030,1340.6912649572673,50.2462393162391,104.38555555555467,Projected
Guyana,GUY,South America,Americas,21.932430769230763,21.174364483206706,22.69049705525482,2031,1339.4059965811994,50.7886837606834,107.61705982905914,Projected
Guyana,GUY,South America,Americas,21.965015384615384,21.199248682069086,22.730782087161682,2032,1338.120728205131,51.331128205127925,110.84856410256361,Projected
Guyana,GUY,South America,Americas,21.99759999999999,21.2238103785745,22.771389621425485,2033,1336.8354598290625,51.873572649572225,114.08006837606808,Projected
Guyana,GUY,South America,Americas,22.030184615384613,21.24805949719837,22.812309733570856,2034,1335.5501914529946,52.41601709401675,117.31157264957255,Projected
Guyana,GUY,South America,Americas,22.06276923076922,21.272005922601256,22.853532538937184,2035,1334.2649230769262,52.95846153846128,120.54307692307611,Projected
Guyana,GUY,South America,Americas,22.09535384615384,21.295659463676074,22.89504822863161,2036,1332.9796547008577,53.50090598290558,123.77458119658058,Projected
Guyana,GUY,South America,Americas,22.12793846153845,21.31902982147882,22.936847101598076,2037,1331.6943863247898,54.043350427350106,127.00608547008505,Projected
Guyana,GUY,South America,Americas,22.16052307692307,21.342126560963603,22.978919592882537,2038,1330.4091179487214,54.58579487179463,130.23758974358952,Projected
Guyana,GUY,South America,Americas,22.19310769230769,21.364959086391504,23.02125629822388,2039,1329.123849572653,55.12823931623893,133.469094017094,Projected
Guyana,GUY,South America,Americas,22.2256923076923,21.387536620243885,23.063847995140712,2040,1327.8385811965845,55.67068376068346,136.70059829059755,Projected
Guyana,GUY,South America,Americas,22.25827692307692,21.409868185440295,23.106685660713545,2041,1326.5533128205166,56.21312820512799,139.93210256410202,Projected
Guyana,GUY,South America,Americas,22.290861538461527,21.43196259063991,23.149760486283146,2042,1325.2680444444482,56.75557264957229,143.1636068376065,Projected
Guyana,GUY,South America,Americas,22.32344615384615,21.453828418392888,23.19306388929941,2043,1323.9827760683797,57.298017094016814,146.39511111111096,Projected
Guyana,GUY,South America,Americas,22.35603076923077,21.475474015900538,23.236587522561003,2044,1322.6975076923118,57.84046153846111,149.62661538461543,Projected
Guyana,GUY,South America,Americas,22.388615384615377,21.496907488143123,23.280323281087632,2045,1321.4122393162434,58.38290598290564,152.8581196581199,Projected
Guyana,GUY,South America,Americas,22.4212,21.518136693137563,23.324263306862434,2046,1320.126970940175,58.92535042735017,156.08962393162346,Projected
Guyana,GUY,South America,Americas,22.453784615384606,21.539169239094374,23.36839999167484,2047,1318.841702564107,59.46779487179447,159.32112820512793,Projected
Guyana,GUY,South America,Americas,22.486369230769228,21.560012483254216,23.41272597828424,2048,1317.5564341880386,60.010239316238994,162.5526324786324,Projected
Guyana,GUY,South America,Americas,22.51895384615385,21.58067353219564,23.45723416011206,2049,1316.2711658119701,60.55268376068352,165.78413675213687,Projected
Guyana,GUY,South America,Americas,22.551538461538456,21.60115924342008,23.50191767965683,2050,1314.9858974359022,61.09512820512782,169.01564102564134,Projected
Hong Kong S.A.R.,HKG,Asia,Asia,20.09163076923076,19.285976425422792,20.89728511303873,2026,823.1005230769242,427.1375384615376,88.71184615384391,Projected
Hong Kong S.A.R.,HKG,Asia,Asia,20.114458119658117,19.30219994124977,20.926716298066463,2027,823.0835247863259,431.09148717948665,91.98027350427128,Projected
Hong Kong S.A.R.,HKG,Asia,Asia,20.137285470085466,19.31801082235055,20.95656011782038,2028,823.0665264957277,435.0454358974357,95.24870085469865,Projected
Hong Kong S.A.R.,HKG,Asia,Asia,20.160112820512815,19.333419575235933,20.986806065789697,2029,823.0495282051295,438.99938461538386,98.51712820512603,Projected
Hong Kong S.A.R.,HKG,Asia,Asia,20.18294017094017,19.34843692439945,21.01744341748089,2030,823.0325299145312,442.9533333333329,101.7855555555534,Projected
Hong Kong S.A.R.,HKG,Asia,Asia,20.20576752136752,19.36307375224204,21.048461290492998,2031,823.0155316239329,446.907282051282,105.05398290598077,Projected
Hong Kong S.A.R.,HKG,Asia,Asia,20.22859487179487,19.377341042497083,21.079848701092654,2032,822.9985333333348,450.86123076923013,108.32241025640815,Projected
Hong Kong S.A.R.,HKG,Asia,Asia,20.251422222222224,19.3912498275241,21.11159461692035,2033,822.9815350427365,454.8151794871792,111.59083760683552,Projected
Hong Kong S.A.R.,HKG,Asia,Asia,20.274249572649573,19.404811139727148,21.143688005572,2034,822.9645367521383,458.76912820512825,114.8592649572629,Projected
Hong Kong S.A.R.,HKG,Asia,Asia,20.297076923076922,19.41803596725073,21.176117878903113,2035,822.94753846154,462.7230769230764,118.12769230769027,Projected
Hong Kong S.A.R.,HKG,Asia,Asia,20.31990427350427,19.43093521401324,21.208873332995303,2036,822.9305401709418,466.67702564102547,121.39611965811764,Projected
Hong Kong S.A.R.,HKG,Asia,Asia,20.342731623931627,19.44351966405773,21.241943583805522,2037,822.9135418803436,470.6309743589745,124.66454700854501,Projected
Hong Kong S.A.R.,HKG,Asia,Asia,20.365558974358976,19.45579995013143,21.275317998586523,2038,822.8965435897453,474.5849230769227,127.93297435897239,Projected
Hong Kong S.A.R.,HKG,Asia,Asia,20.388386324786325,19.467786526349464,21.308986123223185,2039,822.879545299147,478.53887179487174,131.20140170939976,Projected
Hong Kong S.A.R.,HKG,Asia,Asia,20.41121367521368,19.479489644754096,21.342937705673265,2040,822.8625470085489,482.4928205128208,134.46982905982713,Projected
Hong Kong S.A.R.,HKG,Asia,Asia,20.43404102564103,19.490919335547414,21.377162715734645,2041,822.8455487179506,486.44676923076895,137.7382564102545,Projected
Hong Kong S.A.R.,HKG,Asia,Asia,20.45686837606838,19.50208539075205,21.411651361384706,2042,822.8285504273524,490.400717948718,141.00668376068188,Projected
Hong Kong S.A.R.,HKG,Asia,Asia,20.479695726495734,19.512997351039665,21.446394101951803,2043,822.8115521367541,494.3546666666671,144.27511111110925,Projected
Hong Kong S.A.R.,HKG,Asia,Asia,20.502523076923083,19.523664495459663,21.481381658386503,2044,822.7945538461558,498.3086153846152,147.54353846153663,Projected
Hong Kong S.A.R.,HKG,Asia,Asia,20.525350427350432,19.534095833799874,21.51660502090099,2045,822.7775555555577,502.2625641025643,150.811965811964,Projected
Hong Kong S.A.R.,HKG,Asia,Asia,20.54817777777778,19.5443001013147,21.55205545424086,2046,822.7605572649594,506.21651282051334,154.08039316239137,Projected
Hong Kong S.A.R.,HKG,Asia,Asia,20.571005128205137,19.554285755564845,21.58772450084543,2047,822.7435589743611,510.1704615384615,157.34882051281875,Projected
Hong Kong S.A.R.,HKG,Asia,Asia,20.593832478632486,19.564060975123788,21.623603982141184,2048,822.726560683763,514.1244102564106,160.61724786324612,Projected
Hong Kong S.A.R.,HKG,Asia,Asia,20.616659829059834,19.573633659920066,21.659685998199603,2049,822.7095623931647,518.0783589743596,163.8856752136735,Projected
Hong Kong S.A.R.,HKG,Asia,Asia,20.63948717948719,19.583011432999122,21.69596292597526,2050,822.6925641025665,522.0323076923078,167.15410256410087,Projected
Honduras,HND,North America,Americas,24.19535384615382,23.35139099519104,25.039316697116604,2026,1231.186769230769,63.519815384615185,88.9247692307681,Projected
Honduras,HND,North America,Americas,24.243870085470064,23.39298939049706,25.094750780443068,2027,1232.6143076923074,64.0729641025639,92.15603418803312,Projected
Honduras,HND,North America,Americas,24.292386324786307,23.434155530478453,25.15061711909416,2028,1234.0418461538459,64.62611282051262,95.38729914529813,Projected
Honduras,HND,North America,Americas,24.340902564102535,23.474900421225925,25.206904706979145,2029,1235.4693846153843,65.17926153846133,98.61856410256314,Projected
Honduras,HND,North America,Americas,24.389418803418778,23.515235297177952,25.263602309659603,2030,1236.8969230769233,65.73241025641005,101.84982905982724,Projected
Honduras,HND,North America,Americas,24.43793504273502,23.55517155818881,25.32069852728123,2031,1238.3244615384617,66.28555897435876,105.08109401709225,Projected
Honduras,HND,North America,Americas,24.486451282051263,23.594720710263537,25.37818185383899,2032,1239.7520000000002,66.83870769230748,108.31235897435727,Projected
Honduras,HND,North America,Americas,24.53496752136749,23.633894310345436,25.436040732389547,2033,1241.1795384615386,67.3918564102562,111.54362393162228,Projected
Honduras,HND,North America,Americas,24.583483760683734,23.672703915424538,25.49426360594293,2034,1242.607076923077,67.94500512820491,114.77488888888729,Projected
Honduras,HND,North America,Americas,24.631999999999977,23.711161036126718,25.552838963873235,2035,1244.0346153846156,68.49815384615363,118.0061538461523,Projected
Honduras,HND,North America,Americas,24.68051623931622,23.749277094846864,25.611755383785574,2036,1245.462153846154,69.05130256410257,121.23741880341731,Projected
Honduras,HND,North America,Americas,24.729032478632462,23.787063388404498,25.671001568860426,2037,1246.8896923076925,69.60445128205129,124.46868376068232,Projected
Honduras,HND,North America,Americas,24.77754871794869,23.824531055129253,25.730566380768128,2038,1248.317230769231,70.1576,127.69994871794734,Projected
Honduras,HND,North America,Americas,24.826064957264933,23.861691046224838,25.790438868305028,2039,1249.7447692307694,70.71074871794872,130.93121367521235,Projected
Honduras,HND,North America,Americas,24.874581196581175,23.89855410121355,25.850608291948802,2040,1251.1723076923079,71.26389743589743,134.16247863247736,Projected
Honduras,HND,North America,Americas,24.923097435897418,23.93513072722916,25.911064144565675,2041,1252.5998461538463,71.81704615384615,137.39374358974237,Projected
Honduras,HND,North America,Americas,24.971613675213646,23.971431181900623,25.97179616852667,2042,1254.0273846153852,72.37019487179487,140.62500854700738,Projected
Honduras,HND,North America,Americas,25.02012991452989,24.00746545955432,26.032794369505456,2043,1255.4549230769237,72.92334358974358,143.8562735042724,Projected
Honduras,HND,North America,Americas,25.06864615384613,24.043243280454362,26.0940490272379,2044,1256.8824615384622,73.4764923076923,147.0875384615374,Projected
Honduras,HND,North America,Americas,25.117162393162374,24.078774082799978,26.15555070352477,2045,1258.3100000000006,74.02964102564101,150.31880341880242,Projected
Honduras,HND,North America,Americas,25.165678632478603,24.114067017203038,26.217290247754168,2046,1259.737538461539,74.58278974358973,153.55006837606743,Projected
Honduras,HND,North America,Americas,25.214194871794845,24.14913094337753,26.279258800212162,2047,1261.1650769230775,75.13593846153844,156.78133333333244,Projected
Honduras,HND,North America,Americas,25.262711111111088,24.18397442878448,26.341447793437695,2048,1262.592615384616,75.68908717948716,160.01259829059745,Projected
Honduras,HND,North America,Americas,25.31122735042733,24.21860574899052,26.40384895186414,2049,1264.0201538461545,76.24223589743588,163.24386324786246,Projected
Honduras,HND,North America,Americas,25.359743589743573,24.25303288951352,26.466454289973626,2050,1265.447692307693,76.79538461538459,166.47512820512748,Projected
Croatia,HRV,Europe,Europe,9.642523076923055,9.003158857704864,10.281887296141246,2026,1194.063169230767,135.98390769230718,83.0215999999973,Projected
Croatia,HRV,Europe,Europe,9.671370940170917,9.026765942962058,10.315975937379775,2027,1195.7104410256388,137.1378153846149,86.1356786324759,Projected
Croatia,HRV,Europe,Europe,9.700218803418778,9.050045562871906,10.35039204396565,2028,1197.3577128205106,138.2917230769226,89.2497572649554,Projected
Croatia,HRV,Europe,Europe,9.729066666666647,9.073006055361375,10.385127277971918,2029,1199.0049846153825,139.44563076923032,92.363835897434,Projected
Croatia,HRV,Europe,Europe,9.757914529914508,9.095655931347672,10.420173128481345,2030,1200.6522564102538,140.59953846153803,95.4779145299126,Projected
Croatia,HRV,Europe,Europe,9.78676239316237,9.118003827062752,10.455520959261987,2031,1202.2995282051256,141.75344615384574,98.59199316239119,Projected
Croatia,HRV,Europe,Europe,9.815610256410238,9.14005845915561,10.491162053664867,2032,1203.9467999999974,142.90735384615346,101.70607179486979,Projected
Croatia,HRV,Europe,Europe,9.8444581196581,9.161828582864722,10.527087656451478,2033,1205.5940717948693,144.06126153846117,104.82015042734838,Projected
Croatia,HRV,Europe,Europe,9.873305982905961,9.183322953463959,10.563289012347964,2034,1207.241343589741,145.21516923076888,107.93422905982698,Projected
Croatia,HRV,Europe,Europe,9.90215384615383,9.20455029110295,10.599757401204709,2035,1208.8886153846124,146.3690769230766,111.04830769230557,Projected
Croatia,HRV,Europe,Europe,9.931001709401691,9.225519249089796,10.636484169713587,2036,1210.5358871794842,147.5229846153843,114.16238632478417,Projected
Croatia,HRV,Europe,Europe,9.959849572649553,9.246238385600005,10.6734607596991,2037,1212.183158974356,148.67689230769201,117.27646495726276,Projected
Croatia,HRV,Europe,Europe,9.988697435897421,9.266716138741295,10.710678733053548,2038,1213.8304307692279,149.83079999999973,120.39054358974136,Projected
Croatia,HRV,Europe,Europe,10.017545299145283,9.286960804859605,10.74812979343096,2039,1215.4777025640997,150.98470769230744,123.50462222221995,Projected
Croatia,HRV,Europe,Europe,10.046393162393144,9.306980519936635,10.785805804849653,2040,1217.1249743589715,152.13861538461515,126.61870085469855,Projected
Croatia,HRV,Europe,Europe,10.075241025641013,9.326783243902582,10.823698807379444,2041,1218.7722461538428,153.29252307692286,129.73277948717714,Projected
Croatia,HRV,Europe,Europe,10.104088888888874,9.346376747669304,10.861801030108445,2042,1220.4195179487147,154.44643076923057,132.84685811965664,Projected
Croatia,HRV,Europe,Europe,10.132936752136736,9.365768602677491,10.90010490159598,2043,1222.0667897435865,155.60033846153829,135.96093675213524,Projected
Croatia,HRV,Europe,Europe,10.161784615384605,9.384966172745443,10.938603058023766,2044,1223.7140615384583,156.754246153846,139.07501538461383,Projected
Croatia,HRV,Europe,Europe,10.190632478632466,9.403976608006442,10.97728834925849,2045,1225.36133333333,157.9081538461537,142.18909401709243,Projected
Croatia,HRV,Europe,Europe,10.219480341880328,9.42280684072513,11.016153843035525,2046,1227.0086051282015,159.06206153846142,145.30317264957102,Projected
Croatia,HRV,Europe,Europe,10.248328205128196,9.441463582789474,11.055192827466918,2047,1228.6558769230733,160.21596923076913,148.41725128204962,Projected
Croatia,HRV,Europe,Europe,10.277176068376058,9.45995332468424,11.094398812067874,2048,1230.303148717945,161.36987692307684,151.53132991452821,Projected
Croatia,HRV,Europe,Europe,10.306023931623919,9.478282335762632,11.133765527485206,2049,1231.950420512817,162.52378461538456,154.6454085470068,Projected
Croatia,HRV,Europe,Europe,10.334871794871788,9.496456665644484,11.173286924099092,2050,1233.5976923076887,163.67769230769227,157.7594871794854,Projected
Haiti,HTI,North America,Americas,9.545476923076905,8.77708359442896,10.313870251724849,2026,1156.654338461536,27.384123076923004,87.27267692307487,Projected
Haiti,HTI,North America,Americas,9.595398290598283,8.820706550616219,10.370090030580347,2027,1162.0872239316213,27.533887179487067,90.50954188033938,Projected
Haiti,HTI,North America,Americas,9.645319658119647,8.863935956178171,10.426703360061122,2028,1167.5201094017066,27.683651282051187,93.74640683760481,Projected
Haiti,HTI,North America,Americas,9.69524102564101,8.906781831705999,10.483700219576022,2029,1172.9529948717918,27.833415384615307,96.98327179486932,Projected
Haiti,HTI,North America,Americas,9.745162393162389,8.94925440569205,10.541070380632727,2030,1178.385880341877,27.98317948717937,100.22013675213475,Projected
Haiti,HTI,North America,Americas,9.795083760683752,8.99136405723293,10.598803464134575,2031,1183.8187658119623,28.13294358974349,103.45700170939926,Projected
Haiti,HTI,North America,Americas,9.845005128205116,9.033121262071155,10.656888994339077,2032,1189.2516512820494,28.28270769230761,106.69386666666469,Projected
Haiti,HTI,North America,Americas,9.89492649572648,9.074536542326435,10.715316449126526,2033,1194.6845367521346,28.43247179487173,109.9307316239292,Projected
Haiti,HTI,North America,Americas,9.944847863247858,9.115620420160989,10.774075306334728,2034,1200.1174222222198,28.582235897435794,113.16759658119463,Projected
Haiti,HTI,North America,Americas,9.994769230769222,9.156383375524394,10.83315508601405,2035,1205.550307692305,28.731999999999914,116.40446153845915,Projected
Haiti,HTI,North America,Americas,10.044690598290586,9.196835808035575,10.892545388545598,2036,1210.9831931623903,28.881764102564034,119.64132649572457,Projected
Haiti,HTI,North America,Americas,10.094611965811964,9.236988002982278,10.95223592864165,2037,1216.4160786324755,29.031528205128097,122.87819145298909,Projected
Haiti,HTI,North America,Americas,10.144533333333328,9.276850101353721,11.012216565312935,2038,1221.8489641025608,29.181292307692217,126.11505641025451,Projected
Haiti,HTI,North America,Americas,10.194454700854692,9.316432073768688,11.072477327940696,2039,1227.2818495726478,29.331056410256338,129.35192136751903,Projected
Haiti,HTI,North America,Americas,10.24437606837607,9.355743698118832,11.133008438633308,2040,1232.714735042733,29.4808205128204,132.58878632478445,Projected
Haiti,HTI,North America,Americas,10.294297435897434,9.39479454071558,11.193800331079288,2041,1238.1476205128183,29.63058461538452,135.82565128204897,Projected
Haiti,HTI,North America,Americas,10.344218803418798,9.433593940706583,11.254843666131013,2042,1243.5805059829036,29.78034871794864,139.0625162393144,Projected
Haiti,HTI,North America,Americas,10.394140170940162,9.472150997513328,11.316129344366995,2043,1249.0133914529888,29.93011282051276,142.2993811965789,Projected
Haiti,HTI,North America,Americas,10.44406153846154,9.510474561034956,11.377648515888124,2044,1254.446276923074,30.079876923076824,145.53624615384433,Projected
Haiti,HTI,North America,Americas,10.493982905982904,9.54857322436214,11.439392587603667,2045,1259.879162393161,30.229641025640944,148.77311111110885,Projected
Haiti,HTI,North America,Americas,10.543904273504268,9.586455318749188,11.501353228259347,2046,1265.3120478632463,30.379405128205065,152.00997606837427,Projected
Haiti,HTI,North America,Americas,10.593825641025646,9.624128910599856,11.563522371451436,2047,1270.7449333333316,30.529169230769128,155.2468410256388,Projected
Haiti,HTI,North America,Americas,10.64374700854701,9.661601800233647,11.625892216860372,2048,1276.1778188034168,30.678933333333248,158.4837059829042,Projected
Haiti,HTI,North America,Americas,10.693668376068374,9.69888152221229,11.688455229924458,2049,1281.610704273502,30.828697435897368,161.72057094016964,Projected
Haiti,HTI,North America,Americas,10.743589743589752,9.7359753470201,11.751204140159404,2050,1287.0435897435873,30.97846153846143,164.95743589743415,Projected
Hungary,HUN,Europe,Europe,16.789476923076897,15.910153278883051,17.668800567270743,2026,1634.7432615384596,55.92015384615365,87.1864615384593,Projected
Hungary,HUN,Europe,Europe,16.82510769230766,15.938576356687479,17.711639027927845,2027,1638.192420512819,56.40133333333313,90.45788034187808,Projected
Hungary,HUN,Europe,Europe,16.86073846153844,15.966549068309517,17.754927854767363,2028,1641.6415794871782,56.8825128205126,93.72929914529686,Projected
Hungary,HUN,Europe,Europe,16.896369230769203,15.994082880978766,17.79865558055964,2029,1645.0907384615366,57.36369230769208,97.00071794871565,Projected
Hungary,HUN,Europe,Europe,16.931999999999967,16.02118949984001,17.842810500159924,2030,1648.539897435896,57.844871794871665,100.27213675213443,Projected
Hungary,HUN,Europe,Europe,16.967630769230745,16.04788080238456,17.887380736076928,2031,1651.9890564102552,58.32605128205114,103.54355555555321,Projected
Hungary,HUN,Europe,Europe,17.00326153846151,16.074168776701995,17.93235430022102,2032,1655.4382153846136,58.807230769230614,106.814974358972,Projected
Hungary,HUN,Europe,Europe,17.038892307692286,16.100065463954465,17.977719151430108,2033,1658.887374358973,59.28841025641009,110.08639316239078,Projected
Hungary,HUN,Europe,Europe,17.07452307692305,16.1255829053527,18.0234632484934,2034,1662.3365333333322,59.76958974358956,113.35781196580956,Projected
Hungary,HUN,Europe,Europe,17.110153846153814,16.15073309380079,18.06957459850684,2035,1665.7856923076906,60.25076923076915,116.62923076922834,Projected
Hungary,HUN,Europe,Europe,17.145784615384592,16.175527930275045,18.11604130049414,2036,1669.23485128205,60.731948717948626,119.90064957264713,Projected
Hungary,HUN,Europe,Europe,17.181415384615356,16.19997918491497,18.162851584315742,2037,1672.6840102564092,61.2131282051281,123.17206837606591,Projected
Hungary,HUN,Europe,Europe,17.21704615384612,16.224098462729746,18.209993844962494,2038,1676.1331692307676,61.694307692307575,126.44348717948469,Projected
Hungary,HUN,Europe,Europe,17.252676923076898,16.24789717376226,18.257456672391534,2039,1679.582328205127,62.17548717948705,129.71490598290347,Projected
Hungary,HUN,Europe,Europe,17.28830769230766,16.271386507504893,18.30522887711043,2040,1683.0314871794862,62.656666666666524,132.98632478632317,Projected
Hungary,HUN,Europe,Europe,17.323938461538425,16.294577411324756,18.353299511752095,2041,1686.4806461538446,63.13784615384611,136.25774358974195,Projected
Hungary,HUN,Europe,Europe,17.359569230769203,16.317480572630295,18.40165788890811,2042,1689.929805128204,63.61902564102559,139.52916239316073,Projected
Hungary,HUN,Europe,Europe,17.395199999999967,16.3401064044953,18.450293595504633,2043,1693.3789641025633,64.10020512820506,142.80058119657951,Projected
Hungary,HUN,Europe,Europe,17.430830769230745,16.362465034448597,18.499196504012893,2044,1696.8281230769217,64.58138461538454,146.0719999999983,Projected
Hungary,HUN,Europe,Europe,17.46646153846151,16.384566296135947,18.54835678078707,2045,1700.277282051281,65.06256410256401,149.34341880341708,Projected
Hungary,HUN,Europe,Europe,17.502092307692273,16.406419723566334,18.597764891818212,2046,1703.7264410256403,65.5437435897436,152.61483760683586,Projected
Hungary,HUN,Europe,Europe,17.53772307692305,16.42803454766262,18.647411606183482,2047,1707.1755999999987,66.02492307692307,155.88625641025465,Projected
Hungary,HUN,Europe,Europe,17.573353846153815,16.44941969484975,18.697287997457877,2048,1710.624758974358,66.50610256410255,159.15767521367343,Projected
Hungary,HUN,Europe,Europe,17.60898461538458,16.470583787428346,18.74738544334081,2049,1714.0739179487173,66.98728205128202,162.4290940170922,Projected
Hungary,HUN,Europe,Europe,17.644615384615356,16.491535145497664,18.79769562373305,2050,1717.5230769230757,67.4684615384615,165.700512820511,Projected
Indonesia,IDN,Asia,Asia,26.28603076923076,25.56460429709472,27.007457241366797,2026,1647.539353846154,29.599261538461462,88.05153846153826,Projected
Indonesia,IDN,Asia,Asia,26.308129914529903,25.580790011733512,27.035469817326295,2027,1646.474348717949,29.831685470085404,91.2496581196574,Projected
Indonesia,IDN,Asia,Asia,26.330229059829048,25.5966062309217,27.063851888736394,2028,1645.409343589744,30.064109401709345,94.44777777777745,Projected
Indonesia,IDN,Asia,Asia,26.35232820512819,25.61206236275728,27.092594047499105,2029,1644.3443384615384,30.296533333333286,97.6458974358975,Projected
Indonesia,IDN,Asia,Asia,26.374427350427336,25.62716801053177,27.121686690322903,2030,1643.2793333333334,30.52895726495717,100.84401709401664,Projected
Indonesia,IDN,Asia,Asia,26.396526495726487,25.641932918935545,27.15112007251743,2031,1642.2143282051284,30.761381196581112,104.04213675213668,Projected
Indonesia,IDN,Asia,Asia,26.41862564102563,25.656366923397503,27.18088435865376,2032,1641.1493230769233,30.993805128205054,107.24025641025582,Projected
Indonesia,IDN,Asia,Asia,26.440724786324775,25.670479902889024,27.210969669760527,2033,1640.0843179487179,31.226229059828995,110.43837606837587,Projected
Indonesia,IDN,Asia,Asia,26.46282393162392,25.68428173642139,27.24136612682645,2034,1639.0193128205128,31.458652991452936,113.63649572649592,Projected
Indonesia,IDN,Asia,Asia,26.484923076923064,25.69778226337346,27.27206389047267,2035,1637.9543076923078,31.691076923076878,116.83461538461506,Projected
Indonesia,IDN,Asia,Asia,26.507022222222215,25.710991247703483,27.303053196740947,2036,1636.8893025641023,31.92350085470082,120.03273504273511,Projected
Indonesia,IDN,Asia,Asia,26.52912136752136,25.72391834602685,27.33432438901587,2037,1635.8242974358973,32.155924786324704,123.23085470085425,Projected
Indonesia,IDN,Asia,Asia,26.551220512820503,25.736573079480483,27.365867946160524,2038,1634.7592923076922,32.388348717948645,126.4289743589743,Projected
Indonesia,IDN,Asia,Asia,26.573319658119647,25.748964809244466,27.39767450699483,2039,1633.6942871794872,32.62077264957259,129.62709401709435,Projected
Indonesia,IDN,Asia,Asia,26.59541880341879,25.761102715551907,27.429734891285676,2040,1632.6292820512817,32.85319658119653,132.8252136752135,Projected
Indonesia,IDN,Asia,Asia,26.617517948717943,25.772995779988236,27.46204011744765,2041,1631.5642769230767,33.08562051282047,136.02333333333354,Projected
Indonesia,IDN,Asia,Asia,26.639617094017087,25.784652770860095,27.49458141717408,2042,1630.4992717948717,33.31804444444441,139.22145299145268,Projected
Indonesia,IDN,Asia,Asia,26.66171623931623,25.79608223140087,27.527350247231592,2043,1629.4342666666662,33.55046837606835,142.41957264957273,Projected
Indonesia,IDN,Asia,Asia,26.683815384615375,25.80729247057327,27.56033829865748,2044,1628.3692615384612,33.78289230769229,145.61769230769278,Projected
Indonesia,IDN,Asia,Asia,26.70591452991452,25.818291556228584,27.593537503600455,2045,1627.3042564102561,34.01531623931618,148.81581196581192,Projected
Indonesia,IDN,Asia,Asia,26.72801367521367,25.829087310386047,27.626940040041294,2046,1626.239251282051,34.24774017094012,152.01393162393197,Projected
Indonesia,IDN,Asia,Asia,26.750112820512815,25.839687306402904,27.660538334622725,2047,1625.1742461538456,34.48016410256406,155.2120512820511,Projected
Indonesia,IDN,Asia,Asia,26.77221196581196,25.850098867816207,27.69432506380771,2048,1624.1092410256406,34.712588034188,158.41017094017116,Projected
Indonesia,IDN,Asia,Asia,26.794311111111103,25.860329068649204,27.728293153573002,2049,1623.0442358974356,34.94501196581194,161.6082905982912,Projected
Indonesia,IDN,Asia,Asia,26.816410256410247,25.870384734989067,27.762435777831428,2050,1621.97923076923,35.177435897435885,164.80641025641035,Projected
Isle of Man,IMN,Europe,Europe,9.477507692307668,8.623930633043189,10.331084751572147,2026,1133.3917538461549,56.63193846153831,89.4189230769216,Projected
Isle of Man,IMN,Europe,Europe,9.53467350427347,8.674099794694397,10.395247213852544,2027,1132.8118837606849,57.071569230769,92.60502564102444,Projected
Isle of Man,IMN,Europe,Europe,9.591839316239287,8.723831776879214,10.459846855599361,2028,1132.2320136752148,57.5111999999998,95.79112820512637,Projected
Isle of Man,IMN,Europe,Europe,9.649005128205104,8.773137711066916,10.524872545343293,2029,1131.6521435897448,57.950830769230606,98.97723076922921,Projected
Isle of Man,IMN,Europe,Europe,9.70617094017092,8.822028959675787,10.590312920666054,2030,1131.0722735042746,58.39046153846141,102.16333333333205,Projected
Isle of Man,IMN,Europe,Europe,9.763336752136723,8.870517052424319,10.656156451849128,2031,1130.4924034188045,58.8300923076921,105.34943589743489,Projected
Isle of Man,IMN,Europe,Europe,9.82050256410254,8.918613626391032,10.722391501814048,2032,1129.9125333333345,59.2697230769229,108.53553846153682,Projected
Isle of Man,IMN,Europe,Europe,9.877668376068357,8.966330370172972,10.789006381963741,2033,1129.3326632478645,59.709353846153704,111.72164102563966,Projected
Isle of Man,IMN,Europe,Europe,9.934834188034174,9.013678972414397,10.85598940365395,2034,1128.7527931623945,60.14898461538451,114.9077435897425,Projected
Isle of Man,IMN,Europe,Europe,9.991999999999976,9.06067107486729,10.923328925132662,2035,1128.1729230769242,60.588615384615196,118.09384615384533,Projected
Isle of Man,IMN,Europe,Europe,10.049165811965793,9.10731823004755,10.991013393884035,2036,1127.5930529914542,61.028246153846,121.27994871794726,Projected
Isle of Man,IMN,Europe,Europe,10.10633162393161,9.153631863465161,11.059031384398057,2037,1127.0131829059842,61.4678769230768,124.4660512820501,Projected
Isle of Man,IMN,Europe,Europe,10.163497435897426,9.199623240334766,11.127371631460086,2038,1126.4333128205142,61.907507692307604,127.65215384615294,Projected
Isle of Man,IMN,Europe,Europe,10.220663247863229,9.245303436613325,11.196023059113132,2039,1125.8534427350442,62.34713846153829,130.83825641025487,Projected
Isle of Man,IMN,Europe,Europe,10.277829059829045,9.29068331416507,11.26497480549302,2040,1125.2735726495741,62.786769230769096,134.0243589743577,Projected
Isle of Man,IMN,Europe,Europe,10.334994871794862,9.33577349981833,11.334216243771394,2041,1124.693702564104,63.2263999999999,137.21046153846055,Projected
Isle of Man,IMN,Europe,Europe,10.392160683760679,9.380584368054345,11.403736999467013,2042,1124.1138324786339,63.6660307692307,140.3965641025634,Projected
Isle of Man,IMN,Europe,Europe,10.449326495726481,9.425126027052265,11.473526964400698,2043,1123.5339623931638,64.10566153846139,143.58266666666532,Projected
Isle of Man,IMN,Europe,Europe,10.506492307692298,9.469408307806988,11.543576307577608,2044,1122.9540923076938,64.5452923076922,146.76876923076816,Projected
Isle of Man,IMN,Europe,Europe,10.563658119658115,9.51344075603528,11.61387548328095,2045,1122.3742222222238,64.984923076923,149.954871794871,Projected
Isle of Man,IMN,Europe,Europe,10.620823931623931,9.557232626590446,11.684415236657417,2046,1121.7943521367536,65.4245538461538,153.14097435897384,Projected
Isle of Man,IMN,Europe,Europe,10.677989743589734,9.600792880114023,11.755186607065445,2047,1121.2144820512835,65.86418461538449,156.32707692307577,Projected
Isle of Man,IMN,Europe,Europe,10.73515555555555,9.6441301816654,11.826180929445702,2048,1120.6346119658135,66.30381538461529,159.5131794871786,Projected
Isle of Man,IMN,Europe,Europe,10.792321367521367,9.687252901084321,11.897389833958414,2049,1120.0547418803435,66.7434461538461,162.69928205128144,Projected
Isle of Man,IMN,Europe,Europe,10.84948717948717,9.730169114857617,11.968805244116723,2050,1119.4748717948735,67.18307692307678,165.88538461538337,Projected
India,IND,Asia,Asia,24.27412307692306,23.59085157339135,24.95739458045477,2026,1272.8181846153875,43.7663692307691,90.24027692307573,Projected
India,IND,Asia,Asia,24.307733333333317,23.618861150017338,24.996605516649296,2027,1270.732950427353,44.19470427350416,93.41277606837502,Projected
India,IND,Asia,Asia,24.341343589743573,23.646520773152798,25.03616640633435,2028,1268.6477162393194,44.623039316239215,96.58527521367432,Projected
India,IND,Asia,Asia,24.37495384615383,23.67383935331808,25.07606833898958,2029,1266.5624820512849,45.05137435897427,99.75777435897362,Projected
India,IND,Asia,Asia,24.408564102564085,23.700825985903627,25.116302219224544,2030,1264.4772478632513,45.47970940170933,102.93027350427201,Projected
India,IND,Asia,Asia,24.44217435897434,23.727489900220387,25.156858817728295,2031,1262.3920136752167,45.908044444444386,106.1027726495713,Projected
India,IND,Asia,Asia,24.475784615384597,23.75384041151885,25.197728819250344,2032,1260.3067794871831,46.33637948717944,109.2752717948706,Projected
India,IND,Asia,Asia,24.509394871794854,23.779886876289098,25.23890286730061,2033,1258.2215452991486,46.764714529914386,112.4477709401699,Projected
India,IND,Asia,Asia,24.54300512820511,23.80563865105898,25.280371605351238,2034,1256.136311111115,47.19304957264944,115.6202700854692,Projected
India,IND,Asia,Asia,24.576615384615366,23.831105054820046,25.322125714410685,2035,1254.0510769230805,47.6213846153845,118.7927692307685,Projected
India,IND,Asia,Asia,24.610225641025636,23.85629533513209,25.364155946919183,2036,1251.9658427350469,48.04971965811956,121.9652683760678,Projected
India,IND,Asia,Asia,24.643835897435892,23.88121863788919,25.406453156982593,2037,1249.8806085470123,48.478054700854614,125.13776752136619,Projected
India,IND,Asia,Asia,24.677446153846148,23.905883980672215,25.44900832702008,2038,1247.7953743589778,48.90638974358967,128.31026666666548,Projected
India,IND,Asia,Asia,24.711056410256404,23.93030022956501,25.4918125909478,2039,1245.7101401709442,49.33472478632473,131.48276581196478,Projected
India,IND,Asia,Asia,24.74466666666666,23.954476079274404,25.534857254058917,2040,1243.6249059829097,49.763059829059785,134.65526495726408,Projected
India,IND,Asia,Asia,24.778276923076916,23.978420036365677,25.578133809788156,2041,1241.539671794876,50.19139487179484,137.82776410256338,Projected
India,IND,Asia,Asia,24.811887179487172,24.002140405405264,25.62163395356908,2042,1239.4544376068416,50.6197299145299,141.00026324786268,Projected
India,IND,Asia,Asia,24.84549743589743,24.025645277790073,25.665349594004784,2043,1237.369203418808,51.04806495726484,144.17276239316197,Projected
India,IND,Asia,Asia,24.879107692307684,24.048942523036477,25.709272861578892,2044,1235.2839692307734,51.4763999999999,147.34526153846127,Projected
India,IND,Asia,Asia,24.91271794871794,24.072039782301403,25.75339611513448,2045,1233.1987350427398,51.904735042734956,150.51776068375966,Projected
India,IND,Asia,Asia,24.946328205128196,24.094944463911332,25.79771194634506,2046,1231.1135008547053,52.33307008547001,153.69025982905896,Projected
India,IND,Asia,Asia,24.979938461538453,24.11766374068207,25.842213182394836,2047,1229.0282666666717,52.76140512820507,156.86275897435826,Projected
India,IND,Asia,Asia,25.01354871794871,24.14020454882175,25.886892887075668,2048,1226.9430324786372,53.18974017094013,160.03525811965756,Projected
India,IND,Asia,Asia,25.047158974358965,24.162573588221065,25.931744360496864,2049,1224.8577982906027,53.61807521367518,163.20775726495685,Projected
India,IND,Asia,Asia,25.08076923076922,24.18477732394752,25.97676113759092,2050,1222.772564102569,54.04641025641024,166.38025641025615,Projected
Indian Ocean Territories,IOA,Asia,Africa,23.85175384615384,22.971775644196004,24.731732048111677,2026,1282.37716923077,11.528153846153828,84.5956307692295,Projected
Indian Ocean Territories,IOA,Asia,Africa,23.89196923076922,23.00477797206772,24.77916048947072,2027,1280.2075863247874,11.464341880341863,87.79083418803293,Projected
Indian Ocean Territories,IOA,Asia,Africa,23.9321846153846,23.037329598509956,24.827039632259243,2028,1278.0380034188047,11.400529914529898,90.98603760683636,Projected
Indian Ocean Territories,IOA,Asia,Africa,23.972399999999993,23.069441999288422,24.875358000711564,2029,1275.868420512822,11.336717948717933,94.18124102563979,Projected
Indian Ocean Territories,IOA,Asia,Africa,24.012615384615373,23.10112688826102,24.924103880969724,2030,1273.6988376068384,11.272905982905968,97.37644444444322,Projected
Indian Ocean Territories,IOA,Asia,Africa,24.052830769230752,23.13239615176053,24.973265386700973,2031,1271.5292547008557,11.209094017094003,100.57164786324665,Projected
Indian Ocean Territories,IOA,Asia,Africa,24.093046153846146,23.16326178680035,25.02283052089194,2032,1269.359671794873,11.14528205128201,103.76685128205008,Projected
Indian Ocean Territories,IOA,Asia,Africa,24.133261538461525,23.193735843505873,25.072787233417177,2033,1267.1900888888904,11.081470085470045,106.96205470085351,Projected
Indian Ocean Territories,IOA,Asia,Africa,24.17347692307692,23.223830372051218,25.12312347410262,2034,1265.0205059829068,11.01765811965808,110.15725811965694,Projected
Indian Ocean Territories,IOA,Asia,Africa,24.2136923076923,23.253557374267793,25.173827241116804,2035,1262.8509230769241,10.953846153846115,113.35246153846037,Projected
Indian Ocean Territories,IOA,Asia,Africa,24.253907692307678,23.282928759990863,25.224886624624492,2036,1260.6813401709414,10.89003418803415,116.5476649572638,Projected
Indian Ocean Territories,IOA,Asia,Africa,24.29412307692307,23.311956308121516,25.276289845724627,2037,1258.5117572649588,10.826222222222185,119.74286837606724,Projected
Indian Ocean Territories,IOA,Asia,Africa,24.33433846153845,23.340651632307516,25.328025290769386,2038,1256.3421743589752,10.76241025641022,122.93807179487067,Projected
Indian Ocean Territories,IOA,Asia,Africa,24.374553846153844,23.36902615108527,25.38008154122242,2039,1254.1725914529925,10.698598290598227,126.1332752136741,Projected
Indian Ocean Territories,IOA,Asia,Africa,24.414769230769224,23.397091062276463,25.432447399261985,2040,1252.0030085470098,10.634786324786262,129.32847863247753,Projected
Indian Ocean Territories,IOA,Asia,Africa,24.454984615384603,23.424857321397308,25.4851119093719,2041,1249.8334256410271,10.570974358974297,132.52368205128096,Projected
Indian Ocean Territories,IOA,Asia,Africa,24.495199999999997,23.452335623811816,25.538064376188178,2042,1247.6638427350435,10.507162393162332,135.7188854700844,Projected
Indian Ocean Territories,IOA,Asia,Africa,24.535415384615376,23.479536390345157,25.591294378885596,2043,1245.4942598290609,10.443350427350367,138.91408888888782,Projected
Indian Ocean Territories,IOA,Asia,Africa,24.575630769230756,23.50646975606493,25.64479178239658,2044,1243.3246769230782,10.379538461538402,142.10929230769125,Projected
Indian Ocean Territories,IOA,Asia,Africa,24.61584615384615,23.533145561937,25.698546745755298,2045,1241.1550940170955,10.315726495726409,145.30449572649468,Projected
Indian Ocean Territories,IOA,Asia,Africa,24.65606153846153,23.559573349067303,25.752549727855754,2046,1238.985511111112,10.251914529914444,148.4996991452981,Projected
Indian Ocean Territories,IOA,Asia,Africa,24.696276923076923,23.585762355250107,25.806791490903738,2047,1236.8159282051292,10.18810256410248,151.69490256410154,Projected
Indian Ocean Territories,IOA,Asia,Africa,24.736492307692302,23.61172151355507,25.861263101829532,2048,1234.6463452991466,10.124290598290514,154.89010598290497,Projected
Indian Ocean Territories,IOA,Asia,Africa,24.77670769230768,23.63745945270115,25.915955931914212,2049,1232.4767623931639,10.06047863247855,158.0853094017084,Projected
Indian Ocean Territories,IOA,Asia,Africa,24.816923076923075,23.66298449898099,25.97086165486516,2050,1230.3071794871812,9.996666666666584,161.28051282051183,Projected
Ireland,IRL,Europe,Europe,7.116215384615359,6.1242253166013265,8.10820545262939,2026,1264.595661538462,26.358338461538324,89.11541538461461,Projected
Ireland,IRL,Europe,Europe,7.170721367521338,6.170600097355008,8.170842637687668,2027,1263.3750837606844,26.612147008546913,92.3408307692298,Projected
Ireland,IRL,Europe,Europe,7.225227350427318,6.216466807180694,8.233987893673941,2028,1262.1545059829064,26.865955555555388,95.56624615384499,Projected
Ireland,IRL,Europe,Europe,7.279733333333297,6.261838382587001,8.297628284079593,2029,1260.9339282051287,27.119764102563977,98.79166153846018,Projected
Ireland,IRL,Europe,Europe,7.334239316239291,6.306728028481411,8.361750603997171,2030,1259.713350427351,27.373572649572566,102.01707692307627,Projected
Ireland,IRL,Europe,Europe,7.3887452991452705,6.351149144200397,8.426341454090144,2031,1258.492772649573,27.62738119658104,105.24249230769146,Projected
Ireland,IRL,Europe,Europe,7.44325128205125,6.395115253849571,8.491387310252929,2032,1257.2721948717954,27.88118974358963,108.46790769230665,Projected
Ireland,IRL,Europe,Europe,7.4977572649572295,6.43863994140716,8.556874588507299,2033,1256.0516170940177,28.13499829059822,111.69332307692184,Projected
Ireland,IRL,Europe,Europe,7.552263247863223,6.481736790906266,8.62278970482018,2034,1254.8310393162396,28.388806837606694,114.91873846153794,Projected
Ireland,IRL,Europe,Europe,7.606769230769203,6.5244193318837995,8.689119129654607,2035,1253.610461538462,28.642615384615283,118.14415384615313,Projected
Ireland,IRL,Europe,Europe,7.661275213675182,6.566700990170382,8.755849437179982,2036,1252.3898837606844,28.896423931623872,121.36956923076832,Projected
Ireland,IRL,Europe,Europe,7.715781196581162,6.608595043995921,8.822967349166403,2037,1251.1693059829063,29.15023247863246,124.59498461538351,Projected
Ireland,IRL,Europe,Europe,7.7702871794871555,6.650114585302064,8.890459773672248,2038,1249.9487282051286,29.404041025640936,127.82039999999961,Projected
Ireland,IRL,Europe,Europe,7.824793162393135,6.6912724860834025,8.958313838702868,2039,1248.728150427351,29.657849572649525,131.0458153846148,Projected
Ireland,IRL,Europe,Europe,7.879299145299115,6.732081369525278,9.02651692107295,2040,1247.5075726495734,29.911658119658114,134.27123076923,Projected
Ireland,IRL,Europe,Europe,7.933805128205094,6.7725535856645775,9.095056670745612,2041,1246.2869948717953,30.16546666666659,137.49664615384518,Projected
Ireland,IRL,Europe,Europe,7.988311111111088,6.812701191271401,9.163921030950775,2042,1245.0664170940177,30.419275213675178,140.72206153846128,Projected
Ireland,IRL,Europe,Europe,8.042817094017067,6.852535933631131,9.233098254403004,2043,1243.84583931624,30.673083760683767,143.94747692307647,Projected
Ireland,IRL,Europe,Europe,8.097323076923047,6.892069237897685,9.302576915948409,2044,1242.625261538462,30.926892307692242,147.17289230769165,Projected
Ireland,IRL,Europe,Europe,8.151829059829026,6.9313121976871965,9.372345921970856,2045,1241.4046837606843,31.18070085470083,150.39830769230684,Projected
Ireland,IRL,Europe,Europe,8.20633504273502,6.97027556858696,9.44239451688308,2046,1240.1841059829067,31.43450940170942,153.62372307692294,Projected
Ireland,IRL,Europe,Europe,8.260841025641,7.008969764264142,9.512712287017857,2047,1238.9635282051286,31.688317948717895,156.84913846153813,Projected
Ireland,IRL,Europe,Europe,8.31534700854698,7.0474048548732124,9.583289162220746,2048,1237.742950427351,31.942126495726484,160.07455384615332,Projected
Ireland,IRL,Europe,Europe,8.369852991452959,7.0855905674772615,9.654115415428656,2049,1236.5223726495733,32.19593504273507,163.2999692307685,Projected
Ireland,IRL,Europe,Europe,8.424358974358938,7.123536288217411,9.725181660500464,2050,1235.3017948717952,32.44974358974355,166.5253846153837,Projected
Iran,IRN,Asia,Asia,17.51643076923076,16.66424764955859,18.368613888902928,2026,1467.4564307692312,11.174676923076845,83.70559999999841,Projected
Iran,IRN,Asia,Asia,17.553630769230757,16.694462425169494,18.41279911329202,2027,1468.0509811965817,11.357046153846056,86.88709743589516,Projected
Iran,IRN,Asia,Asia,17.590830769230756,16.724240735252774,18.457420803208738,2028,1468.6455316239324,11.539415384615268,90.06859487179281,Projected
Iran,IRN,Asia,Asia,17.628030769230755,16.753593693099404,18.502467845362105,2029,1469.2400820512828,11.721784615384536,93.25009230769047,Projected
Iran,IRN,Asia,Asia,17.665230769230753,16.782532642572196,18.54792889588931,2030,1469.8346324786332,11.904153846153747,96.43158974358812,Projected
Iran,IRN,Asia,Asia,17.70243076923075,16.811069094560978,18.593792443900526,2031,1470.4291829059837,12.086523076923015,99.61308717948577,Projected
Iran,IRN,Asia,Asia,17.73963076923075,16.83921466714023,18.64004687132127,2032,1471.0237333333341,12.268892307692226,102.79458461538252,Projected
Iran,IRN,Asia,Asia,17.77683076923075,16.86698102981887,18.686680508642628,2033,1471.6182837606848,12.451261538461438,105.97608205128017,Projected
Iran,IRN,Asia,Asia,17.814030769230747,16.894379852152944,18.73368168630855,2034,1472.2128341880352,12.633630769230706,109.15757948717783,Projected
Iran,IRN,Asia,Asia,17.85123076923076,16.921422756882823,18.781038781578697,2035,1472.8073846153857,12.815999999999917,112.33907692307548,Projected
Iran,IRN,Asia,Asia,17.88843076923076,16.94812127765844,18.828740260803077,2036,1473.4019350427361,12.998369230769129,115.52057435897223,Projected
Iran,IRN,Asia,Asia,17.925630769230757,16.9744868213313,18.876774717130214,2037,1473.9964854700868,13.180738461538397,118.70207179486988,Projected
Iran,IRN,Asia,Asia,17.962830769230756,17.00053063471931,18.9251309037422,2038,1474.5910358974372,13.363107692307608,121.88356923076753,Projected
Iran,IRN,Asia,Asia,18.000030769230754,17.026263775691792,18.973797762769717,2039,1475.1855863247877,13.545476923076876,125.06506666666519,Projected
Iran,IRN,Asia,Asia,18.037230769230753,17.0516970883749,19.022764450086605,2040,1475.780136752138,13.727846153846087,128.24656410256284,Projected
Iran,IRN,Asia,Asia,18.07443076923075,17.07684118224277,19.072020356218733,2041,1476.3746871794885,13.910215384615299,131.4280615384596,Projected
Iran,IRN,Asia,Asia,18.11163076923075,17.10170641483453,19.12155512362697,2042,1476.9692376068392,14.092584615384567,134.60955897435724,Projected
Iran,IRN,Asia,Asia,18.14883076923075,17.126302877822113,19.171358660639385,2043,1477.5637880341897,14.274953846153778,137.7910564102549,Projected
Iran,IRN,Asia,Asia,18.18603076923076,17.150640386145835,19.22142115231569,2044,1478.15833846154,14.45732307692299,140.97255384615255,Projected
Iran,IRN,Asia,Asia,18.22323076923076,17.174728469933747,19.271733068527773,2045,1478.7528888888905,14.639692307692258,144.1540512820502,Projected
Iran,IRN,Asia,Asia,18.26043076923076,17.198576368925476,19.32228516953604,2046,1479.3474393162412,14.822061538461469,147.33554871794695,Projected
Iran,IRN,Asia,Asia,18.297630769230757,17.222193029129336,19.373068509332178,2047,1479.9419897435916,15.004430769230737,150.5170461538446,Projected
Iran,IRN,Asia,Asia,18.334830769230756,17.24558710145416,19.424074437007352,2048,1480.536540170942,15.186799999999948,153.69854358974226,Projected
Iran,IRN,Asia,Asia,18.372030769230754,17.268766942071274,19.475294596390235,2049,1481.1310905982925,15.36916923076916,156.8800410256399,Projected
Iran,IRN,Asia,Asia,18.409230769230753,17.291740614278176,19.52672092418333,2050,1481.725641025643,15.551538461538428,160.06153846153757,Projected
Iraq,IRQ,Asia,Asia,21.631107692307666,20.888741337797008,22.373474046818323,2026,938.4715999999971,172.647384615384,89.98627692307491,Projected
Iraq,IRQ,Asia,Asia,21.683582905982888,20.935131479560496,22.43203433240528,2027,942.5988410256377,174.2244273504266,93.17930598290422,Projected
Iraq,IRQ,Asia,Asia,21.736058119658097,20.98114140102257,22.490974838293624,2028,946.7260820512802,175.8014700854692,96.37233504273354,Projected
Iraq,IRQ,Asia,Asia,21.788533333333305,21.026780783357527,22.550285883309083,2029,950.8533230769208,177.37851282051224,99.56536410256285,Projected
Iraq,IRQ,Asia,Asia,21.841008547008528,21.072059508598823,22.609957585418233,2030,954.9805641025614,178.95555555555484,102.75839316239126,Projected
Iraq,IRQ,Asia,Asia,21.893483760683736,21.116987604282897,22.669979917084575,2031,959.107805128202,180.53259829059743,105.95142222222057,Projected
Iraq,IRQ,Asia,Asia,21.94595897435896,21.161575191318548,22.73034275739937,2032,963.2350461538445,182.10964102564049,109.14445128204989,Projected
Iraq,IRQ,Asia,Asia,21.998434188034167,21.205832435420824,22.79103594064751,2033,967.3622871794851,183.68668376068308,112.3374803418792,Projected
Iraq,IRQ,Asia,Asia,22.050909401709376,21.24976950234588,22.85204930107287,2034,971.4895282051257,185.26372649572568,115.5305094017076,Projected
Iraq,IRQ,Asia,Asia,22.1033846153846,21.293396517067094,22.913372713702103,2035,975.6167692307681,186.84076923076873,118.72353846153692,Projected
Iraq,IRQ,Asia,Asia,22.155859829059807,21.336723526948063,22.97499613117155,2036,979.7440102564087,188.41781196581132,121.91656752136623,Projected
Iraq,IRQ,Asia,Asia,22.20833504273503,21.379760468893874,23.036909616576185,2037,983.8712512820493,189.99485470085392,125.10959658119555,Projected
Iraq,IRQ,Asia,Asia,22.260810256410238,21.42251714039875,23.099103372421727,2038,987.99849230769,191.57189743589697,128.30262564102395,Projected
Iraq,IRQ,Asia,Asia,22.313285470085447,21.465003174357253,23.16156776581364,2039,992.1257333333324,193.14894017093957,131.49565470085327,Projected
Iraq,IRQ,Asia,Asia,22.36576068376067,21.50722801746486,23.224293350056477,2040,996.252974358973,194.72598290598216,134.68868376068258,Projected
Iraq,IRQ,Asia,Asia,22.418235897435878,21.549200912003457,23.2872708828683,2041,1000.3802153846136,196.30302564102522,137.8817128205119,Projected
Iraq,IRQ,Asia,Asia,22.4707111111111,21.59093088078564,23.350491341436562,2042,1004.5074564102542,197.8800683760678,141.0747418803403,Projected
Iraq,IRQ,Asia,Asia,22.52318632478631,21.632426715017793,23.413945934554825,2043,1008.6346974358967,199.4571111111104,144.2677709401696,Projected
Iraq,IRQ,Asia,Asia,22.575661538461517,21.67369696483579,23.477626112087243,2044,1012.7619384615373,201.03415384615346,147.46079999999893,Projected
Iraq,IRQ,Asia,Asia,22.62813675213674,21.714749932265676,23.541523572007804,2045,1016.8891794871779,202.61119658119605,150.65382905982824,Projected
Iraq,IRQ,Asia,Asia,22.68061196581195,21.755593666365954,23.605630265257943,2046,1021.0164205128185,204.18823931623865,153.84685811965664,Projected
Iraq,IRQ,Asia,Asia,22.73308717948717,21.79623596031564,23.6699383986587,2047,1025.143661538461,205.7652820512817,157.03988717948596,Projected
Iraq,IRQ,Asia,Asia,22.78556239316238,21.836684350222264,23.734440436102496,2048,1029.2709025641016,207.3423247863243,160.23291623931527,Projected
Iraq,IRQ,Asia,Asia,22.838037606837588,21.87694611543732,23.799129098237856,2049,1033.3981435897422,208.9193675213669,163.4259452991446,Projected
Iraq,IRQ,Asia,Asia,22.89051282051281,21.917028280179704,23.863997360845918,2050,1037.5253846153846,210.49641025640994,166.6189743589739,Projected
Iceland,ISL,Europe,Europe,7.3782769230769105,6.506837719759789,8.249716126394032,2026,1356.4407384615397,2.1977230769231113,86.89252307692186,Projected
Iceland,ISL,Europe,Europe,7.404246153846138,6.525663886748353,8.282828420943924,2027,1355.846519658121,2.174933333333371,90.12923418803348,Projected
Iceland,ISL,Europe,Europe,7.430215384615373,6.544043725755428,8.316387043475318,2028,1355.2523008547023,2.1521435897436305,93.36594529914419,Projected
Iceland,ISL,Europe,Europe,7.4561846153846005,6.561988601189904,8.350380629579298,2029,1354.6580820512836,2.129353846153883,96.6026564102558,Projected
Iceland,ISL,Europe,Europe,7.482153846153835,6.579510113242579,8.384797579065092,2030,1354.0638632478647,2.1065641025641426,99.83936752136651,Projected
Iceland,ISL,Europe,Europe,7.508123076923063,6.596620032905409,8.419626120940718,2031,1353.469644444446,2.083774358974402,103.07607863247813,Projected
Iceland,ISL,Europe,Europe,7.5340923076922905,6.613330240776996,8.454854374607585,2032,1352.8754256410273,2.060984615384662,106.31278974358884,Projected
Iceland,ISL,Europe,Europe,7.560061538461525,6.629652670052593,8.490470406870458,2033,1352.2812068376086,2.0381948717949143,109.54950085470045,Projected
Iceland,ISL,Europe,Europe,7.586030769230753,6.645599253975626,8.526462284485879,2034,1351.6869880341897,2.015405128205174,112.78621196581116,Projected
Iceland,ISL,Europe,Europe,7.611999999999988,6.661181877916006,8.56281812208397,2035,1351.092769230771,1.9926153846154335,116.02292307692278,Projected
Iceland,ISL,Europe,Europe,7.637969230769215,6.6764123361401175,8.599526125398313,2036,1350.4985504273523,1.9698256410256931,119.25963418803349,Projected
Iceland,ISL,Europe,Europe,7.66393846153845,6.69130229325074,8.636574629826159,2037,1349.9043316239336,1.9470358974359527,122.4963452991451,Projected
Iceland,ISL,Europe,Europe,7.689907692307678,6.705863250200903,8.673952134414453,2038,1349.3101128205146,1.9242461538462052,125.73305641025581,Projected
Iceland,ISL,Europe,Europe,7.715876923076912,6.72010651472554,8.711647331428285,2039,1348.715894017096,1.9014564102564648,128.96976752136743,Projected
Iceland,ISL,Europe,Europe,7.74184615384614,6.734043175986637,8.749649131705644,2040,1348.1216752136772,1.8786666666667244,132.20647863247814,Projected
Iceland,ISL,Europe,Europe,7.767815384615375,6.747684083191929,8.78794668603882,2041,1347.5274564102585,1.855876923076984,135.44318974358976,Projected
Iceland,ISL,Europe,Europe,7.793784615384602,6.7610398279213575,8.826529402847848,2042,1346.9332376068396,1.8330871794872365,138.67990085470046,Projected
Iceland,ISL,Europe,Europe,7.819753846153837,6.774120729880108,8.865386962427566,2043,1346.339018803421,1.8102974358974961,141.91661196581208,Projected
Iceland,ISL,Europe,Europe,7.845723076923065,6.7869368257886356,8.904509328057493,2044,1345.7448000000022,1.7875076923077557,145.1533230769228,Projected
Iceland,ISL,Europe,Europe,7.8716923076922996,6.799497861119529,8.94388675426507,2045,1345.1505811965835,1.7647179487180154,148.3900341880344,Projected
Iceland,ISL,Europe,Europe,7.897661538461527,6.811813284395208,8.983509792527848,2046,1344.5563623931646,1.7419282051282678,151.6267452991451,Projected
Iceland,ISL,Europe,Europe,7.923630769230762,6.82389224376962,9.023369294691904,2047,1343.962143589746,1.7191384615385275,154.86345641025673,Projected
Iceland,ISL,Europe,Europe,7.94959999999999,6.835743585629081,9.063456414370897,2048,1343.3679247863272,1.696348717948787,158.10016752136744,Projected
Iceland,ISL,Europe,Europe,7.975569230769217,6.847375854962489,9.103762606575946,2049,1342.7737059829085,1.6735589743590467,161.33687863247815,Projected
Iceland,ISL,Europe,Europe,8.001538461538452,6.858797297267062,9.144279625809842,2050,1342.1794871794898,1.6507692307693063,164.57358974358976,Projected
Israel,ISR,Asia,Asia,18.954953846153842,18.157684473080394,19.75222321922729,2026,1937.0154153846152,13.685199999999895,84.01686153846003,Projected
Israel,ISR,Asia,Asia,18.98571965811965,18.181915180863882,19.789524135375416,2027,1936.7203179487176,13.837408547008465,87.18859487179361,Projected
Israel,ISR,Asia,Asia,19.016485470085463,18.205737548480176,19.82723339169075,2028,1936.42522051282,13.989617094017035,90.36032820512719,Projected
Israel,ISR,Asia,Asia,19.047251282051278,18.229161973091937,19.865340591010618,2029,1936.1301230769227,14.141825641025548,93.53206153845986,Projected
Israel,ISR,Asia,Asia,19.078017094017092,18.252199067575898,19.903835120458286,2030,1935.8350256410251,14.294034188034118,96.70379487179343,Projected
Israel,ISR,Asia,Asia,19.1087829059829,18.274859601072738,19.94270621089306,2031,1935.5399282051276,14.446242735042631,99.87552820512701,Projected
Israel,ISR,Asia,Asia,19.139548717948713,18.297154443000966,19.98194299289646,2032,1935.2448307692302,14.598451282051201,103.04726153846059,Projected
Israel,ISR,Asia,Asia,19.170314529914528,18.319094510899127,20.021534548929928,2033,1934.9497333333327,14.75065982905977,106.21899487179417,Projected
Israel,ISR,Asia,Asia,19.201080341880342,18.34069072234986,20.061469961410825,2034,1934.6546358974351,14.902868376068284,109.39072820512683,Projected
Israel,ISR,Asia,Asia,19.23184615384615,18.36195395113685,20.101738356555447,2035,1934.3595384615378,15.055076923076854,112.56246153846041,Projected
Israel,ISR,Asia,Asia,19.262611965811963,18.382894987694314,20.142328943929613,2036,1934.0644410256402,15.207285470085424,115.73419487179399,Projected
Israel,ISR,Asia,Asia,19.293377777777778,18.403524503828717,20.18323105172684,2037,1933.7693435897427,15.359494017093937,118.90592820512757,Projected
Israel,ISR,Asia,Asia,19.324143589743592,18.42385302162535,20.224434157861833,2038,1933.4742461538453,15.511702564102507,122.07766153846023,Projected
Israel,ISR,Asia,Asia,19.3549094017094,18.443890886396535,20.265927917022264,2039,1933.1791487179478,15.66391111111102,125.24939487179381,Projected
Israel,ISR,Asia,Asia,19.385675213675214,18.46364824348484,20.307702183865587,2040,1932.8840512820502,15.81611965811959,128.4211282051274,Projected
Israel,ISR,Asia,Asia,19.416441025641028,18.483135018701496,20.34974703258056,2041,1932.588953846153,15.96832820512816,131.59286153846097,Projected
Israel,ISR,Asia,Asia,19.447206837606842,18.50236090215716,20.392052773056523,2042,1932.293856410255,16.120536752136672,134.76459487179363,Projected
Israel,ISR,Asia,Asia,19.47797264957265,18.521335335227473,20.434609963917826,2043,1931.9987589743578,16.272745299145242,137.9363282051272,Projected
Israel,ISR,Asia,Asia,19.508738461538464,18.540067500388755,20.477409422688172,2044,1931.7036615384604,16.424953846153812,141.1080615384608,Projected
Israel,ISR,Asia,Asia,19.539504273504278,18.55856631365807,20.520442233350487,2045,1931.4085641025627,16.577162393162325,144.27979487179437,Projected
Israel,ISR,Asia,Asia,19.570270085470092,18.57684041937632,20.563699751563863,2046,1931.1134666666653,16.729370940170895,147.45152820512703,Projected
Israel,ISR,Asia,Asia,19.6010358974359,18.594898187080847,20.60717360779095,2047,1930.8183692307678,16.88157948717941,150.6232615384606,Projected
Israel,ISR,Asia,Asia,19.631801709401714,18.612747710225403,20.650855708578025,2048,1930.5232717948702,17.033788034187978,153.7949948717942,Projected
Israel,ISR,Asia,Asia,19.662567521367528,18.630396806518792,20.694738236216264,2049,1930.2281743589729,17.185996581196548,156.96672820512777,Projected
Israel,ISR,Asia,Asia,19.693333333333335,18.64785301966844,20.73881364699823,2050,1929.9330769230753,17.33820512820506,160.13846153846134,Projected
Italy,ITA,Europe,Europe,13.606461538461524,12.84150591253988,14.371417164383168,2026,491.63547692307657,1046.0028307692264,89.46446153846045,Projected
Italy,ITA,Europe,Europe,13.642581196581183,12.871355337687994,14.413807055474372,2027,487.4125777777772,1055.4474564102493,92.71225641025558,Projected
Italy,ITA,Europe,Europe,13.678700854700843,12.900812972910716,14.45658873649097,2028,483.1896786324778,1064.8920820512758,95.9600512820507,Projected
Italy,ITA,Europe,Europe,13.714820512820488,12.929888793968237,14.499752231672739,2029,478.9667794871784,1074.3367076923023,99.20784615384582,Projected
Italy,ITA,Europe,Europe,13.750940170940147,12.95859298359183,14.543287358288465,2030,474.74388034187905,1083.7813333333288,102.45564102564003,Projected
Italy,ITA,Europe,Europe,13.787059829059807,12.986935874443237,14.587183783676377,2031,470.52098119657967,1093.2259589743553,105.70343589743516,Projected
Italy,ITA,Europe,Europe,13.823179487179466,13.014927895397701,14.631431078961231,2032,466.2980820512803,1102.6705846153782,108.95123076923028,Projected
Italy,ITA,Europe,Europe,13.859299145299126,13.04257952150019,14.67601876909806,2033,462.0751829059809,1112.1152102564047,112.1990256410254,Projected
Italy,ITA,Europe,Europe,13.895418803418785,13.069901227837972,14.720936378999598,2034,457.85228376068153,1121.5598358974312,115.44682051281961,Projected
Italy,ITA,Europe,Europe,13.931538461538445,13.096903447474574,14.766173475602315,2035,453.62938461538215,1131.0044615384577,118.69461538461474,Projected
Italy,ITA,Europe,Europe,13.967658119658104,13.123596533502214,14.811719705813994,2036,449.40648547008277,1140.4490871794842,121.94241025640986,Projected
Italy,ITA,Europe,Europe,14.003777777777763,13.149990725193442,14.857564830362085,2037,445.1835863247852,1149.893712820507,125.19020512820498,Projected
Italy,ITA,Europe,Europe,14.039897435897423,13.17609611816789,14.903698753626955,2038,440.96068717948583,1159.3383384615336,128.4379999999992,Projected
Italy,ITA,Europe,Europe,14.076017094017082,13.201922638436937,14.950111549597228,2039,436.73778803418645,1168.78296410256,131.68579487179431,Projected
Italy,ITA,Europe,Europe,14.112136752136742,13.227480020147064,14.99679348412642,2040,432.51488888888707,1178.2275897435866,134.93358974358944,Projected
Italy,ITA,Europe,Europe,14.148256410256401,13.25277778681116,15.043735033701642,2041,428.2919897435877,1187.6722153846094,138.18138461538456,Projected
Italy,ITA,Europe,Europe,14.184376068376046,13.277825235794584,15.090926900957509,2042,424.0690905982883,1197.116841025636,141.42917948717877,Projected
Italy,ITA,Europe,Europe,14.220495726495706,13.302631425809093,15.138360027182319,2043,419.84619145298893,1206.5614666666625,144.6769743589739,Projected
Italy,ITA,Europe,Europe,14.256615384615365,13.327205167160376,15.186025602070355,2044,415.62329230768955,1216.006092307689,147.92476923076902,Projected
Italy,ITA,Europe,Europe,14.292735042735025,13.351555014494643,15.233915070975407,2045,411.4003931623902,1225.4507179487155,151.17256410256414,Projected
Italy,ITA,Europe,Europe,14.328854700854684,13.375689261793116,15.282020139916252,2046,407.1774940170908,1234.8953435897383,154.42035897435835,Projected
Italy,ITA,Europe,Europe,14.364974358974344,13.39961593937139,15.330332778577297,2047,402.9545948717914,1244.3399692307648,157.66815384615347,Projected
Italy,ITA,Europe,Europe,14.401094017094003,13.423342812651264,15.378845221536743,2048,398.73169572649203,1253.7845948717913,160.9159487179486,Projected
Italy,ITA,Europe,Europe,14.437213675213663,13.446877382485699,15.427549967941626,2049,394.50879658119266,1263.2292205128178,164.16374358974372,Projected
Italy,ITA,Europe,Europe,14.473333333333322,13.470226886831691,15.476439779834953,2050,390.2858974358933,1272.6738461538444,167.41153846153884,Projected
Jamaica,JAM,North America,Americas,5.862123076923055,5.224256491454033,6.499989662392077,2026,742.8422153846159,50.0278461538461,83.17849230769025,Projected
Jamaica,JAM,North America,Americas,5.914246153846136,5.271151066278269,6.5573412414140035,2027,741.6275931623936,50.391333333333364,86.27185641025426,Projected
Jamaica,JAM,North America,Americas,5.966369230769217,5.3177189428033325,6.615019518735102,2028,740.4129709401718,50.754820512820515,89.36522051281827,Projected
Jamaica,JAM,North America,Americas,6.0184923076922985,5.363968439425591,6.673016175959006,2029,739.1983487179496,51.11830769230767,92.45858461538228,Projected
Jamaica,JAM,North America,Americas,6.070615384615365,5.409908047126453,6.731322722104278,2030,737.9837264957273,51.48179487179493,95.5519487179472,Projected
Jamaica,JAM,North America,Americas,6.122738461538447,5.455546381908562,6.7899305411683315,2031,736.769104273505,51.845282051282084,98.64531282051121,Projected
Jamaica,JAM,North America,Americas,6.174861538461528,5.5008921400031845,6.848830936919871,2032,735.5544820512828,52.208769230769235,101.73867692307522,Projected
Jamaica,JAM,North America,Americas,6.226984615384609,5.545954056140727,6.908015174628491,2033,734.3398598290605,52.5722564102565,104.83204102563923,Projected
Jamaica,JAM,North America,Americas,6.279107692307676,5.590740865086856,6.967474519528496,2034,733.1252376068383,52.93574358974365,107.92540512820324,Projected
Jamaica,JAM,North America,Americas,6.331230769230757,5.635261266565325,7.027200271896189,2035,731.910615384616,53.2992307692308,111.01876923076725,Projected
Jamaica,JAM,North America,Americas,6.383353846153838,5.679523893614901,7.0871837986927755,2036,730.6959931623937,53.66271794871807,114.11213333333126,Projected
Jamaica,JAM,North America,Americas,6.435476923076919,5.723537284364587,7.147416561789251,2037,729.4813709401715,54.02620512820522,117.20549743589618,Projected
Jamaica,JAM,North America,Americas,6.487599999999986,5.767309857156828,7.207890142843144,2038,728.2667487179492,54.38969230769237,120.29886153846019,Projected
Jamaica,JAM,North America,Americas,6.539723076923067,5.810849888904417,7.268596264941718,2039,727.052126495727,54.75317948717964,123.3922256410242,Projected
Jamaica,JAM,North America,Americas,6.591846153846149,5.85416549653147,7.329526811160827,2040,725.8375042735047,55.11666666666679,126.4855897435882,Projected
Jamaica,JAM,North America,Americas,6.64396923076923,5.897264621323002,7.390673840215458,2041,724.6228820512824,55.48015384615405,129.57895384615222,Projected
Jamaica,JAM,North America,Americas,6.696092307692297,5.94015501598844,7.452029599396154,2042,723.4082598290606,55.843641025641205,132.67231794871623,Projected
Jamaica,JAM,North America,Americas,6.748215384615378,5.982844234233313,7.513586534997443,2043,722.1936376068384,56.207128205128356,135.76568205128024,Projected
Jamaica,JAM,North America,Americas,6.800338461538459,6.025339622627036,7.575337300449882,2044,720.9790153846161,56.57061538461562,138.85904615384425,Projected
Jamaica,JAM,North America,Americas,6.85246153846154,6.0676483145545825,7.637274762368498,2045,719.7643931623938,56.93410256410277,141.95241025640917,Projected
Jamaica,JAM,North America,Americas,6.904584615384607,6.109777226042574,7.69939200472664,2046,718.5497709401716,57.297589743589924,145.04577435897318,Projected
Jamaica,JAM,North America,Americas,6.956707692307688,6.151733053257211,7.761682331358165,2047,717.3351487179493,57.66107692307719,148.1391384615372,Projected
Jamaica,JAM,North America,Americas,7.008830769230769,6.193522271480081,7.824139266981458,2048,716.1205264957271,58.02456410256434,151.2325025641012,Projected
Jamaica,JAM,North America,Americas,7.060953846153851,6.23515113537917,7.886756556928531,2049,714.9059042735048,58.38805128205149,154.3258666666652,Projected
Jamaica,JAM,North America,Americas,7.113076923076932,6.2766256804038045,7.949528165750059,2050,713.6912820512825,58.75153846153876,157.41923076922922,Projected
Jersey,JEY,Europe,Europe,11.661138461538442,10.883299243823782,12.438977679253103,2026,939.8002153846146,11.183076923076896,86.18363076923015,Projected
Jersey,JEY,Europe,Europe,11.702960683760665,10.918745628096453,12.487175739424877,2027,941.8538495726489,11.261794871794848,89.37384273504176,Projected
Jersey,JEY,Europe,Europe,11.744782905982888,10.95379362381069,12.535772188155086,2028,943.9074837606831,11.3405128205128,92.56405470085429,Projected
Jersey,JEY,Europe,Europe,11.78660512820511,10.988453374741182,12.584756881669039,2029,945.9611179487174,11.41923076923075,95.7542666666659,Projected
Jersey,JEY,Europe,Europe,11.828427350427347,11.022735235119528,12.634119465735166,2030,948.0147521367517,11.497948717948702,98.94447863247751,Projected
Jersey,JEY,Europe,Europe,11.87024957264957,11.056649711632975,12.683849433666165,2031,950.0683863247859,11.576666666666654,102.13469059829004,Projected
Jersey,JEY,Europe,Europe,11.912071794871792,11.090207408802746,12.73393618094084,2032,952.1220205128202,11.655384615384605,105.32490256410165,Projected
Jersey,JEY,Europe,Europe,11.953894017094015,11.123418978097376,12.784369056090654,2033,954.1756547008545,11.734102564102557,108.51511452991417,Projected
Jersey,JEY,Europe,Europe,11.995716239316238,11.156295071028424,12.835137407604051,2034,956.2292888888887,11.812820512820508,111.70532649572579,Projected
Jersey,JEY,Europe,Europe,12.03753846153846,11.188846296375921,12.886230626701,2035,958.282923076923,11.89153846153846,114.89553846153831,Projected
Jersey,JEY,Europe,Europe,12.079360683760683,11.2210831816017,12.937638185919667,2036,960.3365572649573,11.970256410256411,118.08575042734992,Projected
Jersey,JEY,Europe,Europe,12.121182905982906,11.253016138430928,12.989349673534884,2037,962.3901914529915,12.048974358974363,121.27596239316154,Projected
Jersey,JEY,Europe,Europe,12.163005128205128,11.284655432516434,13.041354823893823,2038,964.4438256410258,12.127692307692314,124.46617435897406,Projected
Jersey,JEY,Europe,Europe,12.204827350427351,11.316011157046187,13.093643543808515,2039,966.4974598290601,12.206410256410237,127.65638632478567,Projected
Jersey,JEY,Europe,Europe,12.246649572649574,11.34709321011183,13.146205935187318,2040,968.5510940170943,12.285128205128188,130.8465982905982,Projected
Jersey,JEY,Europe,Europe,12.288471794871796,11.377911275623855,13.199032314119737,2041,970.6047282051286,12.36384615384614,134.0368102564098,Projected
Jersey,JEY,Europe,Europe,12.330294017094019,11.408474807536408,13.25211322665163,2042,972.6583623931629,12.442564102564091,137.22702222222142,Projected
Jersey,JEY,Europe,Europe,12.372116239316242,11.438793017130514,13.305439461501969,2043,974.7119965811971,12.521282051282043,140.41723418803394,Projected
Jersey,JEY,Europe,Europe,12.413938461538464,11.46887486309746,13.359002059979469,2044,976.7656307692314,12.599999999999994,143.60744615384556,Projected
Jersey,JEY,Europe,Europe,12.455760683760687,11.498729044163138,13.412792323358236,2045,978.8192649572657,12.678717948717946,146.79765811965808,Projected
Jersey,JEY,Europe,Europe,12.49758290598291,11.528363993998278,13.466801817967541,2046,980.8728991452999,12.757435897435897,149.9878700854697,Projected
Jersey,JEY,Europe,Europe,12.539405128205132,11.557787878167236,13.521022378243028,2047,982.9265333333342,12.836153846153849,153.17808205128222,Projected
Jersey,JEY,Europe,Europe,12.581227350427355,11.587008592879176,13.575446107975534,2048,984.9801675213685,12.9148717948718,156.36829401709383,Projected
Jersey,JEY,Europe,Europe,12.623049572649577,11.616033765318472,13.630065379980683,2049,987.0338017094027,12.993589743589752,159.55850598290544,Projected
Jersey,JEY,Europe,Europe,12.6648717948718,11.644870755345773,13.684872834397828,2050,989.087435897437,13.072307692307703,162.74871794871797,Projected
Jordan,JOR,Asia,Asia,10.993723076923068,10.249321323981386,11.73812482986475,2026,638.9733846153858,28.6082769230768,84.36412307692171,Projected
Jordan,JOR,Asia,Asia,11.026335042735035,10.275831534008828,11.77683855146124,2027,636.273094017095,28.892109401709263,87.54610940170824,Projected
Jordan,JOR,Asia,Asia,11.058947008547001,10.30196048125793,11.815933535836072,2028,633.572803418805,29.17594188034184,90.72809572649476,Projected
Jordan,JOR,Asia,Asia,11.091558974358968,10.327717873446542,11.855400075271394,2029,630.8725128205142,29.4597743589743,93.91008205128037,Projected
Jordan,JOR,Asia,Asia,11.12417094017092,10.353113619702352,11.895228260639488,2030,628.1722222222234,29.743606837606762,97.09206837606689,Projected
Jordan,JOR,Asia,Asia,11.156782905982887,10.378157775055076,11.935408036910697,2031,625.4719316239334,30.027439316239224,100.27405470085341,Projected
Jordan,JOR,Asia,Asia,11.189394871794853,10.402860488162672,11.975929255427035,2032,622.7716410256426,30.311271794871686,103.45604102563993,Projected
Jordan,JOR,Asia,Asia,11.22200683760682,10.427231952612283,12.016781722601356,2033,620.0713504273517,30.59510427350415,106.63802735042646,Projected
Jordan,JOR,Asia,Asia,11.254618803418786,10.451282362032224,12.057955244805349,2034,617.3710598290609,30.878936752136724,109.82001367521298,Projected
Jordan,JOR,Asia,Asia,11.287230769230753,10.475021869156212,12.099439669305294,2035,614.6707692307709,31.162769230769186,113.00199999999859,Projected
Jordan,JOR,Asia,Asia,11.31984273504272,10.49846054889544,12.141224921189998,2036,611.9704786324801,31.446601709401648,116.18398632478511,Projected
Jordan,JOR,Asia,Asia,11.352454700854686,10.52160836539969,12.183301036309683,2037,609.2701880341892,31.73043418803411,119.36597264957163,Projected
Jordan,JOR,Asia,Asia,11.385066666666653,10.544475143025693,12.225658190307612,2038,606.5698974358984,32.01426666666657,122.54795897435815,Projected
Jordan,JOR,Asia,Asia,11.41767863247862,10.56707054107919,12.268286723878049,2039,603.8696068376084,32.298099145299034,125.72994529914467,Projected
Jordan,JOR,Asia,Asia,11.450290598290586,10.589404032156315,12.311177164424857,2040,601.1693162393176,32.58193162393161,128.9119316239303,Projected
Jordan,JOR,Asia,Asia,11.482902564102552,10.6114848838792,12.354320244325905,2041,598.4690256410267,32.86576410256407,132.0939179487168,Projected
Jordan,JOR,Asia,Asia,11.515514529914519,10.633322143798901,12.397706916030137,2042,595.7687350427359,33.14959658119653,135.27590427350333,Projected
Jordan,JOR,Asia,Asia,11.548126495726486,10.6549246272253,12.44132836422767,2043,593.068444444446,33.433429059828995,138.45789059828985,Projected
Jordan,JOR,Asia,Asia,11.580738461538452,10.676300907736774,12.48517601534013,2044,590.3681538461551,33.71726153846146,141.63987692307637,Projected
Jordan,JOR,Asia,Asia,11.613350427350419,10.697459310121603,12.529241544579234,2045,587.6678632478643,34.00109401709392,144.8218632478629,Projected
Jordan,JOR,Asia,Asia,11.645962393162385,10.718407905506997,12.573516880817774,2046,584.9675726495734,34.284926495726495,148.0038495726485,Projected
Jordan,JOR,Asia,Asia,11.678574358974352,10.739154508439048,12.617994209509655,2047,582.2672820512835,34.56875897435896,151.18583589743503,Projected
Jordan,JOR,Asia,Asia,11.711186324786318,10.759706675687601,12.662665973885035,2048,579.5669914529926,34.85259145299142,154.36782222222155,Projected
Jordan,JOR,Asia,Asia,11.743798290598285,10.780071706562445,12.707524874634125,2049,576.8667008547018,35.13642393162388,157.54980854700807,Projected
Jordan,JOR,Asia,Asia,11.776410256410252,10.800256644541264,12.752563868279239,2050,574.1664102564118,35.42025641025634,160.7317948717946,Projected
Japan,JPN,Asia,Asia,21.39264615384614,20.722044171591122,22.06324813610116,2026,476.61750769230275,16.5336615384615,85.21086153845954,Projected
Japan,JPN,Asia,Asia,21.418454700854685,20.74235588908769,22.09455351262168,2027,486.64458803418165,16.6491179487179,88.34112478632323,Projected
Japan,JPN,Asia,Asia,21.44426324786323,20.762324142085546,22.126202353640913,2028,496.6716683760642,16.76457435897433,91.47138803418602,Projected
Japan,JPN,Asia,Asia,21.47007179487178,20.78195767588225,22.158185913861313,2029,506.6987487179431,16.88003076923073,94.60165128204972,Projected
Japan,JPN,Asia,Asia,21.495880341880326,20.8012654172175,22.190495266543152,2030,516.7258290598256,16.995487179487156,97.7319145299125,Projected
Japan,JPN,Asia,Asia,21.52168888888887,20.820256424268294,22.22312135350945,2031,526.7529094017045,17.110943589743556,100.8621777777762,Projected
Japan,JPN,Asia,Asia,21.547497435897423,20.838939839557653,22.256055032237192,2032,536.7799897435871,17.226399999999984,103.99244102563898,Projected
Japan,JPN,Asia,Asia,21.573305982905968,20.85732484608348,22.289287119728456,2033,546.807070085466,17.341856410256383,107.12270427350268,Projected
Japan,JPN,Asia,Asia,21.599114529914512,20.875420626880775,22.32280843294825,2034,556.8341504273485,17.45731282051281,110.25296752136546,Projected
Japan,JPN,Asia,Asia,21.624923076923064,20.893236328144244,22.356609825701884,2035,566.8612307692274,17.57276923076921,113.38323076922916,Projected
Japan,JPN,Asia,Asia,21.65073162393161,20.910781025961324,22.390682221901894,2036,576.8883111111099,17.68822564102564,116.51349401709285,Projected
Japan,JPN,Asia,Asia,21.676540170940154,20.928063696638933,22.425016645241374,2037,586.9153914529888,17.80368205128204,119.64375726495564,Projected
Japan,JPN,Asia,Asia,21.702348717948706,20.945093190549976,22.459604245347435,2038,596.9424717948677,17.919138461538466,122.77402051281933,Projected
Japan,JPN,Asia,Asia,21.72815726495725,20.961878209379446,22.494436320535055,2039,606.9695521367503,18.034594871794866,125.90428376068212,Projected
Japan,JPN,Asia,Asia,21.753965811965795,20.978427286613094,22.529504337318496,2040,616.9966324786292,18.150051282051294,129.03454700854581,Projected
Japan,JPN,Asia,Asia,21.779774358974347,20.99474877108373,22.564799946864962,2041,627.0237128205117,18.265507692307693,132.1648102564086,Projected
Japan,JPN,Asia,Asia,21.80558290598289,21.010850813370848,22.600314998594936,2042,637.0507931623906,18.38096410256412,135.2950735042723,Projected
Japan,JPN,Asia,Asia,21.831391452991436,21.026741354837107,22.636041551145766,2043,647.0778735042732,18.49642051282052,138.42533675213508,Projected
Japan,JPN,Asia,Asia,21.857199999999988,21.042428119078853,22.671971880921124,2044,657.1049538461521,18.61187692307695,141.55559999999878,Projected
Japan,JPN,Asia,Asia,21.883008547008533,21.0579186055673,22.708098488449767,2045,667.1320341880346,18.72733333333335,144.68586324786156,Projected
Japan,JPN,Asia,Asia,21.908817094017078,21.073220085260473,22.744414102773682,2046,677.1591145299135,18.842789743589776,147.81612649572526,Projected
Japan,JPN,Asia,Asia,21.93462564102563,21.08833959797269,22.780911684078568,2047,687.186194871796,18.958246153846176,150.94638974358804,Projected
Japan,JPN,Asia,Asia,21.960434188034174,21.103283951297836,22.817584424770512,2048,697.2132752136749,19.073702564102604,154.07665299145174,Projected
Japan,JPN,Asia,Asia,21.98624273504272,21.11805972089428,22.854425749191158,2049,707.2403555555538,19.18915897435903,157.20691623931543,Projected
Japan,JPN,Asia,Asia,22.01205128205127,21.132673251951413,22.89142931215113,2050,717.2674358974364,19.30461538461543,160.33717948717822,Projected
Siachen Glacier,KAS,Asia,Asia,18.373753846153825,17.711941082310975,19.035566609996675,2026,1015.6909538461555,15.457692307692326,90.9185230769217,Projected
Siachen Glacier,KAS,Asia,Asia,18.40622564102562,17.738988091649833,19.07346319040141,2027,1013.9266940170955,15.4137606837607,94.15696068375928,Projected
Siachen Glacier,KAS,Asia,Asia,18.438697435897417,17.76569613809388,19.111698733700955,2028,1012.1624341880356,15.369829059829087,97.39539829059686,Projected
Siachen Glacier,KAS,Asia,Asia,18.471169230769213,17.792073852320765,19.15026460921766,2029,1010.3981743589757,15.32589743589746,100.63383589743444,Projected
Siachen Glacier,KAS,Asia,Asia,18.50364102564101,17.81813004407224,19.189152007209778,2030,1008.6339145299162,15.281965811965833,103.87227350427202,Projected
Siachen Glacier,KAS,Asia,Asia,18.536112820512805,17.843873652804657,19.228351988220954,2031,1006.8696547008562,15.238034188034206,107.1107111111096,Projected
Siachen Glacier,KAS,Asia,Asia,18.5685846153846,17.869313701214914,19.26785552955429,2032,1005.1053948717963,15.194102564102579,110.34914871794717,Projected
Siachen Glacier,KAS,Asia,Asia,18.601056410256398,17.894459251944326,19.30765356856847,2033,1003.3411350427368,15.150170940170952,113.58758632478475,Projected
Siachen Glacier,KAS,Asia,Asia,18.633528205128194,17.919319367670802,19.347737042585585,2034,1001.5768752136769,15.10623931623934,116.82602393162233,Projected
Siachen Glacier,KAS,Asia,Asia,18.66599999999999,17.9439030747148,19.38809692528518,2035,999.812615384617,15.062307692307712,120.06446153845991,Projected
Siachen Glacier,KAS,Asia,Asia,18.698471794871786,17.96821933020839,19.42872425953518,2036,998.048355555557,15.018376068376085,123.30289914529749,Projected
Siachen Glacier,KAS,Asia,Asia,18.730943589743582,17.992276992810872,19.46961018667629,2037,996.2840957264975,14.974444444444458,126.54133675213507,Projected
Siachen Glacier,KAS,Asia,Asia,18.763415384615378,18.016084796898078,19.51074597233268,2038,994.5198358974376,14.930512820512831,129.77977435897265,Projected
Siachen Glacier,KAS,Asia,Asia,18.795887179487174,18.039651330106725,19.552123028867623,2039,992.7555760683776,14.886581196581204,133.01821196581022,Projected
Siachen Glacier,KAS,Asia,Asia,18.82835897435897,18.062985014078762,19.593732934639178,2040,990.9913162393182,14.842649572649592,136.2566495726478,Projected
Siachen Glacier,KAS,Asia,Asia,18.860830769230752,18.086094088223334,19.63556745023817,2041,989.2270564102582,14.798717948717965,139.4950871794863,Projected
Siachen Glacier,KAS,Asia,Asia,18.893302564102548,18.108986596294724,19.677618531910372,2042,987.4627965811983,14.754786324786338,142.73352478632387,Projected
Siachen Glacier,KAS,Asia,Asia,18.925774358974344,18.131670375572416,19.719878342376273,2043,985.6985367521388,14.71085470085471,145.97196239316145,Projected
Siachen Glacier,KAS,Asia,Asia,18.95824615384614,18.15415304842374,19.76233925926854,2044,983.9342769230789,14.666923076923084,149.21039999999903,Projected
Siachen Glacier,KAS,Asia,Asia,18.990717948717936,18.176442016028393,19.80499388140748,2045,982.1700170940189,14.622991452991457,152.4488376068366,Projected
Siachen Glacier,KAS,Asia,Asia,19.023189743589732,18.198544454047884,19.84783503313158,2046,980.405757264959,14.579059829059844,155.68727521367418,Projected
Siachen Glacier,KAS,Asia,Asia,19.05566153846153,18.22046731002946,19.890855766893598,2047,978.6414974358995,14.535128205128217,158.92571282051176,Projected
Siachen Glacier,KAS,Asia,Asia,19.088133333333325,18.242217302343562,19.934049364323087,2048,976.8772376068396,14.49119658119659,162.16415042734934,Projected
Siachen Glacier,KAS,Asia,Asia,19.12060512820512,18.263800920464956,19.977409335945286,2049,975.1129777777796,14.447264957264963,165.40258803418692,Projected
Siachen Glacier,KAS,Asia,Asia,19.153076923076917,18.285224426420037,20.020929419733797,2050,973.3487179487202,14.403333333333336,168.6410256410245,Projected
Kazakhstan,KAZ,Asia,Asia,22.990430769230755,22.288124917051594,23.692736621409917,2026,1193.6586769230735,170.2802769230757,89.67464615384506,Projected
Kazakhstan,KAZ,Asia,Asia,23.01624615384614,22.308183600021525,23.724308707670755,2027,1197.148550427346,171.76901538461425,92.90442051281934,Projected
Kazakhstan,KAZ,Asia,Asia,23.042061538461525,22.32788258061382,23.75624049630923,2028,1200.6384239316194,173.2577538461528,96.13419487179453,Projected
Kazakhstan,KAZ,Asia,Asia,23.06787692307691,22.34723101757513,23.78852282857869,2029,1204.1282974358928,174.74649230769137,99.36396923076882,Projected
Kazakhstan,KAZ,Asia,Asia,23.093692307692294,22.366238259672233,23.821146355712354,2030,1207.6181709401662,176.23523076922947,102.5937435897431,Projected
Kazakhstan,KAZ,Asia,Asia,23.11950769230768,22.384913793323125,23.85410159129223,2031,1211.1080444444397,177.72396923076803,105.82351794871738,Projected
Kazakhstan,KAZ,Asia,Asia,23.145323076923063,22.40326719327943,23.887378960566696,2032,1214.597917948713,179.2127076923066,109.05329230769166,Projected
Kazakhstan,KAZ,Asia,Asia,23.171138461538447,22.421308076681186,23.92096884639571,2033,1218.0877914529865,180.70144615384515,112.28306666666595,Projected
Kazakhstan,KAZ,Asia,Asia,23.196953846153832,22.439046060707277,23.954861631600387,2034,1221.57766495726,182.1901846153837,115.51284102564023,Projected
Kazakhstan,KAZ,Asia,Asia,23.222769230769224,22.456490723954587,23.98904773758386,2035,1225.0675384615333,183.67892307692182,118.74261538461451,Projected
Kazakhstan,KAZ,Asia,Asia,23.24858461538461,22.47365157159832,24.023517659170896,2036,1228.5574119658068,185.16766153846038,121.9723897435897,Projected
Kazakhstan,KAZ,Asia,Asia,23.274399999999993,22.490538004315834,24.058261995684152,2037,1232.0472854700802,186.65639999999894,125.20216410256398,Projected
Kazakhstan,KAZ,Asia,Asia,23.300215384615377,22.50715929089673,24.093271478334024,2038,1235.5371589743536,188.1451384615375,128.43193846153827,Projected
Kazakhstan,KAZ,Asia,Asia,23.326030769230762,22.523524544413252,24.12853699404827,2039,1239.027032478627,189.63387692307606,131.66171282051255,Projected
Kazakhstan,KAZ,Asia,Asia,23.351846153846147,22.539642701786455,24.164049605905838,2040,1242.5169059829004,191.12261538461462,134.89148717948683,Projected
Kazakhstan,KAZ,Asia,Asia,23.37766153846153,22.555522506554667,24.199800570368396,2041,1246.006779487173,192.61135384615272,138.1212615384611,Projected
Kazakhstan,KAZ,Asia,Asia,23.403476923076916,22.57117249463015,24.23578135152368,2042,1249.4966529914464,194.10009230769128,141.3510358974354,Projected
Kazakhstan,KAZ,Asia,Asia,23.4292923076923,22.58660098281724,24.27198363256736,2043,1252.9865264957198,195.58883076922984,144.58081025640968,Projected
Kazakhstan,KAZ,Asia,Asia,23.455107692307692,22.601816059858667,24.308399324756717,2044,1256.4763999999932,197.0775692307684,147.81058461538487,Projected
Kazakhstan,KAZ,Asia,Asia,23.480923076923077,22.61682557977613,24.345020574070023,2045,1259.9662735042666,198.56630769230696,151.04035897435915,Projected
Kazakhstan,KAZ,Asia,Asia,23.50673846153846,22.6316371572748,24.381839765802123,2046,1263.45614700854,200.05504615384507,154.27013333333343,Projected
Kazakhstan,KAZ,Asia,Asia,23.532553846153846,22.646258164988378,24.418849527319313,2047,1266.9460205128134,201.54378461538363,157.49990769230772,Projected
Kazakhstan,KAZ,Asia,Asia,23.55836923076923,22.660695732351563,24.456042729186898,2048,1270.4358940170869,203.0325230769222,160.729682051282,Projected
Kazakhstan,KAZ,Asia,Asia,23.584184615384615,22.674956745898356,24.493412484870873,2049,1273.9257675213603,204.52126153846075,163.95945641025628,Projected
Kazakhstan,KAZ,Asia,Asia,23.61,22.68904785079795,24.530952149202047,2050,1277.4156410256337,206.0099999999993,167.18923076923056,Projected
Kenya,KEN,Africa,Africa,18.651784615384592,17.90622164229283,19.397347588476354,2026,1316.9287076923074,273.6030769230747,86.30698461538304,Projected
Kenya,KEN,Africa,Africa,18.683825641025628,17.932151393792164,19.43549988825909,2027,1319.2204068376059,276.1513675213655,89.44114871794773,Projected
Kenya,KEN,Africa,Africa,18.71586666666665,17.95769928776707,19.474034045566228,2028,1321.5121059829053,278.6996581196563,92.5753128205115,Projected
Kenya,KEN,Africa,Africa,18.747907692307685,17.982875047078856,19.512940337536513,2029,1323.8038051282047,281.2479487179471,95.70947692307618,Projected
Kenya,KEN,Africa,Africa,18.779948717948706,18.007688596312818,19.552208839584594,2030,1326.095504273504,283.7962393162379,98.84364102563995,Projected
Kenya,KEN,Africa,Africa,18.811989743589727,18.03215000618387,19.591829480995585,2031,1328.3872034188034,286.3445299145278,101.97780512820373,Projected
Kenya,KEN,Africa,Africa,18.844030769230763,18.056269441181275,19.63179209728025,2032,1330.678902564102,288.8928205128186,105.11196923076841,Projected
Kenya,KEN,Africa,Africa,18.876071794871784,18.080057110793504,19.672086478950064,2033,1332.9706017094013,291.4411111111094,108.24613333333218,Projected
Kenya,KEN,Africa,Africa,18.908112820512805,18.103523224550308,19.712702416475302,2034,1335.2623008547007,293.9894017094002,111.38029743589595,Projected
Kenya,KEN,Africa,Africa,18.94015384615384,18.12667795102305,19.75362974128463,2035,1337.554,296.53769230769103,114.51446153846064,Projected
Kenya,KEN,Africa,Africa,18.972194871794862,18.14953138083912,19.794858362750603,2036,1339.8456991452995,299.0859829059809,117.64862564102441,Projected
Kenya,KEN,Africa,Africa,19.004235897435883,18.172093493691772,19.836378301179995,2037,1342.137398290598,301.63427350427173,120.78278974358909,Projected
Kenya,KEN,Africa,Africa,19.03627692307692,18.194374129263124,19.878179716890713,2038,1344.4290974358973,304.18256410256254,123.91695384615286,Projected
Kenya,KEN,Africa,Africa,19.06831794871794,18.216382961926808,19.920252935509073,2039,1346.7207965811967,306.73085470085334,127.05111794871664,Projected
Kenya,KEN,Africa,Africa,19.10035897435896,18.238129479055626,19.962588469662297,2040,1349.0124957264961,309.27914529914415,130.18528205128132,Projected
Kenya,KEN,Africa,Africa,19.132399999999997,18.25962296272864,20.005177037271356,2041,1351.3041948717946,311.82743589743404,133.3194461538451,Projected
Kenya,KEN,Africa,Africa,19.16444102564102,18.28087247461048,20.048009576671557,2042,1353.595894017094,314.37572649572485,136.45361025640977,Projected
Kenya,KEN,Africa,Africa,19.19648205128204,18.301886843762382,20.091077258801697,2043,1355.8875931623934,316.92401709401565,139.58777435897355,Projected
Kenya,KEN,Africa,Africa,19.228523076923075,18.322674657136982,20.134371496709168,2044,1358.1792923076928,319.47230769230646,142.72193846153732,Projected
Kenya,KEN,Africa,Africa,19.260564102564096,18.343244252508683,20.17788395261951,2045,1360.4709914529922,322.02059829059726,145.856102564102,Projected
Kenya,KEN,Africa,Africa,19.292605128205118,18.363603713595158,20.221606542815078,2046,1362.7626905982906,324.56888888888716,148.99026666666578,Projected
Kenya,KEN,Africa,Africa,19.324646153846153,18.383760867132718,20.265531440559588,2047,1365.05438974359,327.11717948717796,152.12443076923046,Projected
Kenya,KEN,Africa,Africa,19.356687179487174,18.403723281679266,20.309651077295083,2048,1367.3460888888894,329.66547008546877,155.25859487179423,Projected
Kenya,KEN,Africa,Africa,19.388728205128196,18.423498267931073,20.353958142325318,2049,1369.6377880341888,332.2137606837596,158.392758974358,Projected
Kenya,KEN,Africa,Africa,19.42076923076923,18.44309288035322,20.398445581185243,2050,1371.9294871794882,334.7620512820504,161.52692307692269,Projected
Kyrgyzstan,KGZ,Asia,Asia,14.38566153846152,13.55948874462662,15.21183433229642,2026,927.507230769228,262.3371384615375,87.58919999999762,Projected
Kyrgyzstan,KGZ,Asia,Asia,14.437647863247847,13.60470304798248,15.270592678513212,2027,930.2124957264932,264.79624273504214,90.76233162392873,Projected
Kyrgyzstan,KGZ,Asia,Asia,14.489634188034174,13.649494207607791,15.329774168460556,2028,932.9177606837584,267.25534700854587,93.93546324786075,Projected
Kyrgyzstan,KGZ,Asia,Asia,14.5416205128205,13.693872997593756,15.389368028047246,2029,935.6230256410236,269.7144512820505,97.10859487179277,Projected
Kyrgyzstan,KGZ,Asia,Asia,14.593606837606828,13.737850415565902,15.449363259647754,2030,938.3282905982878,272.17355555555514,100.28172649572389,Projected
Kyrgyzstan,KGZ,Asia,Asia,14.645593162393155,13.781437621078773,15.509748703707537,2031,941.033555555553,274.63265982905887,103.45485811965591,Projected
Kyrgyzstan,KGZ,Asia,Asia,14.697579487179482,13.824645877600089,15.570513096758875,2032,943.7388205128182,277.0917641025635,106.62798974358702,Projected
Kyrgyzstan,KGZ,Asia,Asia,14.749565811965809,13.867486498462112,15.631645125469506,2033,946.4440854700824,279.55086837606723,109.80112136751904,Projected
Kyrgyzstan,KGZ,Asia,Asia,14.801552136752136,13.9099707970428,15.693133476461472,2034,949.1493504273476,282.00997264957186,112.97425299145107,Projected
Kyrgyzstan,KGZ,Asia,Asia,14.853538461538449,13.952110041333313,15.754966881743584,2035,951.8546153846128,284.4690769230765,116.14738461538218,Projected
Kyrgyzstan,KGZ,Asia,Asia,14.905524786324776,13.993915412953676,15.817134159695875,2036,954.559880341877,286.9281811965802,119.3205162393142,Projected
Kyrgyzstan,KGZ,Asia,Asia,14.957511111111103,14.035397970595543,15.879624251626662,2037,957.2651452991422,289.38728547008486,122.49364786324531,Projected
Kyrgyzstan,KGZ,Asia,Asia,15.00949743589743,14.076568617801549,15.942426253993311,2038,959.9704102564074,291.8463897435895,125.66677948717734,Projected
Kyrgyzstan,KGZ,Asia,Asia,15.061483760683757,14.117438074932808,16.005529446434704,2039,962.6756752136725,294.3054940170932,128.83991111110936,Projected
Kyrgyzstan,KGZ,Asia,Asia,15.113470085470084,14.158016855131166,16.068923315809002,2040,965.3809401709368,296.76459829059786,132.01304273504047,Projected
Kyrgyzstan,KGZ,Asia,Asia,15.165456410256411,14.19831524404847,16.132597576464352,2041,968.086205128202,299.2237025641025,135.1861743589725,Projected
Kyrgyzstan,KGZ,Asia,Asia,15.217442735042738,14.238343283091131,16.196542186994346,2042,970.7914700854672,301.6828068376062,138.3593059829036,Projected
Kyrgyzstan,KGZ,Asia,Asia,15.269429059829065,14.278110755913158,16.260747363744972,2043,973.4967350427314,304.14191111111086,141.53243760683563,Projected
Kyrgyzstan,KGZ,Asia,Asia,15.321415384615378,14.317627177883315,16.32520359134744,2044,976.2019999999966,306.6010153846146,144.70556923076765,Projected
Kyrgyzstan,KGZ,Asia,Asia,15.373401709401705,14.356901788251227,16.38990163055218,2045,978.9072649572618,309.0601196581192,147.87870085469876,Projected
Kyrgyzstan,KGZ,Asia,Asia,15.425388034188032,14.395943544741233,16.45483252363483,2046,981.6125299145269,311.51922393162386,151.05183247863079,Projected
Kyrgyzstan,KGZ,Asia,Asia,15.477374358974359,14.434761120311663,16.519987597637055,2047,984.3177948717912,313.9783282051276,154.2249641025619,Projected
Kyrgyzstan,KGZ,Asia,Asia,15.529360683760686,14.473362901828379,16.58535846569299,2048,987.0230598290564,316.4374324786322,157.39809572649392,Projected
Kyrgyzstan,KGZ,Asia,Asia,15.581347008547013,14.51175699041573,16.650937026678296,2049,989.7283247863215,318.89653675213685,160.57122735042594,Projected
Kyrgyzstan,KGZ,Asia,Asia,15.63333333333334,14.549951203263301,16.71671546340338,2050,992.4335897435858,321.3556410256406,163.74435897435706,Projected
Cambodia,KHM,Asia,Asia,25.13581538461537,24.31093507628732,25.96069569294342,2026,1436.1011692307686,20.90652307692301,90.53861538461479,Projected
Cambodia,KHM,Asia,Asia,25.175049572649556,24.343407837211764,26.006691308087348,2027,1436.9380649572643,21.086379487179443,93.77406837606759,Projected
Cambodia,KHM,Asia,Asia,25.214283760683756,24.37545811638237,26.053109404985143,2028,1437.7749606837601,21.266235897435877,97.00952136752039,Projected
Cambodia,KHM,Asia,Asia,25.253517948717942,24.407096671035056,26.099939226400828,2029,1438.6118564102558,21.446092307692254,100.2449743589732,Projected
Cambodia,KHM,Asia,Asia,25.292752136752128,24.4383344815904,26.147169791913857,2030,1439.4487521367514,21.62594871794869,103.48042735042691,Projected
Cambodia,KHM,Asia,Asia,25.331986324786314,24.46918269014466,26.19478995942797,2031,1440.285647863247,21.805805128205122,106.71588034187971,Projected
Cambodia,KHM,Asia,Asia,25.3712205128205,24.499652542544702,26.242788483096298,2032,1441.122543589743,21.9856615384615,109.95133333333251,Projected
Cambodia,KHM,Asia,Asia,25.410454700854686,24.52975533442393,26.291154067285444,2033,1441.9594393162386,22.165517948717934,113.18678632478532,Projected
Cambodia,KHM,Asia,Asia,25.449688888888886,24.559502361461377,26.339875416316396,2034,1442.7963350427342,22.345374358974368,116.42223931623903,Projected
Cambodia,KHM,Asia,Asia,25.488923076923072,24.588904874020262,26.388941279825882,2035,1443.63323076923,22.525230769230745,119.65769230769183,Projected
Cambodia,KHM,Asia,Asia,25.528157264957258,24.61797403622779,26.438340493686727,2036,1444.4701264957257,22.70508717948718,122.89314529914463,Projected
Cambodia,KHM,Asia,Asia,25.567391452991444,24.646720889475134,26.488062016507754,2037,1445.3070222222213,22.884943589743614,126.12859829059744,Projected
Cambodia,KHM,Asia,Asia,25.60662564102563,24.675156320247147,26.538094961804113,2038,1446.143917948717,23.06479999999999,129.36405128205115,Projected
Cambodia,KHM,Asia,Asia,25.645859829059816,24.703291032133752,26.58842862598588,2039,1446.9808136752129,23.244656410256425,132.59950427350395,Projected
Cambodia,KHM,Asia,Asia,25.685094017094016,24.73113552182977,26.639052512358262,2040,1447.8177094017085,23.42451282051286,135.83495726495676,Projected
Cambodia,KHM,Asia,Asia,25.724328205128202,24.7587000588959,26.689956351360504,2041,1448.6546051282041,23.604369230769237,139.07041025640956,Projected
Cambodia,KHM,Asia,Asia,25.76356239316239,24.78599466902953,26.741130117295246,2042,1449.4915008546998,23.78422564102567,142.30586324786327,Projected
Cambodia,KHM,Asia,Asia,25.802796581196574,24.813029120578882,26.792564041814266,2043,1450.3283965811956,23.964082051282105,145.54131623931607,Projected
Cambodia,KHM,Asia,Asia,25.84203076923076,24.839812914026645,26.844248624434876,2044,1451.1652923076913,24.143938461538482,148.77676923076888,Projected
Cambodia,KHM,Asia,Asia,25.881264957264946,24.866355274168303,26.89617464036159,2045,1452.002188034187,24.323794871794917,152.01222222222168,Projected
Cambodia,KHM,Asia,Asia,25.920499145299146,24.892665144714538,26.948333145883755,2046,1452.8390837606826,24.50365128205135,155.2476752136754,Projected
Cambodia,KHM,Asia,Asia,25.959733333333332,24.918751185055452,27.000715481611213,2047,1453.6759794871784,24.683507692307728,158.4831282051282,Projected
Cambodia,KHM,Asia,Asia,25.99896752136752,24.9446217689363,27.053313273798736,2048,1454.512875213674,24.863364102564162,161.718581196581,Projected
Cambodia,KHM,Asia,Asia,26.038201709401704,24.970284984807826,27.106118433995583,2049,1455.3497709401697,25.043220512820596,164.9540341880338,Projected
Cambodia,KHM,Asia,Asia,26.07743589743589,24.995748637630214,27.159123157241567,2050,1456.1866666666656,25.223076923076974,168.1894871794866,Projected
Kiribati,KIR,Oceania,Oceania,22.21953846153844,21.459842186046007,22.979234737030875,2026,1156.9804923076915,18.951384615384512,83.4506461538449,Projected
Kiribati,KIR,Oceania,Oceania,22.259333333333323,21.49340993502025,23.025256731646397,2027,1158.0597025641016,19.082683760683636,86.5699247863231,Projected
Kiribati,KIR,Oceania,Oceania,22.29912820512819,21.52658858776849,23.071667822487893,2028,1159.1389128205117,19.213982905982817,89.68920341880221,Projected
Kiribati,KIR,Oceania,Oceania,22.33892307692306,21.559388051463934,23.118458102382185,2029,1160.2181230769222,19.34528205128194,92.80848205128041,Projected
Kiribati,KIR,Oceania,Oceania,22.37871794871794,21.591818438827833,23.16561745860805,2030,1161.2973333333323,19.476581196581066,95.92776068375952,Projected
Kiribati,KIR,Oceania,Oceania,22.41851282051281,21.623890011481073,23.213135629544546,2031,1162.3765435897424,19.607880341880247,99.04703931623771,Projected
Kiribati,KIR,Oceania,Oceania,22.458307692307677,21.655613126596577,23.261002258018777,2032,1163.455753846153,19.73917948717937,102.16631794871682,Projected
Kiribati,KIR,Oceania,Oceania,22.498102564102545,21.686998187199528,23.309206941005563,2033,1164.534964102563,19.870478632478495,105.28559658119502,Projected
Kiribati,KIR,Oceania,Oceania,22.537897435897428,21.718055596357146,23.35773927543771,2034,1165.614174358973,20.001777777777676,108.40487521367413,Projected
Kiribati,KIR,Oceania,Oceania,22.577692307692296,21.748795715401794,23.406588899982797,2035,1166.6933846153836,20.1330769230768,111.52415384615233,Projected
Kiribati,KIR,Oceania,Oceania,22.617487179487163,21.7792288262444,23.455745532729928,2036,1167.7725948717937,20.26437606837598,114.64343247863144,Projected
Kiribati,KIR,Oceania,Oceania,22.657282051282046,21.809365097758768,23.505199004805323,2037,1168.8518051282038,20.395675213675105,117.76271111110964,Projected
Kiribati,KIR,Oceania,Oceania,22.697076923076914,21.839214556153422,23.554939290000405,2038,1169.9310153846143,20.52697435897423,120.88198974358875,Projected
Kiribati,KIR,Oceania,Oceania,22.73687179487178,21.868787059194783,23.60495653054878,2039,1171.0102256410244,20.65827350427341,124.00126837606695,Projected
Kiribati,KIR,Oceania,Oceania,22.776666666666664,21.898092274103522,23.655241059229805,2040,1172.0894358974344,20.789572649572534,127.12054700854605,Projected
Kiribati,KIR,Oceania,Oceania,22.81646153846153,21.927139658914854,23.70578341800821,2041,1173.168646153845,20.92087179487166,130.23982564102425,Projected
Kiribati,KIR,Oceania,Oceania,22.8562564102564,21.95593844707137,23.756574373441428,2042,1174.247856410255,21.05217094017084,133.35910427350336,Projected
Kiribati,KIR,Oceania,Oceania,22.896051282051268,21.98449763500284,23.807604929099696,2043,1175.3270666666651,21.183470085469963,136.47838290598156,Projected
Kiribati,KIR,Oceania,Oceania,22.93584615384615,22.012825972440893,23.858866335251406,2044,1176.4062769230757,21.314769230769144,139.59766153846067,Projected
Kiribati,KIR,Oceania,Oceania,22.975641025641018,22.040931955215378,23.910350096066658,2045,1177.4854871794857,21.44606837606827,142.71694017093887,Projected
Kiribati,KIR,Oceania,Oceania,23.015435897435886,22.06882382028338,23.96204797458839,2046,1178.5646974358958,21.577367521367393,145.83621880341798,Projected
Kiribati,KIR,Oceania,Oceania,23.055230769230768,22.096509542749132,24.013951995712404,2047,1179.6439076923064,21.708666666666574,148.95549743589618,Projected
Kiribati,KIR,Oceania,Oceania,23.095025641025636,22.123996834644288,24.066054447406984,2048,1180.7231179487164,21.839965811965698,152.0747760683753,Projected
Kiribati,KIR,Oceania,Oceania,23.134820512820504,22.15129314525071,24.1183478803903,2049,1181.8023282051265,21.97126495726482,155.1940547008544,Projected
Kiribati,KIR,Oceania,Oceania,23.174615384615386,22.178405662761797,24.170825106468975,2050,1182.881538461537,22.102564102564003,158.3133333333326,Projected
Saint Kitts and Nevis,KNA,North America,Americas,9.394184615384603,8.716870045317648,10.071499185451557,2026,959.3661230769194,202.26987692307512,89.72255384615255,Projected
Saint Kitts and Nevis,KNA,North America,Americas,9.419822222222209,8.736955800511277,10.10268864393314,2027,964.4919042735019,204.21924102563935,92.9468170940163,Projected
Saint Kitts and Nevis,KNA,North America,Americas,9.445459829059821,8.756694653197265,10.134225004922378,2028,969.6176854700825,206.16860512820358,96.17108034187913,Projected
Saint Kitts and Nevis,KNA,North America,Americas,9.471097435897427,8.776095436211781,10.166099435583073,2029,974.7434666666632,208.1179692307678,99.39534358974288,Projected
Saint Kitts and Nevis,KNA,North America,Americas,9.496735042735033,8.795167165649364,10.198302919820701,2030,979.8692478632456,210.0673333333316,102.61960683760572,Projected
Saint Kitts and Nevis,KNA,North America,Americas,9.522372649572638,8.813918990357502,10.230826308787774,2031,984.9950290598263,212.01669743589582,105.84387008546946,Projected
Saint Kitts and Nevis,KNA,North America,Americas,9.548010256410251,8.832360144373983,10.26366036844652,2032,990.1208102564069,213.96606153846005,109.0681333333323,Projected
Saint Kitts and Nevis,KNA,North America,Americas,9.573647863247857,8.85049990261663,10.296795823879084,2033,995.2465914529894,215.91542564102429,112.29239658119604,Projected
Saint Kitts and Nevis,KNA,North America,Americas,9.599285470085462,8.868347540040737,10.330223400130187,2034,1000.37237264957,217.86478974358806,115.51665982905888,Projected
Saint Kitts and Nevis,KNA,North America,Americas,9.624923076923068,8.885912294392522,10.363933859453613,2035,1005.4981538461525,219.8141538461523,118.74092307692263,Projected
Saint Kitts and Nevis,KNA,North America,Americas,9.650560683760673,8.903203332609213,10.397918034912134,2036,1010.6239350427331,221.76351794871653,121.96518632478546,Projected
Saint Kitts and Nevis,KNA,North America,Americas,9.676198290598286,8.920229720848702,10.43216686034787,2037,1015.7497162393138,223.71288205128076,125.18944957264921,Projected
Saint Kitts and Nevis,KNA,North America,Americas,9.701835897435892,8.93700039807429,10.466671396797494,2038,1020.8754974358962,225.66224615384454,128.41371282051205,Projected
Saint Kitts and Nevis,KNA,North America,Americas,9.727473504273497,8.953524153073067,10.501422855473928,2039,1026.001278632477,227.61161025640877,131.6379760683758,Projected
Saint Kitts and Nevis,KNA,North America,Americas,9.753111111111103,8.969809604749214,10.536412617472992,2040,1031.1270598290575,229.560974358973,134.86223931623863,Projected
Saint Kitts and Nevis,KNA,North America,Americas,9.778748717948709,8.985865185505627,10.57163225039179,2041,1036.25284102564,231.51033846153723,138.08650256410237,Projected
Saint Kitts and Nevis,KNA,North America,Americas,9.804386324786321,9.001699127507445,10.607073522065198,2042,1041.3786222222207,233.459702564101,141.3107658119652,Projected
Saint Kitts and Nevis,KNA,North America,Americas,9.830023931623927,9.017319451608717,10.642728411639137,2043,1046.5044034188013,235.40906666666524,144.53502905982896,Projected
Saint Kitts and Nevis,KNA,North America,Americas,9.855661538461533,9.032733958717394,10.678589118205672,2044,1051.6301846153838,237.35843076922947,147.7592923076918,Projected
Saint Kitts and Nevis,KNA,North America,Americas,9.881299145299138,9.047950223372865,10.714648067225411,2045,1056.7559658119644,239.3077948717937,150.98355555555554,Projected
Saint Kitts and Nevis,KNA,North America,Americas,9.906936752136751,9.062975589313961,10.750897914959541,2046,1061.881747008545,241.25715897435748,154.20781880341838,Projected
Saint Kitts and Nevis,KNA,North America,Americas,9.932574358974357,9.077817166822056,10.787331551126657,2047,1067.0075282051275,243.2065230769217,157.43208205128212,Projected
Saint Kitts and Nevis,KNA,North America,Americas,9.958211965811962,9.092481831633675,10.82394209999025,2048,1072.1333094017082,245.15588717948594,160.65634529914496,Projected
Saint Kitts and Nevis,KNA,North America,Americas,9.983849572649568,9.10697622522817,10.860722920070966,2049,1077.2590905982888,247.10525128205018,163.8806085470078,Projected
Saint Kitts and Nevis,KNA,North America,Americas,10.009487179487174,9.121306756308957,10.89766760266539,2050,1082.3848717948713,249.0546153846144,167.10487179487154,Projected
South Korea,KOR,Asia,Asia,26.38236923076923,25.6368304908746,27.127907970663856,2026,577.2292923076916,14.884584615384483,88.4960615384598,Projected
South Korea,KOR,Asia,Asia,26.404909401709403,25.65325958630916,27.156559217109645,2027,575.8739692307686,15.053100854700688,91.66118290598115,Projected
South Korea,KOR,Asia,Asia,26.42744957264957,25.6693068366309,27.185592308668244,2028,574.5186461538456,15.221617094016949,94.8263042735025,Projected
South Korea,KOR,Asia,Asia,26.44998974358974,25.684981964385074,27.214997522794405,2029,573.1633230769221,15.39013333333321,97.99142564102385,Projected
South Korea,KOR,Asia,Asia,26.472529914529915,25.700294893834446,27.244764935225383,2030,571.8079999999991,15.558649572649415,101.1565470085452,Projected
South Korea,KOR,Asia,Asia,26.495070085470083,25.71525569536656,27.274884475573604,2031,570.4526769230761,15.727165811965676,104.32166837606655,Projected
South Korea,KOR,Asia,Asia,26.517610256410258,25.729874533140308,27.305345979680208,2032,569.0973538461526,15.89568205128188,107.4867897435879,Projected
South Korea,KOR,Asia,Asia,26.540150427350426,25.74416161631233,27.336139238388522,2033,567.7420307692296,16.064198290598142,110.65191111110926,Projected
South Korea,KOR,Asia,Asia,26.562690598290594,25.758127154080523,27.367254042500665,2034,566.3867076923061,16.232714529914404,113.81703247863061,Projected
South Korea,KOR,Asia,Asia,26.58523076923077,25.77178131468574,27.3986802237758,2035,565.0313846153831,16.401230769230608,116.98215384615196,Projected
South Korea,KOR,Asia,Asia,26.607770940170937,25.785134188427403,27.43040769191447,2036,563.6760615384601,16.56974700854687,120.14727521367331,Projected
South Korea,KOR,Asia,Asia,26.630311111111112,25.798195754674392,27.462426467547832,2037,562.3207384615366,16.738263247863074,123.31239658119466,Projected
South Korea,KOR,Asia,Asia,26.65285128205128,25.81097585278898,27.49472671131358,2038,560.9654153846136,16.906779487179335,126.47751794871601,Projected
South Korea,KOR,Asia,Asia,26.675391452991448,25.823484156830382,27.527298749152514,2039,559.6100923076901,17.075295726495597,129.64263931623827,Projected
South Korea,KOR,Asia,Asia,26.697931623931623,25.83573015386303,27.560133094000218,2040,558.2547692307671,17.2438119658118,132.80776068375962,Projected
South Korea,KOR,Asia,Asia,26.72047179487179,25.847723125664245,27.593220464079337,2041,556.8994461538441,17.412328205128063,135.97288205128098,Projected
South Korea,KOR,Asia,Asia,26.743011965811966,25.859472133604182,27.62655179801975,2042,555.5441230769206,17.580844444444267,139.13800341880233,Projected
South Korea,KOR,Asia,Asia,26.765552136752135,25.870986006457073,27.660118267047196,2043,554.1887999999976,17.74936068376053,142.30312478632368,Projected
South Korea,KOR,Asia,Asia,26.788092307692303,25.882273330896435,27.69391128448817,2044,552.8334769230746,17.91787692307679,145.46824615384503,Projected
South Korea,KOR,Asia,Asia,26.810632478632478,25.89334244442571,27.727922512839246,2045,551.4781538461511,18.086393162392994,148.63336752136638,Projected
South Korea,KOR,Asia,Asia,26.833172649572646,25.90420143049979,27.762143868645502,2046,550.1228307692281,18.254909401709256,151.79848888888773,Projected
South Korea,KOR,Asia,Asia,26.85571282051282,25.914858115600595,27.796567525425047,2047,548.7675076923047,18.42342564102546,154.96361025640908,Projected
South Korea,KOR,Asia,Asia,26.87825299145299,25.92532006804004,27.831185914865937,2048,547.4121846153816,18.59194188034172,158.12873162393043,Projected
South Korea,KOR,Asia,Asia,26.900793162393157,25.93559459827677,27.865991726509545,2049,546.0568615384586,18.760458119657983,161.29385299145179,Projected
South Korea,KOR,Asia,Asia,26.923333333333332,25.94568876054656,27.900977906120104,2050,544.7015384615352,18.928974358974187,164.45897435897314,Projected
Kosovo,KOS,Europe,Europe,17.579446153846135,16.689396882868962,18.469495424823307,2026,1186.974707692305,27.676307692307546,85.7545538461527,Projected
Kosovo,KOS,Europe,Europe,17.615046153846137,16.7177012749983,18.512391032693973,2027,1190.3333470085445,27.965606837606742,88.90167179487071,Projected
Kosovo,KOS,Europe,Europe,17.65064615384614,16.74554980756448,18.5557425001278,2028,1193.691986324784,28.254905982905825,92.04878974358871,Projected
Kosovo,KOS,Europe,Europe,17.68624615384614,16.772954087669657,18.599538220022627,2029,1197.0506256410226,28.54420512820502,95.19590769230672,Projected
Kosovo,KOS,Europe,Europe,17.721846153846144,16.799925963233125,18.643766344459163,2030,1200.4092649572622,28.833504273504104,98.34302564102472,Projected
Kosovo,KOS,Europe,Europe,17.757446153846146,16.826477456622918,18.688414851069375,2031,1203.7679042735017,29.1228034188033,101.49014358974182,Projected
Kosovo,KOS,Europe,Europe,17.793046153846134,16.852620702154397,18.733471605537872,2032,1207.1265435897403,29.412102564102497,104.63726153845982,Projected
Kosovo,KOS,Europe,Europe,17.828646153846137,16.878367887862833,18.77892441982944,2033,1210.4851829059799,29.70140170940158,107.78437948717783,Projected
Kosovo,KOS,Europe,Europe,17.86424615384614,16.903731201832688,18.82476110585959,2034,1213.8438222222194,29.990700854700776,110.93149743589584,Projected
Kosovo,KOS,Europe,Europe,17.89984615384614,16.928722783252532,18.87096952443975,2035,1217.202461538459,30.27999999999986,114.07861538461384,Projected
Kosovo,KOS,Europe,Europe,17.935446153846144,16.95335467826186,18.917537629430427,2036,1220.5611008546975,30.569299145299055,117.22573333333185,Projected
Kosovo,KOS,Europe,Europe,17.971046153846146,16.977638800567508,18.964453507124784,2037,1223.919740170937,30.858598290598252,120.37285128204985,Projected
Kosovo,KOS,Europe,Europe,18.006646153846134,17.00158689673173,19.011705410960538,2038,1227.2783794871766,31.147897435897335,123.51996923076786,Projected
Kosovo,KOS,Europe,Europe,18.042246153846136,17.025210515972432,19.05928179171984,2039,1230.6370188034152,31.43719658119653,126.66708717948586,Projected
Kosovo,KOS,Europe,Europe,18.07784615384614,17.048520984266805,19.107171323425472,2040,1233.9956581196548,31.726495726495614,129.81420512820387,Projected
Kosovo,KOS,Europe,Europe,18.11344615384614,17.071529382513422,19.15536292517886,2041,1237.3542974358943,32.01579487179481,132.96132307692187,Projected
Kosovo,KOS,Europe,Europe,18.149046153846143,17.0942465284813,19.203845779210987,2042,1240.7129367521338,32.30509401709389,136.10844102563988,Projected
Kosovo,KOS,Europe,Europe,18.184646153846145,17.116682962258643,19.252609345433648,2043,1244.0715760683725,32.59439316239309,139.25555897435788,Projected
Kosovo,KOS,Europe,Europe,18.220246153846148,17.138848934905656,19.30164337278664,2044,1247.430215384612,32.883692307692286,142.4026769230759,Projected
Kosovo,KOS,Europe,Europe,18.255846153846136,17.16075440001487,19.3509379076774,2045,1250.7888547008515,33.17299145299137,145.5497948717939,Projected
Kosovo,KOS,Europe,Europe,18.291446153846138,17.182409007887184,19.400483299805092,2046,1254.147494017091,33.462290598290565,148.6969128205119,Projected
Kosovo,KOS,Europe,Europe,18.32704615384614,17.203822102040427,19.450270205651854,2047,1257.5061333333297,33.75158974358965,151.8440307692299,Projected
Kosovo,KOS,Europe,Europe,18.362646153846143,17.22500271778041,19.500289589911876,2048,1260.8647726495692,34.040888888888844,154.9911487179479,Projected
Kosovo,KOS,Europe,Europe,18.398246153846145,17.245959582579005,19.550532725113285,2049,1264.2234119658087,34.33018803418804,158.1382666666659,Projected
Kosovo,KOS,Europe,Europe,18.433846153846147,17.26670111802059,19.600991189671706,2050,1267.5820512820474,34.61948717948712,161.28538461538392,Projected
Kuwait,KWT,Asia,Asia,27.43692307692306,26.544411316095022,28.329434837751094,2026,1509.3923384615355,148.2207999999996,83.80193846153634,Projected
Kuwait,KWT,Asia,Asia,27.47461538461537,26.574787831235977,28.37444293799476,2027,1513.466984615383,149.50416410256366,86.98131282051145,Projected
Kuwait,KWT,Asia,Asia,27.51230769230768,26.604707225591966,28.419908159023393,2028,1517.5416307692285,150.78752820512773,90.16068717948565,Projected
Kuwait,KWT,Asia,Asia,27.54999999999999,26.63418113837839,28.46581886162159,2029,1521.616276923074,152.0708923076918,93.34006153845985,Projected
Kuwait,KWT,Asia,Asia,27.587692307692286,26.66322145029405,28.512163165090524,2030,1525.6909230769215,153.35425641025586,96.51943589743405,Projected
Kuwait,KWT,Asia,Asia,27.625384615384597,26.69184021696916,28.558929013800032,2031,1529.7655692307671,154.63762051281992,99.69881025640825,Projected
Kuwait,KWT,Asia,Asia,27.663076923076908,26.72004960629096,28.606104239862855,2032,1533.8402153846127,155.920984615384,102.87818461538336,Projected
Kuwait,KWT,Asia,Asia,27.700769230769218,26.747861840015204,28.653676621523232,2033,1537.9148615384584,157.20434871794805,106.05755897435756,Projected
Kuwait,KWT,Asia,Asia,27.73846153846153,26.775289139947013,28.701633936976044,2034,1541.9895076923058,158.48771282051257,109.23693333333176,Projected
Kuwait,KWT,Asia,Asia,27.776153846153825,26.802343678860304,28.749964013447347,2035,1546.0641538461514,159.77107692307663,112.41630769230596,Projected
Kuwait,KWT,Asia,Asia,27.813846153846136,26.82903753622253,28.798654771469742,2036,1550.138799999997,161.0544410256407,115.59568205128107,Projected
Kuwait,KWT,Asia,Asia,27.851538461538446,26.855382658702027,28.847694264374866,2037,1554.2134461538444,162.33780512820476,118.77505641025527,Projected
Kuwait,KWT,Asia,Asia,27.889230769230757,26.881390825360167,28.897070713101346,2038,1558.28809230769,163.62116923076883,121.95443076922948,Projected
Kuwait,KWT,Asia,Asia,27.926923076923067,26.90707361736792,28.946772536478214,2039,1562.3627384615356,164.9045333333329,125.13380512820368,Projected
Kuwait,KWT,Asia,Asia,27.964615384615378,26.932442392037952,28.996788377192804,2040,1566.437384615383,166.18789743589696,128.31317948717788,Projected
Kuwait,KWT,Asia,Asia,28.002307692307674,26.95750826092622,29.047107123689127,2041,1570.5120307692287,167.47126153846102,131.492553846153,Projected
Kuwait,KWT,Asia,Asia,28.039999999999985,26.98228207173119,29.09771792826878,2042,1574.5866769230743,168.7546256410251,134.6719282051272,Projected
Kuwait,KWT,Asia,Asia,28.077692307692296,27.00677439370219,29.1486102216824,2043,1578.6613230769199,170.03798974358915,137.8513025641014,Projected
Kuwait,KWT,Asia,Asia,28.115384615384606,27.030995506260926,29.199773724508287,2044,1582.7359692307673,171.32135384615367,141.0306769230756,Projected
Kuwait,KWT,Asia,Asia,28.153076923076917,27.054955390538446,29.251198455615388,2045,1586.810615384613,172.60471794871773,144.2100512820498,Projected
Kuwait,KWT,Asia,Asia,28.190769230769213,27.078663723534987,29.30287473800344,2046,1590.8852615384585,173.8880820512818,147.3894256410249,Projected
Kuwait,KWT,Asia,Asia,28.228461538461524,27.10212987461903,29.354793202304016,2047,1594.959907692306,175.17144615384586,150.5687999999991,Projected
Kuwait,KWT,Asia,Asia,28.266153846153834,27.125362904094263,29.406944788213405,2048,1599.0345538461515,176.45481025640993,153.7481743589733,Projected
Kuwait,KWT,Asia,Asia,28.303846153846145,27.14837156357876,29.45932074411353,2049,1603.1091999999971,177.738174358974,156.9275487179475,Projected
Kuwait,KWT,Asia,Asia,28.341538461538455,27.171164297956803,29.511912625120107,2050,1607.1838461538446,179.02153846153806,160.1069230769217,Projected
Laos,LAO,Asia,Asia,14.860892307692282,14.146451937045642,15.575332678338922,2026,230.80267692307552,13.092646153846161,88.16572307692059,Projected
Laos,LAO,Asia,Asia,14.904605128205105,14.184308590983008,15.624901665427203,2027,233.67723418803234,13.140078632478634,91.36315555555302,Projected
Laos,LAO,Asia,Asia,14.948317948717929,14.221799327565133,15.674836569870724,2028,236.55179145299007,13.187511111111121,94.56058803418546,Projected
Laos,LAO,Asia,Asia,14.992030769230752,14.258933463784505,15.725128074676999,2029,239.4263487179469,13.234943589743594,97.7580205128188,Projected
Laos,LAO,Asia,Asia,15.035743589743575,14.295720509936931,15.775766669550219,2030,242.30090598290462,13.282376068376081,100.95545299145124,Projected
Laos,LAO,Asia,Asia,15.079456410256398,14.3321701163478,15.826742704164996,2031,245.17546324786144,13.329808547008568,104.15288547008367,Projected
Laos,LAO,Asia,Asia,15.123169230769207,14.368292023202335,15.87804643833608,2032,248.05002051281917,13.377241025641041,107.35031794871611,Projected
Laos,LAO,Asia,Asia,15.16688205128203,14.404096013806617,15.929668088757444,2033,250.924577777776,13.424673504273528,110.54775042734855,Projected
Laos,LAO,Asia,Asia,15.210594871794854,14.439591871506202,15.981597872083505,2034,253.79913504273372,13.472105982906001,113.74518290598098,Projected
Laos,LAO,Asia,Asia,15.254307692307677,14.474789340398026,16.033826044217328,2035,256.67369230769054,13.519538461538488,116.94261538461342,Projected
Laos,LAO,Asia,Asia,15.2980205128205,14.509698089888776,16.086342935752224,2036,259.5482495726483,13.566970940170975,120.14004786324585,Projected
Laos,LAO,Asia,Asia,15.341733333333323,14.544327683081756,16.139138983584893,2037,262.4228068376051,13.614403418803448,123.33748034187829,Projected
Laos,LAO,Asia,Asia,15.385446153846146,14.578687548913738,16.192204758778555,2038,265.2973641025628,13.661835897435935,126.53491282051073,Projected
Laos,LAO,Asia,Asia,15.429158974358955,14.612786957913627,16.245530990804284,2039,268.17192136751964,13.709268376068408,129.73234529914316,Projected
Laos,LAO,Asia,Asia,15.472871794871779,14.646635001415618,16.29910858832794,2040,271.0464786324774,13.756700854700895,132.9297777777756,Projected
Laos,LAO,Asia,Asia,15.516584615384602,14.680240574029852,16.35292865673935,2041,273.9210358974342,13.804133333333382,136.12721025640803,Projected
Laos,LAO,Asia,Asia,15.560297435897425,14.713612359153037,16.406982512641815,2042,276.7955931623919,13.851565811965855,139.32464273504138,Projected
Laos,LAO,Asia,Asia,15.604010256410248,14.746758817288166,16.46126169553233,2043,279.67015042734874,13.898998290598342,142.52207521367382,Projected
Laos,LAO,Asia,Asia,15.647723076923072,14.779688176936165,16.515757976909978,2044,282.5447076923065,13.94643076923083,145.71950769230625,Projected
Laos,LAO,Asia,Asia,15.69143589743588,14.812408427821389,16.570463367050372,2045,285.4192649572633,13.993863247863302,148.9169401709387,Projected
Laos,LAO,Asia,Asia,15.735148717948704,14.844927316216747,16.62537011968066,2046,288.293822222221,14.04129572649579,152.11437264957112,Projected
Laos,LAO,Asia,Asia,15.778861538461527,14.87725234214112,16.680470734781935,2047,291.16837948717784,14.088728205128263,155.31180512820356,Projected
Laos,LAO,Asia,Asia,15.82257435897435,14.90939075821236,16.73575795973634,2048,294.0429367521356,14.13616068376075,158.509237606836,Projected
Laos,LAO,Asia,Asia,15.866287179487173,14.941349569950775,16.791224789023573,2049,296.9174940170933,14.183593162393237,161.70667008546843,Projected
Laos,LAO,Asia,Asia,15.909999999999997,14.973135537341522,16.84686446265847,2050,299.7920512820501,14.23102564102571,164.90410256410087,Projected
Lebanon,LBN,Asia,Asia,23.09264615384614,22.133035434962498,24.05225687272978,2026,1122.625969230769,152.47255384615346,87.34772307692128,Projected
Lebanon,LBN,Asia,Asia,23.129651282051277,22.16217476995624,24.097127794146314,2027,1124.3093743589743,153.78203076923046,90.49775384615259,Projected
Lebanon,LBN,Asia,Asia,23.1666564102564,22.190822617863375,24.142490202649427,2028,1125.9927794871796,155.09150769230746,93.64778461538299,Projected
Lebanon,LBN,Asia,Asia,23.203661538461525,22.21899149293455,24.1883315839885,2029,1127.6761846153845,156.40098461538446,96.7978153846143,Projected
Lebanon,LBN,Asia,Asia,23.240666666666662,22.2466941690585,24.234639164274824,2030,1129.3595897435898,157.710461538461,99.9478461538447,Projected
Lebanon,LBN,Asia,Asia,23.277671794871786,22.273943608206643,24.28139998153693,2031,1131.0429948717951,159.019938461538,103.09787692307509,Projected
Lebanon,LBN,Asia,Asia,23.31467692307691,22.300752893046973,24.328600953106847,2032,1132.7264,160.329415384615,106.2479076923064,Projected
Lebanon,LBN,Asia,Asia,23.351682051282047,22.32713516416581,24.376228938398285,2033,1134.4098051282053,161.638892307692,109.3979384615368,Projected
Lebanon,LBN,Asia,Asia,23.38868717948717,22.353103562202513,24.42427079677183,2034,1136.0932102564107,162.948369230769,112.5479692307681,Projected
Lebanon,LBN,Asia,Asia,23.425692307692294,22.37867117507913,24.47271344030546,2035,1137.776615384616,164.257846153846,115.6979999999985,Projected
Lebanon,LBN,Asia,Asia,23.462697435897432,22.40385099039644,24.521543881398426,2036,1139.4600205128208,165.567323076923,118.84803076922981,Projected
Lebanon,LBN,Asia,Asia,23.499702564102556,22.42865585297227,24.570749275232842,2037,1141.1434256410262,166.8768,121.9980615384602,Projected
Lebanon,LBN,Asia,Asia,23.53670769230768,22.453098427416826,24.620316957198533,2038,1142.8268307692315,168.18627692307655,125.14809230769151,Projected
Lebanon,LBN,Asia,Asia,23.573712820512817,22.47719116557255,24.670234475453086,2039,1144.5102358974368,169.49575384615355,128.2981230769219,Projected
Lebanon,LBN,Asia,Asia,23.61071794871794,22.50094627859387,24.720489618842013,2040,1146.1936410256417,170.80523076923055,131.4481538461523,Projected
Lebanon,LBN,Asia,Asia,23.64772307692308,22.52437571340262,24.771070440443538,2041,1147.877046153847,172.11470769230755,134.59818461538362,Projected
Lebanon,LBN,Asia,Asia,23.684728205128202,22.54749113322624,24.821965277030163,2042,1149.5604512820523,173.42418461538455,137.748215384614,Projected
Lebanon,LBN,Asia,Asia,23.721733333333326,22.570303901909373,24.87316276475728,2043,1151.2438564102572,174.73366153846155,140.89824615384532,Projected
Lebanon,LBN,Asia,Asia,23.758738461538464,22.59282507167977,24.924651851397158,2044,1152.9272615384625,176.04313846153855,144.04827692307572,Projected
Lebanon,LBN,Asia,Asia,23.795743589743587,22.61506537404903,24.976421805438143,2045,1154.6106666666678,177.3526153846151,147.19830769230703,Projected
Lebanon,LBN,Asia,Asia,23.83274871794871,22.637035213533483,25.028462222363938,2046,1156.2940717948732,178.6620923076921,150.34833846153742,Projected
Lebanon,LBN,Asia,Asia,23.86975384615385,22.658744663889912,25.080763028417785,2047,1157.977476923078,179.9715692307691,153.49836923076873,Projected
Lebanon,LBN,Asia,Asia,23.906758974358972,22.68020346657485,25.133314482143096,2048,1159.6608820512834,181.2810461538461,156.64839999999913,Projected
Lebanon,LBN,Asia,Asia,23.943764102564096,22.70142103115228,25.186107173975913,2049,1161.3442871794887,182.5905230769231,159.79843076922953,Projected
Lebanon,LBN,Asia,Asia,23.980769230769234,22.722406437392188,25.23913202414628,2050,1163.0276923076935,183.9000000000001,162.94846153846083,Projected
Liberia,LBR,Africa,Africa,23.82978461538461,23.12322402277509,24.53634520799413,2026,1414.7320615384597,5.664215384615346,86.99627692307695,Projected
Liberia,LBR,Africa,Africa,23.850851282051273,23.138499112291328,24.56320345181122,2027,1419.9269435897422,5.646806837606796,90.33537435897415,Projected
Liberia,LBR,Africa,Africa,23.871917948717943,23.153412320265062,24.590423577170824,2028,1425.121825641023,5.629398290598246,93.67447179487135,Projected
Liberia,LBR,Africa,Africa,23.892984615384606,23.167972860928845,24.617996369840366,2029,1430.3167076923055,5.611989743589696,97.01356923076855,Projected
Liberia,LBR,Africa,Africa,23.914051282051275,23.182190139686583,24.645912424415968,2030,1435.511589743588,5.594581196581146,100.35266666666666,Projected
Liberia,LBR,Africa,Africa,23.935117948717945,23.196073700427306,24.674162197008584,2031,1440.7064717948706,5.577172649572596,103.69176410256387,Projected
Liberia,LBR,Africa,Africa,23.956184615384608,23.20963317590881,24.702736054860406,2032,1445.9013538461531,5.5597641025640385,107.03086153846107,Projected
Liberia,LBR,Africa,Africa,23.977251282051277,23.22287824153414,24.731624322568415,2033,1451.0962358974339,5.542355555555488,110.36995897435918,Projected
Liberia,LBR,Africa,Africa,23.99831794871794,23.235818572745377,24.760817324690503,2034,1456.2911179487164,5.524947008546938,113.70905641025638,Projected
Liberia,LBR,Africa,Africa,24.01938461538461,23.248463806168896,24.790305424600323,2035,1461.485999999999,5.507538461538388,117.04815384615358,Projected
Liberia,LBR,Africa,Africa,24.04045128205128,23.26082350456458,24.820079059537978,2036,1466.6808820512815,5.490129914529838,120.38725128205078,Projected
Liberia,LBR,Africa,Africa,24.061517948717942,23.272907125561375,24.85012877187451,2037,1471.8757641025622,5.472721367521288,123.7263487179489,Projected
Liberia,LBR,Africa,Africa,24.08258461538461,23.284723994101487,24.880445236667736,2038,1477.0706461538448,5.455312820512738,127.0654461538461,Projected
Liberia,LBR,Africa,Africa,24.10365128205128,23.29628327846637,24.911019285636193,2039,1482.2655282051273,5.437904273504188,130.4045435897433,Projected
Liberia,LBR,Africa,Africa,24.124717948717944,23.30759396971912,24.941841927716766,2040,1487.46041025641,5.420495726495638,133.7436410256414,Projected
Liberia,LBR,Africa,Africa,24.145784615384613,23.318664864368575,24.972904366400652,2041,1492.6552923076924,5.403087179487088,137.0827384615386,Projected
Liberia,LBR,Africa,Africa,24.166851282051276,23.32950455003963,25.004198014062922,2042,1497.8501743589732,5.3856786324785375,140.4218358974358,Projected
Liberia,LBR,Africa,Africa,24.187917948717946,23.340121393921855,25.035714503514036,2043,1503.0450564102557,5.36827008546998,143.76093333333392,Projected
Liberia,LBR,Africa,Africa,24.208984615384615,23.350523533761553,25.067445697007678,2044,1508.2399384615383,5.35086153846143,147.10003076923113,Projected
Liberia,LBR,Africa,Africa,24.230051282051278,23.36071887116201,25.099383692940545,2045,1513.4348205128208,5.33345299145288,150.43912820512833,Projected
Liberia,LBR,Africa,Africa,24.251117948717948,23.370715066960148,25.131520830475747,2046,1518.6297025641015,5.31604444444433,153.77822564102553,Projected
Liberia,LBR,Africa,Africa,24.27218461538461,23.380519538454877,25.163849692314344,2047,1523.824584615384,5.29863589743578,157.11732307692364,Projected
Liberia,LBR,Africa,Africa,24.29325128205128,23.39013945827276,25.1963631058298,2048,1529.0194666666666,5.28122735042723,160.45642051282084,Projected
Liberia,LBR,Africa,Africa,24.31431794871795,23.399581754668098,25.2290541427678,2049,1534.2143487179492,5.26381880341868,163.79551794871804,Projected
Liberia,LBR,Africa,Africa,24.335384615384612,23.408853113068133,25.26191611770109,2050,1539.4092307692317,5.24641025641013,167.13461538461615,Projected
Libya,LBY,Africa,Africa,23.813538461538457,23.042606307270436,24.584470615806477,2026,1099.4115076923072,83.74166153846113,90.81289230768925,Projected
Libya,LBY,Africa,Africa,23.85844444444443,23.0811930684481,24.63569582044076,2027,1102.629083760683,84.45221196581156,94.11022905982645,Projected
Libya,LBY,Africa,Africa,23.903350427350418,23.11938497868153,24.687315876019305,2028,1105.8466598290597,85.16276239316198,97.40756581196274,Projected
Libya,LBY,Africa,Africa,23.948256410256406,23.157192091670623,24.739320728842188,2029,1109.0642358974355,85.87331282051241,100.70490256409994,Projected
Libya,LBY,Africa,Africa,23.99316239316238,23.19462466970335,24.791700116621406,2030,1112.2818119658114,86.58386324786284,104.00223931623623,Projected
Libya,LBY,Africa,Africa,24.038068376068367,23.231693126169642,24.84444362596709,2031,1115.499388034188,87.29441367521349,107.29957606837343,Projected
Libya,LBY,Africa,Africa,24.082974358974354,23.268407971424576,24.897540746524133,2032,1118.716964102564,88.00496410256392,110.59691282050971,Projected
Libya,LBY,Africa,Africa,24.127880341880328,23.30477976235367,24.950980921406984,2033,1121.9345401709406,88.71551452991434,113.89424957264691,Projected
Libya,LBY,Africa,Africa,24.172786324786316,23.340819055885124,25.004753593687507,2034,1125.1521162393165,89.42606495726477,117.1915863247832,Projected
Libya,LBY,Africa,Africa,24.217692307692303,23.376536366595023,25.058848248789584,2035,1128.3696923076932,90.1366153846152,120.4889230769204,Projected
Libya,LBY,Africa,Africa,24.26259829059829,23.41194212846334,25.11325445273324,2036,1131.587268376069,90.84716581196562,123.7862598290576,Projected
Libya,LBY,Africa,Africa,24.307504273504264,23.44704666076112,25.167961886247408,2037,1134.8048444444448,91.55771623931605,127.08359658119389,Projected
Libya,LBY,Africa,Africa,24.352410256410252,23.48186013798417,25.222960374836333,2038,1138.0224205128216,92.26826666666648,130.3809333333311,Projected
Libya,LBY,Africa,Africa,24.39731623931624,23.516392563694875,25.278239914937604,2039,1141.2399965811974,92.9788170940169,133.67827008546737,Projected
Libya,LBY,Africa,Africa,24.442222222222213,23.5506537480917,25.333790696352725,2040,1144.457572649574,93.68936752136733,136.97560683760457,Projected
Libya,LBY,Africa,Africa,24.4871282051282,23.5846532890939,25.3896031211625,2041,1147.67514871795,94.39991794871776,140.27294358974086,Projected
Libya,LBY,Africa,Africa,24.53203418803419,23.618400556706295,25.445667819362082,2042,1150.8927247863257,95.11046837606818,143.57028034187806,Projected
Libya,LBY,Africa,Africa,24.576940170940162,23.65190468041548,25.501975661464844,2043,1154.1103008547025,95.82101880341861,146.86761709401435,Projected
Libya,LBY,Africa,Africa,24.62184615384615,23.685174539361313,25.558517768330987,2044,1157.3278769230783,96.53156923076904,150.16495384615155,Projected
Libya,LBY,Africa,Africa,24.666752136752137,23.718218755026648,25.615285518477627,2045,1160.545452991455,97.24211965811946,153.46229059828784,Projected
Libya,LBY,Africa,Africa,24.711658119658125,23.751045686192832,25.67227055312342,2046,1163.7630290598308,97.95267008546989,156.75962735042503,Projected
Libya,LBY,Africa,Africa,24.7565641025641,23.783663425915556,25.72946477921264,2047,1166.9806051282076,98.66322051282032,160.05696410256132,Projected
Libya,LBY,Africa,Africa,24.801470085470086,23.816079800287184,25.786860370652988,2048,1170.1981811965834,99.37377094017074,163.35430085469852,Projected
Libya,LBY,Africa,Africa,24.846376068376074,23.84830236876414,25.844449767988007,2049,1173.4157572649592,100.08432136752117,166.65163760683572,Projected
Libya,LBY,Africa,Africa,24.891282051282047,23.88033842585291,25.902225676711186,2050,1176.633333333336,100.7948717948716,169.948974358972,Projected
Saint Lucia,LCA,North America,Americas,14.600369230769203,13.946095972905026,15.254642488633381,2026,1467.9872307692315,34.51363076923042,88.19323076922956,Projected
Saint Lucia,LCA,North America,Americas,14.635097435897407,13.97546119276344,15.294733679031374,2027,1468.2398461538469,34.923415384615055,91.39329914529753,Projected
Saint Lucia,LCA,North America,Americas,14.669825641025625,14.004491311261479,15.335159970789771,2028,1468.4924615384623,35.33319999999969,94.59336752136551,Projected
Saint Lucia,LCA,North America,Americas,14.704553846153829,14.033194860754334,15.375912831553324,2029,1468.7450769230777,35.74298461538433,97.79343589743439,Projected
Saint Lucia,LCA,North America,Americas,14.739282051282032,14.061580550621388,15.416983551942677,2030,1468.9976923076933,36.152769230768854,100.99350427350237,Projected
Saint Lucia,LCA,North America,Americas,14.774010256410236,14.089657218478887,15.458363294341584,2031,1469.2503076923085,36.56255384615349,104.19357264957125,Projected
Saint Lucia,LCA,North America,Americas,14.80873846153844,14.117433784235327,15.500043138841551,2032,1469.5029230769242,36.97233846153813,107.39364102563923,Projected
Saint Lucia,LCA,North America,Americas,14.843466666666643,14.144919207288561,15.542014126044725,2033,1469.7555384615393,37.38212307692277,110.59370940170811,Projected
Saint Lucia,LCA,North America,Americas,14.878194871794847,14.17212244707263,15.584267296517064,2034,1470.008153846155,37.791907692307404,113.79377777777609,Projected
Saint Lucia,LCA,North America,Americas,14.91292307692305,14.199052427078298,15.626793726767803,2035,1470.2607692307704,38.20169230769193,116.99384615384497,Projected
Saint Lucia,LCA,North America,Americas,14.947651282051268,14.225718002396185,15.669584561706351,2036,1470.5133846153858,38.611476923076566,120.19391452991294,Projected
Saint Lucia,LCA,North America,Americas,14.982379487179472,14.252127930765901,15.712631043593042,2037,1470.7660000000012,39.021261538461204,123.39398290598183,Projected
Saint Lucia,LCA,North America,Americas,15.017107692307675,14.278290847059502,15.755924537555849,2038,1471.0186153846166,39.43104615384584,126.5940512820498,Projected
Saint Lucia,LCA,North America,Americas,15.051835897435879,14.304215241081602,15.799456553790156,2039,1471.271230769232,39.84083076923048,129.7941196581187,Projected
Saint Lucia,LCA,North America,Americas,15.086564102564083,14.329909438533084,15.843218766595081,2040,1471.5238461538474,40.25061538461512,132.99418803418666,Projected
Saint Lucia,LCA,North America,Americas,15.121292307692286,14.355381584958076,15.887203030426496,2041,1471.776461538463,40.66039999999964,136.19425641025555,Projected
Saint Lucia,LCA,North America,Americas,15.15602051282049,14.380639632474743,15.931401393166237,2042,1472.0290769230783,41.07018461538428,139.39432478632352,Projected
Saint Lucia,LCA,North America,Americas,15.190748717948694,14.405691329078703,15.975806106818684,2043,1472.281692307694,41.479969230768916,142.5943931623924,Projected
Saint Lucia,LCA,North America,Americas,15.225476923076911,14.43054421030173,16.020409635852094,2044,1472.534307692309,41.88975384615355,145.79446153846038,Projected
Saint Lucia,LCA,North America,Americas,15.260205128205115,14.455205593007749,16.06520466340248,2045,1472.7869230769247,42.29953846153819,148.99452991452927,Projected
Saint Lucia,LCA,North America,Americas,15.294933333333319,14.479682571111681,16.110184095554956,2046,1473.0395384615401,42.709323076922715,152.19459829059724,Projected
Saint Lucia,LCA,North America,Americas,15.329661538461522,14.503982013012898,16.155341063910146,2047,1473.2921538461555,43.11910769230735,155.39466666666613,Projected
Saint Lucia,LCA,North America,Americas,15.364389743589726,14.528110560544798,16.200668926634656,2048,1473.544769230771,43.52889230769199,158.5947350427341,Projected
Saint Lucia,LCA,North America,Americas,15.39911794871793,14.552074629252719,16.24616126818314,2049,1473.7973846153864,43.93867692307663,161.79480341880208,Projected
Saint Lucia,LCA,North America,Americas,15.433846153846133,14.575880409824784,16.291811897867483,2050,1474.0500000000018,44.348461538461265,164.99487179487096,Projected
Liechtenstein,LIE,Europe,Europe,13.55883076923076,12.754060697262638,14.363600841198881,2026,1521.2832923076894,2.1053230769230424,86.59932307692179,Projected
Liechtenstein,LIE,Europe,Europe,13.59424273504272,12.782876076725307,14.405609393360132,2027,1526.8939350427318,2.1526119658119285,89.74385982905824,Projected
Liechtenstein,LIE,Europe,Europe,13.629654700854694,12.811279274362315,14.448030127347073,2028,1532.504577777774,2.1999008547008145,92.8883965811956,Projected
Liechtenstein,LIE,Europe,Europe,13.665066666666654,12.839280785152669,14.490852548180639,2029,1538.1152205128183,2.2471897435897006,96.03293333333204,Projected
Liechtenstein,LIE,Europe,Europe,13.700478632478614,12.866891321818898,14.53406594313833,2030,1543.7258632478606,2.294478632478601,99.17747008546849,Projected
Liechtenstein,LIE,Europe,Europe,13.735890598290588,12.894121754817629,14.577659441763547,2031,1549.336505982903,2.341767521367487,102.32200683760584,Projected
Liechtenstein,LIE,Europe,Europe,13.771302564102548,12.92098305582667,14.621622072378427,2032,1554.9471487179453,2.389056410256373,105.46654358974229,Projected
Liechtenstein,LIE,Europe,Europe,13.806714529914522,12.947486245096636,14.665942814732409,2033,1560.5577914529877,2.436345299145259,108.61108034187873,Projected
Liechtenstein,LIE,Europe,Europe,13.842126495726482,12.973642342922604,14.710610648530361,2034,1566.1684341880318,2.483634188034145,111.75561709401609,Projected
Liechtenstein,LIE,Europe,Europe,13.877538461538457,12.9994623253887,14.755614597688213,2035,1571.7790769230742,2.5309230769230453,114.90015384615253,Projected
Liechtenstein,LIE,Europe,Europe,13.912950427350417,13.024957084445346,14.800943770255488,2036,1577.3897196581165,2.5782119658119313,118.04469059828989,Projected
Liechtenstein,LIE,Europe,Europe,13.948362393162377,13.050137392299234,14.84658739402552,2037,1583.0003623931589,2.6255008547008174,121.18922735042634,Projected
Liechtenstein,LIE,Europe,Europe,13.983774358974351,13.075013870027295,14.892534847921407,2038,1588.611005128203,2.6727897435897034,124.33376410256278,Projected
Liechtenstein,LIE,Europe,Europe,14.019186324786311,13.099596960270382,14.93877568930224,2039,1594.2216478632454,2.7200786324785895,127.47830085470014,Projected
Liechtenstein,LIE,Europe,Europe,14.054598290598285,13.123896903818313,14.985299677378258,2040,1599.8322905982877,2.7673675213674898,130.62283760683658,Projected
Liechtenstein,LIE,Europe,Europe,14.090010256410245,13.14792371986419,15.0320967929563,2041,1605.44293333333,2.814656410256376,133.76737435897303,Projected
Liechtenstein,LIE,Europe,Europe,14.125422222222205,13.17168718968311,15.0791572547613,2042,1611.0535760683742,2.861945299145262,136.91191111111038,Projected
Liechtenstein,LIE,Europe,Europe,14.16083418803418,13.19519684347506,15.1264715325933,2043,1616.6642188034166,2.909234188034148,140.05644786324683,Projected
Liechtenstein,LIE,Europe,Europe,14.19624615384614,13.218461950104922,15.174030357587357,2044,1622.274861538459,2.956523076923034,143.2009846153842,Projected
Liechtenstein,LIE,Europe,Europe,14.231658119658114,13.241491509471556,15.221824729844672,2045,1627.8855042735013,3.00381196581192,146.34552136752063,Projected
Liechtenstein,LIE,Europe,Europe,14.267070085470074,13.26429424724168,15.269845923698469,2046,1633.4961470085454,3.0511008547008203,149.49005811965708,Projected
Liechtenstein,LIE,Europe,Europe,14.302482051282048,13.28687861169315,15.318085490870947,2047,1639.1067897435878,3.0983897435897063,152.63459487179443,Projected
Liechtenstein,LIE,Europe,Europe,14.337894017094008,13.309252772422777,15.36653526176524,2048,1644.7174324786301,3.1456786324785924,155.77913162393088,Projected
Liechtenstein,LIE,Europe,Europe,14.373305982905968,13.331424620688281,15.415187345123655,2049,1650.3280752136725,3.1929675213674784,158.92366837606733,Projected
Liechtenstein,LIE,Europe,Europe,14.408717948717943,13.353401771168194,15.464034126267691,2050,1655.9387179487148,3.2402564102563645,162.06820512820468,Projected
Sri Lanka,LKA,Asia,Asia,22.989569230769213,22.31991165833044,23.659226803207986,2026,1176.4210461538432,22.944430769230678,90.96073846153558,Projected
Sri Lanka,LKA,Asia,Asia,23.029394871794857,22.35424821103767,23.704541532552042,2027,1179.194827350425,23.17381880341867,94.20147692307455,Projected
Sri Lanka,LKA,Asia,Asia,23.0692205128205,22.388241782947777,23.750199242693224,2028,1181.9686085470057,23.403206837606717,97.44221538461261,Projected
Sri Lanka,LKA,Asia,Asia,23.109046153846144,22.421901107042302,23.796191200649986,2029,1184.7423897435874,23.632594871794765,100.68295384615158,Projected
Sri Lanka,LKA,Asia,Asia,23.148871794871788,22.455235097489403,23.842508492254172,2030,1187.5161709401682,23.861982905982813,103.92369230768963,Projected
Sri Lanka,LKA,Asia,Asia,23.18869743589743,22.48825279970944,23.889142072085424,2031,1190.289952136749,24.091370940170805,107.1644307692286,Projected
Sri Lanka,LKA,Asia,Asia,23.228523076923075,22.52096334334999,23.93608281049616,2032,1193.0637333333307,24.320758974358853,110.40516923076666,Projected
Sri Lanka,LKA,Asia,Asia,23.268348717948705,22.553375898476528,23.98332153742088,2033,1195.8375145299115,24.5501470085469,113.64590769230563,Projected
Sri Lanka,LKA,Asia,Asia,23.308174358974348,22.585499635191596,24.0308490827571,2034,1198.6112957264932,24.77953504273495,116.88664615384369,Projected
Sri Lanka,LKA,Asia,Asia,23.347999999999992,22.617343686809267,24.078656313190717,2035,1201.385076923074,25.00892307692294,120.12738461538265,Projected
Sri Lanka,LKA,Asia,Asia,23.387825641025636,22.648917116635136,24.126734165416135,2036,1204.1588581196547,25.23831111111099,123.36812307692071,Projected
Sri Lanka,LKA,Asia,Asia,23.42765128205128,22.680228888334764,24.175073675767795,2037,1206.9326393162364,25.467699145299036,126.60886153845968,Projected
Sri Lanka,LKA,Asia,Asia,23.467476923076923,22.71128783981705,24.223666006336796,2038,1209.7064205128172,25.697087179487085,129.84959999999774,Projected
Sri Lanka,LKA,Asia,Asia,23.507302564102552,22.742102660512394,24.27250246769271,2039,1212.480201709399,25.926475213675076,133.0903384615367,Projected
Sri Lanka,LKA,Asia,Asia,23.547128205128196,22.77268187188885,24.321574538367543,2040,1215.2539829059797,26.155863247863124,136.33107692307476,Projected
Sri Lanka,LKA,Asia,Asia,23.58695384615384,22.80303381102153,24.37087388128615,2041,1218.0277641025605,26.385251282051172,139.57181538461373,Projected
Sri Lanka,LKA,Asia,Asia,23.626779487179483,22.833166617011464,24.420392357347502,2042,1220.8015452991422,26.61463931623922,142.8125538461518,Projected
Sri Lanka,LKA,Asia,Asia,23.666605128205127,22.863088220037476,24.47012203637278,2043,1223.575326495723,26.84402735042721,146.05329230769075,Projected
Sri Lanka,LKA,Asia,Asia,23.70643076923077,22.892806332818754,24.520055205642787,2044,1226.3491076923037,27.07341538461526,149.2940307692288,Projected
Sri Lanka,LKA,Asia,Asia,23.7462564102564,22.922328444264984,24.570184376247816,2045,1229.1228888888854,27.302803418803308,152.53476923076778,Projected
Sri Lanka,LKA,Asia,Asia,23.786082051282044,22.951661815094532,24.620502287469556,2046,1231.8966700854662,27.532191452991356,155.77550769230584,Projected
Sri Lanka,LKA,Asia,Asia,23.825907692307688,22.98081347520749,24.671001909407885,2047,1234.670451282048,27.761579487179347,159.0162461538448,Projected
Sri Lanka,LKA,Asia,Asia,23.86573333333333,23.009790222610622,24.72167644405604,2048,1237.4442324786287,27.990967521367395,162.25698461538286,Projected
Sri Lanka,LKA,Asia,Asia,23.905558974358975,23.03859862370178,24.77251932501617,2049,1240.2180136752095,28.220355555555443,165.49772307692092,Projected
Sri Lanka,LKA,Asia,Asia,23.94538461538462,23.067245014734407,24.82352421603483,2050,1242.9917948717912,28.449743589743434,168.7384615384599,Projected
Lesotho,LSO,Africa,Africa,21.92116923076923,21.19356328542011,22.64877517611835,2026,1446.021846153848,48.043476923076696,84.52230769230573,Projected
Lesotho,LSO,Africa,Africa,21.93917606837607,21.205606040099497,22.672746096652645,2027,1444.9999316239337,48.626184615384545,87.74205128204994,Projected
Lesotho,LSO,Africa,Africa,21.957182905982904,21.21727613436645,22.697089677599358,2028,1443.978017094019,49.20889230769217,90.96179487179324,Projected
Lesotho,LSO,Africa,Africa,21.975189743589745,21.22858305690528,22.72179643027421,2029,1442.9561025641046,49.79159999999979,94.18153846153655,Projected
Lesotho,LSO,Africa,Africa,21.993196581196585,21.23953649326576,22.74685666912741,2030,1441.9341880341904,50.37430769230764,97.40128205128076,Projected
Lesotho,LSO,Africa,Africa,22.01120341880342,21.25014627160767,22.77226056599917,2031,1440.9122735042756,50.95701538461526,100.62102564102406,Projected
Lesotho,LSO,Africa,Africa,22.02921025641026,21.260422311606597,22.79799820121392,2032,1439.8903589743613,51.53972307692288,103.84076923076736,Projected
Lesotho,LSO,Africa,Africa,22.0472170940171,21.270374576853534,22.824059611180665,2033,1438.868444444447,52.12243076923073,107.06051282051158,Projected
Lesotho,LSO,Africa,Africa,22.065223931623933,21.280013030979724,22.850434832268142,2034,1437.8465299145323,52.705138461538354,110.28025641025488,Projected
Lesotho,LSO,Africa,Africa,22.083230769230774,21.289347597644525,22.877113940817022,2035,1436.824615384618,53.287846153845976,113.49999999999818,Projected
Lesotho,LSO,Africa,Africa,22.101237606837614,21.298388124440656,22.904087089234572,2036,1435.8027008547037,53.870553846153825,116.7197435897424,Projected
Lesotho,LSO,Africa,Africa,22.119244444444448,21.307144350698508,22.931344538190388,2037,1434.7807863247895,54.45326153846145,119.9394871794857,Projected
Lesotho,LSO,Africa,Africa,22.137251282051288,21.315625879109565,22.95887668499301,2038,1433.7588717948747,55.03596923076907,123.159230769229,Projected
Lesotho,LSO,Africa,Africa,22.15525811965813,21.32384215103832,22.986674088277937,2039,1432.7369572649604,55.61867692307692,126.37897435897321,Projected
Lesotho,LSO,Africa,Africa,22.173264957264962,21.331802425352365,23.01472748917756,2040,1431.7150427350462,56.20138461538454,129.5987179487165,Projected
Lesotho,LSO,Africa,Africa,22.191271794871803,21.339515760570094,23.04302782917351,2041,1430.6931282051314,56.78409230769239,132.81846153846072,Projected
Lesotho,LSO,Africa,Africa,22.209278632478643,21.346991000104225,23.07156626485306,2042,1429.6712136752171,57.36680000000001,136.03820512820403,Projected
Lesotho,LSO,Africa,Africa,22.227285470085484,21.35423676036634,23.100334179804626,2043,1428.6492991453028,57.949507692307634,139.25794871794733,Projected
Lesotho,LSO,Africa,Africa,22.245292307692317,21.361261421490642,23.129323193893992,2044,1427.627384615388,58.53221538461548,142.47769230769154,Projected
Lesotho,LSO,Africa,Africa,22.263299145299158,21.36807312043468,23.158525170163635,2045,1426.6054700854738,59.114923076923105,145.69743589743484,Projected
Lesotho,LSO,Africa,Africa,22.281305982905998,21.374679746218202,23.187932219593794,2046,1425.5835555555595,59.69763076923073,148.91717948717815,Projected
Lesotho,LSO,Africa,Africa,22.29931282051283,21.381088937069055,23.217536703956608,2047,1424.5616410256448,60.28033846153858,152.13692307692236,Projected
Lesotho,LSO,Africa,Africa,22.317319658119672,21.387308079255003,23.24733123698434,2048,1423.5397264957305,60.8630461538462,155.35666666666566,Projected
Lesotho,LSO,Africa,Africa,22.335326495726513,21.393344307392777,23.277308684060248,2049,1422.5178119658162,61.44575384615382,158.57641025640896,Projected
Lesotho,LSO,Africa,Africa,22.353333333333346,21.399204506039283,23.30746216062741,2050,1421.4958974359015,62.02846153846167,161.79615384615317,Projected
Lithuania,LTU,Europe,Europe,22.25190769230766,21.409407433798616,23.094407950816706,2026,604.1635384615347,104.83446153846103,87.23375384615156,Projected
Lithuania,LTU,Europe,Europe,22.288687179487148,21.43928106563117,23.138093293343125,2027,608.2969914529876,105.8431111111106,90.49588376068095,Projected
Lithuania,LTU,Europe,Europe,22.325466666666635,21.46872319124004,23.18221014209323,2028,612.4304444444406,106.85176068376018,93.75801367521126,Projected
Lithuania,LTU,Europe,Europe,22.362246153846122,21.497744797642348,23.226747510049897,2029,616.5638974358935,107.86041025640975,97.02014358974156,Projected
Lithuania,LTU,Europe,Europe,22.39902564102561,21.526357099807182,23.271694182244037,2030,620.6973504273465,108.86905982905932,100.28227350427096,Projected
Lithuania,LTU,Europe,Europe,22.435805128205097,21.554571477832823,23.31703877857737,2031,624.8308034187994,109.87770940170913,103.54440341880127,Projected
Lithuania,LTU,Europe,Europe,22.472584615384598,21.582399417784348,23.362769812984848,2032,628.9642564102542,110.8863589743587,106.80653333333066,Projected
Lithuania,LTU,Europe,Europe,22.509364102564085,21.6098524565768,23.40887574855137,2033,633.0977094017071,111.89500854700827,110.06866324786097,Projected
Lithuania,LTU,Europe,Europe,22.546143589743572,21.63694213117186,23.455345048315284,2034,637.23116239316,112.90365811965785,113.33079316239127,Projected
Lithuania,LTU,Europe,Europe,22.58292307692306,21.66367993224745,23.502166221598667,2035,641.364615384613,113.91230769230742,116.59292307692067,Projected
Lithuania,LTU,Europe,Europe,22.619702564102546,21.69007726240337,23.549327865801722,2036,645.4980683760659,114.920957264957,119.85505299145098,Projected
Lithuania,LTU,Europe,Europe,22.656482051282033,21.716145398881693,23.596818703682374,2037,649.6315213675189,115.92960683760657,123.11718290598037,Projected
Lithuania,LTU,Europe,Europe,22.69326153846152,21.74189546070928,23.64462761621376,2038,653.7649743589718,116.93825641025614,126.37931282051068,Projected
Lithuania,LTU,Europe,Europe,22.730041025641007,21.76733838011131,23.692743671170707,2039,657.8984273504248,117.94690598290572,129.64144273504098,Projected
Lithuania,LTU,Europe,Europe,22.766820512820495,21.792484877998437,23.741156147642553,2040,662.0318803418777,118.95555555555529,132.90357264957038,Projected
Lithuania,LTU,Europe,Europe,22.80359999999998,21.817345443295515,23.789854556704448,2041,666.1653333333306,119.96420512820487,136.16570256410068,Projected
Lithuania,LTU,Europe,Europe,22.84037948717947,21.84193031585498,23.838828658503957,2042,670.2987863247836,120.97285470085444,139.42783247863008,Projected
Lithuania,LTU,Europe,Europe,22.877158974358956,21.866249472682966,23.888068476034945,2043,674.4322393162365,121.98150427350402,142.68996239316039,Projected
Lithuania,LTU,Europe,Europe,22.913938461538443,21.890312617198312,23.937564305878574,2044,678.5656923076895,122.99015384615359,145.9520923076907,Projected
Lithuania,LTU,Europe,Europe,22.95071794871793,21.914129171243804,23.987306726192056,2045,682.6991452991424,123.99880341880316,149.2142222222201,Projected
Lithuania,LTU,Europe,Europe,22.987497435897417,21.93770826957326,24.037286602221574,2046,686.8325982905953,125.00745299145274,152.4763521367504,Projected
Lithuania,LTU,Europe,Europe,23.024276923076904,21.961058756546706,24.087495089607103,2047,690.9660512820483,126.01610256410231,155.7384820512798,Projected
Lithuania,LTU,Europe,Europe,23.06105641025639,21.984189184777726,24.137923635735056,2048,695.0995042735012,127.02475213675189,159.0006119658101,Projected
Lithuania,LTU,Europe,Europe,23.09783589743588,22.00710781549134,24.188563979380415,2049,699.2329572649542,128.03340170940146,162.2627418803404,Projected
Lithuania,LTU,Europe,Europe,23.134615384615365,22.029822620366478,24.239408148864253,2050,703.3664102564071,129.04205128205103,165.5248717948698,Projected
Luxembourg,LUX,Europe,Europe,12.129076923076909,11.429547119943008,12.82860672621081,2026,1415.675446153844,54.347323076922976,90.2387692307666,Projected
Luxembourg,LUX,Europe,Europe,12.164820512820498,11.459556762922164,12.870084262718832,2027,1420.8610632478612,54.89344957264939,93.46941880341637,Projected
Luxembourg,LUX,Europe,Europe,12.200564102564101,11.489208125342184,12.911920079786018,2028,1426.0466803418785,55.4395760683758,96.70006837606616,Projected
Luxembourg,LUX,Europe,Europe,12.23630769230769,11.518510329747325,12.954105054868055,2029,1431.232297435894,55.98570256410244,99.93071794871594,Projected
Luxembourg,LUX,Europe,Europe,12.27205128205128,11.547472687950917,12.996629876151642,2030,1436.4179145299113,56.53182905982885,103.16136752136572,Projected
Luxembourg,LUX,Europe,Europe,12.307794871794869,11.57610464887339,13.039485094716348,2031,1441.6035316239286,57.07795555555526,106.39201709401459,Projected
Luxembourg,LUX,Europe,Europe,12.343538461538458,11.604415749419632,13.082661173657284,2032,1446.7891487179459,57.6240820512819,109.62266666666437,Projected
Luxembourg,LUX,Europe,Europe,12.379282051282047,11.632415568715404,13.12614853384869,2033,1451.9747658119632,58.170208547008315,112.85331623931415,Projected
Luxembourg,LUX,Europe,Europe,12.415025641025636,11.660113685925154,13.169937596126118,2034,1457.1603829059804,58.716335042734954,116.08396581196394,Projected
Luxembourg,LUX,Europe,Europe,12.450769230769225,11.68751964178383,13.214018819754621,2035,1462.3459999999977,59.262461538461366,119.31461538461372,Projected
Luxembourg,LUX,Europe,Europe,12.486512820512814,11.714642903894935,13.258382737130693,2036,1467.531617094015,59.80858803418778,122.54526495726259,Projected
Luxembourg,LUX,Europe,Europe,12.522256410256404,11.741492835777168,13.30301998473564,2037,1472.7172341880323,60.35471452991442,125.77591452991237,Projected
Luxembourg,LUX,Europe,Europe,12.557999999999993,11.768078669582797,13.347921330417188,2038,1477.9028512820496,60.90084102564083,129.00656410256215,Projected
Luxembourg,LUX,Europe,Europe,12.593743589743582,11.794409482362239,13.393077697124925,2039,1483.0884683760669,61.44696752136747,132.23721367521193,Projected
Luxembourg,LUX,Europe,Europe,12.629487179487171,11.820494175711016,13.438480183263326,2040,1488.2740854700842,61.99309401709388,135.46786324786171,Projected
Luxembourg,LUX,Europe,Europe,12.66523076923076,11.846341458606314,13.484120079855206,2041,1493.4597025641015,62.53922051282029,138.6985128205106,Projected
Luxembourg,LUX,Europe,Europe,12.700974358974364,11.871959833219973,13.529988884728754,2042,1498.645319658117,63.08534700854693,141.92916239316037,Projected
Luxembourg,LUX,Europe,Europe,12.736717948717953,11.897357583481929,13.576078313953976,2043,1503.8309367521342,63.631473504273345,145.15981196581015,Projected
Luxembourg,LUX,Europe,Europe,12.772461538461542,11.922542766162035,13.622380310761049,2044,1509.0165538461515,64.17759999999976,148.39046153845993,Projected
Luxembourg,LUX,Europe,Europe,12.808205128205131,11.947523204236912,13.66888705217335,2045,1514.2021709401688,64.7237264957264,151.6211111111097,Projected
Luxembourg,LUX,Europe,Europe,12.84394871794872,11.972306482312591,13.715590953584849,2046,1519.387788034186,65.26985299145281,154.85176068375858,Projected
Luxembourg,LUX,Europe,Europe,12.87969230769231,11.996899943880504,13.762484671504115,2047,1524.5734051282034,65.81597948717945,158.08241025640837,Projected
Luxembourg,LUX,Europe,Europe,12.915435897435898,12.021310690194369,13.809561104677428,2048,1529.7590222222207,66.36210598290586,161.31305982905815,Projected
Luxembourg,LUX,Europe,Europe,12.951179487179488,12.045545580567351,13.856813393791624,2049,1534.944639316238,66.90823247863227,164.54370940170793,Projected
Luxembourg,LUX,Europe,Europe,12.986923076923077,12.06961123390186,13.904234919944294,2050,1540.1302564102552,67.45435897435891,167.7743589743577,Projected
Latvia,LVA,Europe,Europe,13.7787692307692,12.925924799070126,14.631613662468274,2026,1694.6595999999981,21.447046153846088,89.48839999999745,Projected
Latvia,LVA,Europe,Europe,13.820615384615351,12.96078030784612,14.680450461384583,2027,1698.3345846153834,21.635288888888795,92.65962051281804,Projected
Latvia,LVA,Europe,Europe,13.862461538461503,12.99519901238806,14.729724064534945,2028,1702.0095692307677,21.823531623931558,95.83084102563862,Projected
Latvia,LVA,Europe,Europe,13.904307692307654,13.029192034611066,14.779423350004242,2029,1705.684553846152,22.011774358974264,99.0020615384592,Projected
Latvia,LVA,Europe,Europe,13.94615384615382,13.062770727181043,14.829536965126596,2030,1709.3595384615373,22.200017094017028,102.17328205127978,Projected
Latvia,LVA,Europe,Europe,13.987999999999971,13.095946609920476,14.880053390079466,2031,1713.0345230769217,22.388259829059734,105.34450256410037,Projected
Latvia,LVA,Europe,Europe,14.029846153846123,13.12873130991974,14.930960997772505,2032,1716.709507692306,22.576502564102498,108.51572307692095,Projected
Latvia,LVA,Europe,Europe,14.071692307692274,13.161136505743531,14.982248109641016,2033,1720.3844923076904,22.76474529914526,111.68694358974153,Projected
Latvia,LVA,Europe,Europe,14.113538461538425,13.19317387600372,15.033903047073132,2034,1724.0594769230756,22.952988034187968,114.85816410256211,Projected
Latvia,LVA,Europe,Europe,14.155384615384591,13.224855052460162,15.08591417830902,2035,1727.73446153846,23.14123076923073,118.0293846153827,Projected
Latvia,LVA,Europe,Europe,14.197230769230742,13.25619157771315,15.138269960748335,2036,1731.4094461538443,23.329473504273437,121.20060512820328,Projected
Latvia,LVA,Europe,Europe,14.239076923076894,13.287194867466143,15.190958978687645,2037,1735.0844307692296,23.5177162393162,124.37182564102295,Projected
Latvia,LVA,Europe,Europe,14.280923076923045,13.317876177264823,15.243969976581267,2038,1738.759415384614,23.705958974358907,127.54304615384353,Projected
Latvia,LVA,Europe,Europe,14.322769230769197,13.34824657355964,15.297291887978753,2039,1742.4343999999983,23.89420170940167,130.71426666666412,Projected
Latvia,LVA,Europe,Europe,14.364615384615348,13.378316908892026,15.35091386033867,2040,1746.1093846153835,24.082444444444434,133.8854871794847,Projected
Latvia,LVA,Europe,Europe,14.406461538461514,13.408097800969305,15.404825275953723,2041,1749.7843692307679,24.27068717948714,137.05670769230528,Projected
Latvia,LVA,Europe,Europe,14.448307692307665,13.43759961536824,15.45901576924709,2042,1753.4593538461522,24.458929914529904,140.22792820512586,Projected
Latvia,LVA,Europe,Europe,14.490153846153817,13.466832451592133,15.5134752407155,2043,1757.1343384615366,24.64717264957261,143.39914871794645,Projected
Latvia,LVA,Europe,Europe,14.531999999999968,13.495806132197885,15.568193867802051,2044,1760.8093230769218,24.835415384615374,146.57036923076703,Projected
Latvia,LVA,Europe,Europe,14.57384615384612,13.524530194709154,15.623162112983085,2045,1764.4843076923062,25.02365811965808,149.7415897435876,Projected
Latvia,LVA,Europe,Europe,14.615692307692285,13.553013886035801,15.678370729348769,2046,1768.1592923076905,25.211900854700843,152.9128102564082,Projected
Latvia,LVA,Europe,Europe,14.657538461538437,13.581266159128402,15.73381076394847,2047,1771.8342769230758,25.40014358974355,156.08403076922878,Projected
Latvia,LVA,Europe,Europe,14.699384615384588,13.609295671609086,15.78947355916009,2048,1775.5092615384601,25.588386324786313,159.25525128204936,Projected
Latvia,LVA,Europe,Europe,14.74123076923074,13.637110786133755,15.845350752327723,2049,1779.1842461538445,25.776629059829077,162.42647179486994,Projected
Latvia,LVA,Europe,Europe,14.78307692307689,13.664719572257184,15.901434273896598,2050,1782.8592307692297,25.964871794871783,165.59769230769052,Projected
Macao S.A.R,MAC,Asia,Asia,13.691723076923061,12.712005189823616,14.671440964022507,2026,1677.3926153846182,57.70412307692277,85.07790769230633,Projected
Macao S.A.R,MAC,Asia,Asia,13.715241025641014,12.727492529718864,14.702989521563163,2027,1676.4023247863277,58.222605128204805,88.25667008546861,Projected
Macao S.A.R,MAC,Asia,Asia,13.738758974358959,12.742478084170761,14.735039864547156,2028,1675.4120341880373,58.74108717948684,91.4354324786309,Projected
Macao S.A.R,MAC,Asia,Asia,13.76227692307691,12.756974629646843,14.767579216506979,2029,1674.4217435897467,59.259569230768875,94.61419487179319,Projected
Macao S.A.R,MAC,Asia,Asia,13.785794871794856,12.770995207693037,14.800594535896675,2030,1673.4314529914564,59.77805128205091,97.79295726495548,Projected
Macao S.A.R,MAC,Asia,Asia,13.809312820512808,12.784553051878994,14.834072589146622,2031,1672.4411623931658,60.296533333332945,100.97171965811776,Projected
Macao S.A.R,MAC,Asia,Asia,13.832830769230753,12.797661518999885,14.868000019461622,2032,1671.4508717948752,60.81501538461498,104.15048205128096,Projected
Macao S.A.R,MAC,Asia,Asia,13.856348717948705,12.810334024982833,14.902363410914578,2033,1670.4605811965848,61.33349743589724,107.32924444444325,Projected
Macao S.A.R,MAC,Asia,Asia,13.87986666666665,12.822583985809114,14.937149347524187,2034,1669.4702905982942,61.85197948717928,110.50800683760554,Projected
Macao S.A.R,MAC,Asia,Asia,13.903384615384603,12.834424763638077,14.972344467131128,2035,1668.4800000000039,62.37046153846131,113.68676923076782,Projected
Macao S.A.R,MAC,Asia,Asia,13.926902564102548,12.845869618205686,15.00793550999941,2036,1667.4897094017133,62.88894358974335,116.86553162393011,Projected
Macao S.A.R,MAC,Asia,Asia,13.9504205128205,12.856931663473238,15.043909362167762,2037,1666.499418803423,63.407425641025384,120.0442940170924,Projected
Macao S.A.R,MAC,Asia,Asia,13.973938461538445,12.86762382941836,15.08025309365853,2038,1665.5091282051324,63.92590769230742,123.22305641025469,Projected
Macao S.A.R,MAC,Asia,Asia,13.997456410256397,12.877958828792714,15.11695399172008,2039,1664.518837606842,64.44438974358945,126.40181880341788,Projected
Macao S.A.R,MAC,Asia,Asia,14.020974358974343,12.887949128616725,15.15399958933196,2040,1663.5285470085514,64.96287179487149,129.58058119658017,Projected
Macao S.A.R,MAC,Asia,Asia,14.044492307692295,12.897606926141608,15.191377689242982,2041,1662.538256410261,65.48135384615352,132.75934358974246,Projected
Macao S.A.R,MAC,Asia,Asia,14.06801025641024,12.906944128979827,15.229076383840653,2042,1661.5479658119705,65.99983589743556,135.93810598290474,Projected
Macao S.A.R,MAC,Asia,Asia,14.091528205128192,12.915972339087919,15.267084071168465,2043,1660.5576752136801,66.51831794871782,139.11686837606703,Projected
Macao S.A.R,MAC,Asia,Asia,14.115046153846137,12.924702840276067,15.305389467416207,2044,1659.5673846153895,67.03679999999986,142.29563076922932,Projected
Macao S.A.R,MAC,Asia,Asia,14.13856410256409,12.933146588918254,15.343981616209925,2045,1658.5770940170992,67.55528205128189,145.47439316239252,Projected
Macao S.A.R,MAC,Asia,Asia,14.162082051282034,12.941314207541428,15.382849895022641,2046,1657.5868034188086,68.07376410256393,148.6531555555548,Projected
Macao S.A.R,MAC,Asia,Asia,14.185599999999987,12.949215980982467,15.421984019017506,2047,1656.5965128205182,68.59224615384596,151.8319179487171,Projected
Macao S.A.R,MAC,Asia,Asia,14.209117948717932,12.956861854815175,15.461374042620688,2048,1655.6062222222276,69.110728205128,155.01068034187938,Projected
Macao S.A.R,MAC,Asia,Asia,14.232635897435877,12.964261435766485,15.501010359105269,2049,1654.615931623937,69.62921025641003,158.18944273504167,Projected
Macao S.A.R,MAC,Asia,Asia,14.256153846153829,12.971423993859004,15.540883698448654,2050,1653.6256410256467,70.14769230769207,161.36820512820395,Projected
Saint Martin,MAF,North America,Americas,19.815784615384594,18.97159122276993,20.659978007999257,2026,851.037692307691,7.366553846153806,85.16329230769043,Projected
Saint Martin,MAF,North America,Americas,19.853278632478613,19.002165506136446,20.70439175882078,2027,853.609914529914,7.475671794871772,88.37709743589585,Projected
Saint Martin,MAF,North America,Americas,19.890772649572618,19.032307416101016,20.74923788304422,2028,856.1821367521361,7.58478974358971,91.59090256410127,Projected
Saint Martin,MAF,North America,Americas,19.928266666666637,19.062027961760876,20.7945053715724,2029,858.7543589743582,7.693907692307647,94.80470769230578,Projected
Saint Martin,MAF,North America,Americas,19.965760683760656,19.091338380623327,20.840182986897986,2030,861.3265811965803,7.803025641025613,98.0185128205112,Projected
Saint Martin,MAF,North America,Americas,20.003254700854676,19.120250075656703,20.88625932605265,2031,863.8988034188023,7.91214358974355,101.23231794871663,Projected
Saint Martin,MAF,North America,Americas,20.040748717948695,19.148774556009084,20.932722879888306,2032,866.4710256410253,8.021261538461516,104.44612307692205,Projected
Saint Martin,MAF,North America,Americas,20.078242735042714,19.176923381780753,20.979562088304675,2033,869.0432478632474,8.130379487179454,107.65992820512656,Projected
Saint Martin,MAF,North America,Americas,20.115736752136733,19.20470811311868,21.026765391154786,2034,871.6154700854695,8.23949743589742,110.87373333333198,Projected
Saint Martin,MAF,North America,Americas,20.153230769230753,19.23214026379307,21.074321274668435,2035,874.1876923076916,8.348615384615357,114.0875384615374,Projected
Saint Martin,MAF,North America,Americas,20.190724786324758,19.259231259318994,21.12221831333052,2036,876.7599145299137,8.457733333333323,117.30134358974192,Projected
Saint Martin,MAF,North America,Americas,20.228218803418777,19.28599239960191,21.170445207235645,2037,879.3321367521366,8.56685128205126,120.51514871794734,Projected
Saint Martin,MAF,North America,Americas,20.265712820512796,19.312434826014062,21.21899081501153,2038,881.9043589743587,8.675969230769198,123.72895384615276,Projected
Saint Martin,MAF,North America,Americas,20.303206837606815,19.33856949275061,21.26784418246302,2039,884.4765811965808,8.785087179487164,126.94275897435818,Projected
Saint Martin,MAF,North America,Americas,20.340700854700835,19.364407142267552,21.316994567134117,2040,887.0488034188029,8.894205128205101,130.1565641025627,Projected
Saint Martin,MAF,North America,Americas,20.378194871794854,19.389958284568838,21.36643145902087,2041,889.6210256410259,9.003323076923067,133.37036923076812,Projected
Saint Martin,MAF,North America,Americas,20.415688888888873,19.41523318008547,21.416144597692277,2042,892.193247863248,9.112441025641004,136.58417435897354,Projected
Saint Martin,MAF,North America,Americas,20.453182905982892,19.440241825873905,21.46612398609188,2043,894.76547008547,9.22155897435897,139.79797948717805,Projected
Saint Martin,MAF,North America,Americas,20.490676923076897,19.464993944853497,21.516359901300298,2044,897.3376923076921,9.330676923076908,143.01178461538348,Projected
Saint Martin,MAF,North America,Americas,20.528170940170916,19.48949897780169,21.56684290254014,2045,899.9099145299142,9.439794871794874,146.2255897435889,Projected
Saint Martin,MAF,North America,Americas,20.565664957264936,19.51376607783,21.617563836699873,2046,902.4821367521372,9.548912820512811,149.43939487179432,Projected
Saint Martin,MAF,North America,Americas,20.603158974358955,19.537804107072546,21.668513841645364,2047,905.0543589743593,9.658030769230777,152.65319999999883,Projected
Saint Martin,MAF,North America,Americas,20.640652991452974,19.56162163533071,21.71968434757524,2048,907.6265811965814,9.767148717948714,155.86700512820426,Projected
Saint Martin,MAF,North America,Americas,20.678147008546993,19.585226940431717,21.77106707666227,2049,910.1988034188034,9.876266666666652,159.08081025640968,Projected
Saint Martin,MAF,North America,Americas,20.715641025641013,19.60862801007481,21.822654041207215,2050,912.7710256410255,9.985384615384618,162.2946153846142,Projected
Morocco,MAR,Africa,Africa,26.828799999999973,26.15971203382721,27.497887966172737,2026,1936.8146461538465,67.64867692307666,85.24544615384366,Projected
Morocco,MAR,Africa,Africa,26.871018803418778,26.196446417909524,27.545591188928032,2027,1937.660232478633,68.2733367521364,88.3828581196558,Projected
Morocco,MAR,Africa,Africa,26.913237606837583,26.232838112931894,27.593637100743273,2028,1938.505818803419,68.89799658119614,91.52027008546793,Projected
Morocco,MAR,Africa,Africa,26.95545641025639,26.268895844447645,27.642016976065133,2029,1939.3514051282054,69.5226564102561,94.65768205128006,Projected
Morocco,MAR,Africa,Africa,26.997675213675194,26.30462851904261,27.69072190830778,2030,1940.1969914529918,70.14731623931584,97.7950940170922,Projected
Morocco,MAR,Africa,Africa,27.039894017093985,26.340045174443148,27.739742859744823,2031,1941.0425777777782,70.7719760683758,100.93250598290433,Projected
Morocco,MAR,Africa,Africa,27.08211282051279,26.375154932531252,27.78907070849433,2032,1941.8881641025646,71.39663589743554,104.06991794871556,Projected
Morocco,MAR,Africa,Africa,27.124331623931596,26.4099669555724,27.83869629229079,2033,1942.733750427351,72.02129572649551,107.20732991452769,Projected
Morocco,MAR,Africa,Africa,27.1665504273504,26.444490405869082,27.88861044883172,2034,1943.5793367521374,72.64595555555525,110.34474188033983,Projected
Morocco,MAR,Africa,Africa,27.208769230769207,26.47873440896665,27.938804052571765,2035,1944.4249230769237,73.27061538461498,113.48215384615196,Projected
Morocco,MAR,Africa,Africa,27.250988034188012,26.512708020461503,27.98926804791452,2036,1945.2705094017101,73.89527521367495,116.6195658119641,Projected
Morocco,MAR,Africa,Africa,27.293206837606817,26.54642019639477,28.039993478818865,2037,1946.1160957264965,74.51993504273469,119.75697777777623,Projected
Morocco,MAR,Africa,Africa,27.33542564102561,26.579879767157877,28.09097151489334,2038,1946.9616820512829,75.14459487179465,122.89438974358836,Projected
Morocco,MAR,Africa,Africa,27.377644444444414,26.613095414790088,28.14219347409874,2039,1947.8072683760693,75.76925470085439,126.03180170939959,Projected
Morocco,MAR,Africa,Africa,27.41986324786322,26.64607565351111,28.193650842215327,2040,1948.6528547008556,76.39391452991435,129.16921367521172,Projected
Morocco,MAR,Africa,Africa,27.462082051282025,26.678828813304616,28.245335289259433,2041,1949.498441025642,77.01857435897409,132.30662564102386,Projected
Morocco,MAR,Africa,Africa,27.50430085470083,26.711363026348565,28.297238683053095,2042,1950.3440273504282,77.64323418803383,135.444037606836,Projected
Morocco,MAR,Africa,Africa,27.546519658119635,26.743686216076423,28.349353100162848,2043,1951.1896136752146,78.2678940170938,138.58144957264813,Projected
Morocco,MAR,Africa,Africa,27.58873846153844,26.77580608864699,28.40167083442989,2044,1952.035200000001,78.89255384615353,141.71886153846026,Projected
Morocco,MAR,Africa,Africa,27.63095726495723,26.807730126599942,28.45418440331452,2045,1952.8807863247873,79.5172136752135,144.85627350427148,Projected
Morocco,MAR,Africa,Africa,27.673176068376037,26.83946558447772,28.506886552274356,2046,1953.7263726495737,80.14187350427324,147.99368547008362,Projected
Morocco,MAR,Africa,Africa,27.715394871794842,26.871019486200833,28.559770257388852,2047,1954.57195897436,80.7665333333332,151.13109743589575,Projected
Morocco,MAR,Africa,Africa,27.757613675213648,26.902398623993705,28.61282872643359,2048,1955.4175452991465,81.39119316239294,154.2685094017079,Projected
Morocco,MAR,Africa,Africa,27.799832478632453,26.933609558668852,28.666055398596054,2049,1956.2631316239328,82.01585299145268,157.40592136752002,Projected
Morocco,MAR,Africa,Africa,27.84205128205126,26.964658621090145,28.719443943012372,2050,1957.1087179487192,82.64051282051264,160.54333333333216,Projected
Monaco,MCO,Europe,Europe,4.724399999999989,3.991104426506137,5.45769557349384,2026,1011.3048615384641,17.0665846153845,85.15526153845985,Projected
Monaco,MCO,Europe,Europe,4.760594871794865,4.021288578297131,5.499901165292599,2027,1008.5411760683783,17.17060512820501,88.35043760683584,Projected
Monaco,MCO,Europe,Europe,4.796789743589727,4.051097155599483,5.542482331579971,2028,1005.7774905982933,17.274625641025523,91.54561367521273,Projected
Monaco,MCO,Europe,Europe,4.8329846153846034,4.080539721295762,5.585429509473445,2029,1003.0138051282074,17.378646153846034,94.74078974358872,Projected
Monaco,MCO,Europe,Europe,4.86917948717948,4.109626036673398,5.6287329376855615,2030,1000.2501196581225,17.482666666666546,97.9359658119647,Projected
Monaco,MCO,Europe,Europe,4.905374358974356,4.138366006745013,5.672382711203699,2031,997.4864341880366,17.58668717948703,101.13114188034069,Projected
Monaco,MCO,Europe,Europe,4.941569230769218,4.166769628754608,5.716368832783829,2032,994.7227487179507,17.69070769230754,104.32631794871668,Projected
Monaco,MCO,Europe,Europe,4.977764102564095,4.19484694420507,5.7606812609231195,2033,991.9590632478657,17.794728205128052,107.52149401709266,Projected
Monaco,MCO,Europe,Europe,5.013958974358971,4.222607994639798,5.805309954078144,2034,989.1953777777799,17.898748717948564,110.71667008546865,Projected
Monaco,MCO,Europe,Europe,5.050153846153847,4.250062781317745,5.850244910989949,2035,986.4316923076949,18.002769230769076,113.91184615384464,Projected
Monaco,MCO,Europe,Europe,5.0863487179487095,4.277221228836403,5.895476207061016,2036,983.668006837609,18.106789743589587,117.10702222222153,Projected
Monaco,MCO,Europe,Europe,5.122543589743586,4.30409315268441,5.940994026802762,2037,980.9043213675232,18.2108102564101,120.30219829059752,Projected
Monaco,MCO,Europe,Europe,5.158738461538462,4.330688230642972,5.986788692433953,2038,978.1406358974382,18.31483076923061,123.4973743589735,Projected
Monaco,MCO,Europe,Europe,5.194933333333324,4.357015977904796,6.032850688761853,2039,975.3769504273523,18.418851282051122,126.69255042734949,Projected
Monaco,MCO,Europe,Europe,5.231128205128201,4.383085725738662,6.079170684517739,2040,972.6132649572673,18.522871794871634,129.88772649572547,Projected
Monaco,MCO,Europe,Europe,5.267323076923077,4.408906603497435,6.125739550348719,2041,969.8495794871815,18.626892307692145,133.08290256410146,Projected
Monaco,MCO,Europe,Europe,5.303517948717953,4.43448752374629,6.172548373689617,2042,967.0858940170965,18.730912820512657,136.27807863247745,Projected
Monaco,MCO,Europe,Europe,5.3397128205128155,4.459837170274162,6.219588470751469,2043,964.3222085470106,18.83493333333317,139.47325470085343,Projected
Monaco,MCO,Europe,Europe,5.375907692307692,4.48496398874506,6.266851395870324,2044,961.5585230769248,18.93895384615368,142.66843076923033,Projected
Monaco,MCO,Europe,Europe,5.412102564102568,4.5098761797447064,6.31432894846043,2045,958.7948376068398,19.042974358974192,145.8636068376063,Projected
Monaco,MCO,Europe,Europe,5.4482974358974445,4.534581693982285,6.362013177812604,2046,956.0311521367539,19.146994871794703,149.0587829059823,Projected
Monaco,MCO,Europe,Europe,5.484492307692307,4.559088229413946,6.409896385970668,2047,953.267466666669,19.251015384615215,152.25395897435828,Projected
Monaco,MCO,Europe,Europe,5.520687179487183,4.583403230065541,6.457971128908825,2048,950.5037811965831,19.355035897435727,155.44913504273427,Projected
Monaco,MCO,Europe,Europe,5.556882051282059,4.60753388634404,6.506230216220079,2049,947.7400957264972,19.459056410256238,158.64431111111026,Projected
Monaco,MCO,Europe,Europe,5.5930769230769215,4.631487136641207,6.554666709512636,2050,944.9764102564122,19.56307692307675,161.83948717948624,Projected
Moldova,MDA,Europe,Europe,10.240676923076911,9.469132360192605,11.012221485961218,2026,1143.934030769232,158.65612307692254,87.27959999999803,Projected
Moldova,MDA,Europe,Europe,10.270755555555546,9.4928867511162,11.048624359994891,2027,1143.2573777777793,160.0453230769226,90.46509743589559,Projected
Moldova,MDA,Europe,Europe,10.30083418803418,9.516245977436146,11.085422398632215,2028,1142.5807247863263,161.43452307692223,93.65059487179315,Projected
Moldova,MDA,Europe,Europe,10.330912820512808,9.539220100838739,11.122605540186877,2029,1141.9040717948733,162.8237230769223,96.8360923076907,Projected
Moldova,MDA,Europe,Europe,10.360991452991442,9.56181939176408,11.160163514218803,2030,1141.2274188034205,164.21292307692238,100.02158974358827,Projected
Moldova,MDA,Europe,Europe,10.391070085470076,9.584054271874193,11.19808589906596,2031,1140.5507658119675,165.60212307692245,103.20708717948582,Projected
Moldova,MDA,Europe,Europe,10.421148717948704,9.605935259873316,11.236362176024091,2032,1139.8741128205147,166.99132307692253,106.39258461538338,Projected
Moldova,MDA,Europe,Europe,10.451227350427338,9.627472921033114,11.274981779821562,2033,1139.1974598290617,168.3805230769226,109.57808205128003,Projected
Moldova,MDA,Europe,Europe,10.481305982905972,9.648677820667903,11.313934145144042,2034,1138.520806837609,169.76972307692267,112.7635794871776,Projected
Moldova,MDA,Europe,Europe,10.511384615384607,9.669560481706284,11.35320874906293,2035,1137.844153846156,171.15892307692275,115.94907692307515,Projected
Moldova,MDA,Europe,Europe,10.541463247863234,9.690131346416722,11.392795149309746,2036,1137.1675008547031,172.54812307692282,119.13457435897271,Projected
Moldova,MDA,Europe,Europe,10.571541880341869,9.710400742267637,11.4326830184161,2037,1136.49084786325,173.93732307692244,122.32007179487027,Projected
Moldova,MDA,Europe,Europe,10.601620512820503,9.730378851837168,11.472862173803838,2038,1135.8141948717973,175.3265230769225,125.50556923076783,Projected
Moldova,MDA,Europe,Europe,10.631699145299137,9.750075686634283,11.513322603963992,2039,1135.1375418803443,176.7157230769226,128.6910666666654,Projected
Moldova,MDA,Europe,Europe,10.661777777777765,9.76950106465042,11.55405449090511,2040,1134.4608888888913,178.10492307692266,131.87656410256295,Projected
Moldova,MDA,Europe,Europe,10.691856410256399,9.78866459142916,11.595048229083638,2041,1133.7842358974385,179.49412307692273,135.0620615384605,Projected
Moldova,MDA,Europe,Europe,10.721935042735034,9.807575644418623,11.636294441051444,2042,1133.1075829059855,180.8833230769228,138.24755897435807,Projected
Moldova,MDA,Europe,Europe,10.75201367521366,9.826243360357642,11.67778399006968,2043,1132.4309299145327,182.27252307692288,141.43305641025472,Projected
Moldova,MDA,Europe,Europe,10.782092307692295,9.844676625439414,11.719507989945177,2044,1131.7542769230797,183.6617230769225,144.61855384615228,Projected
Moldova,MDA,Europe,Europe,10.81217094017093,9.862884067995488,11.761457812346372,2045,1131.077623931627,185.05092307692257,147.80405128204984,Projected
Moldova,MDA,Europe,Europe,10.842249572649564,9.880874053447206,11.803625091851922,2046,1130.400970940174,186.44012307692265,150.9895487179474,Projected
Moldova,MDA,Europe,Europe,10.872328205128191,9.89865468127919,11.846001728977193,2047,1129.7243179487211,187.82932307692272,154.17504615384496,Projected
Moldova,MDA,Europe,Europe,10.902406837606826,9.91623378380063,11.888579891413022,2048,1129.0476649572681,189.2185230769228,157.36054358974252,Projected
Moldova,MDA,Europe,Europe,10.93248547008546,9.933618926472995,11.931352013697925,2049,1128.3710119658151,190.60772307692287,160.54604102564008,Projected
Moldova,MDA,Europe,Europe,10.962564102564087,9.950817409597342,11.974310795530833,2050,1127.6943589743623,191.99692307692294,163.73153846153764,Projected
Madagascar,MDG,Africa,Africa,33.349199999999996,32.53649902346293,34.16190097653706,2026,1772.9189230769225,64.83883076923064,88.40544615384442,Projected
Madagascar,MDG,Africa,Africa,33.3760923076923,32.556729736303964,34.19545487908064,2027,1769.8400683760674,65.35150769230756,91.62704615384428,Projected
Madagascar,MDG,Africa,Africa,33.40298461538461,32.57654420532096,34.229425025448265,2028,1766.7612136752132,65.86418461538449,94.84864615384413,Projected
Madagascar,MDG,Africa,Africa,33.42987692307692,32.59595302891958,34.263800817234255,2029,1763.682358974358,66.37686153846141,98.07024615384398,Projected
Madagascar,MDG,Africa,Africa,33.456769230769225,32.614967025394854,34.2985714361436,2030,1760.603504273503,66.88953846153834,101.29184615384384,Projected
Madagascar,MDG,Africa,Africa,33.48366153846153,32.633597172330326,34.33372590459274,2031,1757.5246495726487,67.40221538461526,104.5134461538446,Projected
Madagascar,MDG,Africa,Africa,33.51055384615384,32.65185454952829,34.36925314277939,2032,1754.4457948717936,67.91489230769218,107.73504615384445,Projected
Madagascar,MDG,Africa,Africa,33.53744615384615,32.66975028584247,34.40514202184983,2033,1751.3669401709385,68.42756923076911,110.9566461538443,Projected
Madagascar,MDG,Africa,Africa,33.564338461538455,32.68729551017155,34.44138141290536,2034,1748.2880854700843,68.94024615384603,114.17824615384416,Projected
Madagascar,MDG,Africa,Africa,33.59123076923076,32.70450130676752,34.477960231694006,2035,1745.2092307692292,69.45292307692296,117.39984615384401,Projected
Madagascar,MDG,Africa,Africa,33.61812307692307,32.72137867491957,34.51486747892657,2036,1742.130376068374,69.96559999999988,120.62144615384477,Projected
Madagascar,MDG,Africa,Africa,33.64501538461538,32.737938492993095,34.55209227623766,2037,1739.0515213675199,70.4782769230768,123.84304615384463,Projected
Madagascar,MDG,Africa,Africa,33.671907692307684,32.75419148673434,34.589623897881026,2038,1735.9726666666647,70.99095384615373,127.06464615384448,Projected
Madagascar,MDG,Africa,Africa,33.698800000000006,32.770148201695065,34.627451798304946,2039,1732.8938119658096,71.50363076923065,130.28624615384433,Projected
Madagascar,MDG,Africa,Africa,33.72569230769231,32.785818979586686,34.66556563579794,2040,1729.8149572649545,72.01630769230758,133.50784615384418,Projected
Madagascar,MDG,Africa,Africa,33.75258461538462,32.8012139383402,34.70395529242904,2041,1726.7361025641003,72.5289846153845,136.72944615384495,Projected
Madagascar,MDG,Africa,Africa,33.77947692307693,32.81634295562388,34.742610890529974,2042,1723.6572478632452,73.04166153846143,139.9510461538448,Projected
Madagascar,MDG,Africa,Africa,33.806369230769235,32.83121565555658,34.781522805981886,2043,1720.57839316239,73.55433846153835,143.17264615384465,Projected
Madagascar,MDG,Africa,Africa,33.83326153846154,32.845841398346685,34.8206816785764,2044,1717.4995384615358,74.06701538461527,146.3942461538445,Projected
Madagascar,MDG,Africa,Africa,33.86015384615385,32.86022927258585,34.86007841972185,2045,1714.4206837606807,74.5796923076922,149.61584615384436,Projected
Madagascar,MDG,Africa,Africa,33.88704615384616,32.87438808993114,34.899704217761176,2046,1711.3418290598256,75.09236923076912,152.83744615384512,Projected
Madagascar,MDG,Africa,Africa,33.913938461538464,32.88832638191705,34.93955054115988,2047,1708.2629743589714,75.60504615384605,156.05904615384497,Projected
Madagascar,MDG,Africa,Africa,33.94083076923077,32.90205239865075,34.97960913981079,2048,1705.1841196581163,76.11772307692297,159.28064615384483,Projected
Madagascar,MDG,Africa,Africa,33.96772307692308,32.91557410915726,35.019872044688896,2049,1702.1052649572612,76.6303999999999,162.50224615384468,Projected
Madagascar,MDG,Africa,Africa,33.994615384615386,32.92889920315677,35.060331566074005,2050,1699.026410256407,77.14307692307682,165.72384615384453,Projected
Mexico,MEX,North America,Americas,14.153323076923044,13.36698972525709,14.939656428588998,2026,814.9670769230761,196.51904615384547,83.06661538461321,Projected
Mexico,MEX,North America,Americas,14.200834188034165,13.408055373205167,14.993613002863162,2027,815.1329572649563,198.2232205128198,86.20041025640876,Projected
Mexico,MEX,North America,Americas,14.24834529914527,13.448718282125313,15.047972316165229,2028,815.2988376068366,199.92739487179415,89.3342051282034,Projected
Mexico,MEX,North America,Americas,14.295856410256377,13.48898870656394,15.102724113948813,2029,815.464717948717,201.6315692307685,92.46799999999803,Projected
Mexico,MEX,North America,Americas,14.343367521367497,13.528877113822585,15.15785792891241,2030,815.6305982905972,203.33574358974283,95.60179487179357,Projected
Mexico,MEX,North America,Americas,14.390878632478604,13.568394125323268,15.21336313963394,2031,815.7964786324774,205.03991794871718,98.7355897435882,Projected
Mexico,MEX,North America,Americas,14.43838974358971,13.607550461390355,15.269229025789064,2032,815.9623589743578,206.74409230769152,101.86938461538284,Projected
Mexico,MEX,North America,Americas,14.48590085470083,13.64635688980821,15.32544481959345,2033,816.128239316238,208.44826666666586,105.00317948717839,Projected
Mexico,MEX,North America,Americas,14.533411965811936,13.684824178404638,15.381999753219235,2034,816.2941196581182,210.1524410256402,108.13697435897302,Projected
Mexico,MEX,North America,Americas,14.580923076923042,13.722963051809337,15.438883102036748,2035,816.4599999999986,211.85661538461454,111.27076923076766,Projected
Mexico,MEX,North America,Americas,14.628434188034163,13.760784152445789,15.496084223622537,2036,816.6258803418789,213.56078974358888,114.40456410256229,Projected
Mexico,MEX,North America,Americas,14.675945299145269,13.798298005736914,15.553592592553624,2037,816.7917606837591,215.26496410256323,117.53835897435783,Projected
Mexico,MEX,North America,Americas,14.723456410256375,13.835514989438188,15.611397831074562,2038,816.9576410256394,216.96913846153757,120.67215384615247,Projected
Mexico,MEX,North America,Americas,14.770967521367496,13.872445306956894,15.669489735778097,2039,817.1235213675197,218.6733128205119,123.8059487179471,Projected
Mexico,MEX,North America,Americas,14.818478632478602,13.909098964473458,15.727858300483746,2040,817.2894017094,220.37748717948625,126.93974358974265,Projected
Mexico,MEX,North America,Americas,14.865989743589722,13.945485751648317,15.786493735531128,2041,817.4552820512803,222.08166153846105,130.07353846153728,Projected
Mexico,MEX,North America,Americas,14.913500854700828,13.981615225674341,15.845386483727316,2042,817.6211623931606,223.7858358974354,133.20733333333192,Projected
Mexico,MEX,North America,Americas,14.961011965811934,14.017496698421299,15.90452723320257,2043,817.7870427350408,225.49001025640973,136.34112820512746,Projected
Mexico,MEX,North America,Americas,15.008523076923055,14.05313922641089,15.96390692743522,2044,817.952923076921,227.19418461538407,139.4749230769221,Projected
Mexico,MEX,North America,Americas,15.056034188034161,14.088551603360518,16.023516772707804,2045,818.1188034188013,228.89835897435842,142.60871794871673,Projected
Mexico,MEX,North America,Americas,15.103545299145267,14.123742355038017,16.08334824325252,2046,818.2846837606817,230.60253333333276,145.74251282051137,Projected
Mexico,MEX,North America,Americas,15.151056410256388,14.158719736177082,16.143393084335695,2047,818.4505641025619,232.3067076923071,148.8763076923069,Projected
Mexico,MEX,North America,Americas,15.198567521367494,14.193491729214767,16.20364331352022,2048,818.6164444444422,234.01088205128144,152.01010256410154,Projected
Mexico,MEX,North America,Americas,15.2460786324786,14.228066044625587,16.264091220331615,2049,818.7823247863225,235.71505641025578,155.14389743589618,Projected
Mexico,MEX,North America,Americas,15.29358974358972,14.26245012264111,16.32472936453833,2050,818.9482051282027,237.41923076923013,158.27769230769172,Projected
Marshall Islands,MHL,Oceania,Oceania,19.649415384615367,18.69985804554019,20.598972723690544,2026,1420.9499076923075,67.58676923076905,86.3579692307676,Projected
Marshall Islands,MHL,Oceania,Oceania,19.68575384615383,18.7284131199983,20.64309457230936,2027,1424.811353846154,68.30294017094002,89.5667076923055,Projected
Marshall Islands,MHL,Oceania,Oceania,19.722092307692293,18.756481856443557,20.68770275894103,2028,1428.6728000000003,69.01911111111099,92.77544615384431,Projected
Marshall Islands,MHL,Oceania,Oceania,19.758430769230756,18.784076638020807,20.732784900440706,2029,1432.5342461538467,69.73528205128173,95.98418461538313,Projected
Marshall Islands,MHL,Oceania,Oceania,19.794769230769205,18.811210104792877,20.778328356745533,2030,1436.395692307693,70.4514529914527,99.19292307692103,Projected
Marshall Islands,MHL,Oceania,Oceania,19.83110769230767,18.837895082934896,20.82432030168044,2031,1440.2571384615394,71.16762393162367,102.40166153845985,Projected
Marshall Islands,MHL,Oceania,Oceania,19.86744615384613,18.864144518054015,20.870747789638248,2032,1444.1185846153858,71.88379487179463,105.61039999999866,Projected
Marshall Islands,MHL,Oceania,Oceania,19.903784615384595,18.889971413068942,20.917597817700248,2033,1447.9800307692321,72.5999658119656,108.81913846153657,Projected
Marshall Islands,MHL,Oceania,Oceania,19.940123076923058,18.91538877095091,20.964857382895207,2034,1451.8414769230785,73.31613675213657,112.02787692307538,Projected
Marshall Islands,MHL,Oceania,Oceania,19.97646153846152,18.94040954250608,21.01251353441696,2035,1455.702923076924,74.03230769230754,115.2366153846142,Projected
Marshall Islands,MHL,Oceania,Oceania,20.012799999999984,18.96504657927038,21.06055342072959,2036,1459.5643692307704,74.74847863247851,118.4453538461521,Projected
Marshall Islands,MHL,Oceania,Oceania,20.049138461538448,18.989312591492688,21.108964331584207,2037,1463.4258153846167,75.46464957264948,121.65409230769092,Projected
Marshall Islands,MHL,Oceania,Oceania,20.08547692307691,19.013220111102168,21.157733735051654,2038,1467.287261538463,76.18082051282045,124.86283076922973,Projected
Marshall Islands,MHL,Oceania,Oceania,20.121815384615374,19.036781459489283,21.206849309741465,2039,1471.1487076923095,76.89699145299141,128.07156923076764,Projected
Marshall Islands,MHL,Oceania,Oceania,20.158153846153837,19.0600087198781,21.256298972429576,2040,1475.0101538461558,77.61316239316238,131.28030769230645,Projected
Marshall Islands,MHL,Oceania,Oceania,20.1944923076923,19.082913714028276,21.306070901356325,2041,1478.8716000000022,78.32933333333335,134.48904615384436,Projected
Marshall Islands,MHL,Oceania,Oceania,20.23083076923075,19.105507982977244,21.356153555484255,2042,1482.7330461538486,79.0455042735041,137.69778461538317,Projected
Marshall Islands,MHL,Oceania,Oceania,20.267169230769213,19.12780277151612,21.406535690022306,2043,1486.594492307695,79.76167521367506,140.90652307692199,Projected
Marshall Islands,MHL,Oceania,Oceania,20.303507692307676,19.149809016083758,21.457206368531594,2044,1490.4559384615404,80.47784615384603,144.1152615384599,Projected
Marshall Islands,MHL,Oceania,Oceania,20.33984615384614,19.171537335762906,21.508154971929372,2045,1494.3173846153868,81.194017094017,147.3239999999987,Projected
Marshall Islands,MHL,Oceania,Oceania,20.376184615384602,19.192998026066764,21.55937120470244,2046,1498.1788307692332,81.91018803418797,150.53273846153752,Projected
Marshall Islands,MHL,Oceania,Oceania,20.412523076923065,19.214201055214197,21.610845098631934,2047,1502.0402769230795,82.62635897435894,153.74147692307542,Projected
Marshall Islands,MHL,Oceania,Oceania,20.44886153846153,19.235156062605213,21.662567014317844,2048,1505.901723076926,83.3425299145299,156.95021538461424,Projected
Marshall Islands,MHL,Oceania,Oceania,20.485199999999992,19.25587235922431,21.714527640775675,2049,1509.7631692307723,84.05870085470087,160.15895384615305,Projected
Marshall Islands,MHL,Oceania,Oceania,20.521538461538455,19.276358929717073,21.766717993359837,2050,1513.6246153846187,84.77487179487184,163.36769230769096,Projected
North Macedonia,MKD,Europe,Europe,4.9336615384615214,4.043169669744448,5.824153407178595,2026,1833.2797538461539,681.4592307692274,88.57824615384379,Projected
North Macedonia,MKD,Europe,Europe,4.971340170940152,4.0735490664414025,5.869131275438902,2027,1833.5686529914528,687.6456410256378,91.76760341880072,Projected
North Macedonia,MKD,Europe,Europe,5.009018803418783,4.103472376888403,5.914565229949163,2028,1833.857552136752,693.83205128204645,94.95696068375855,Projected
North Macedonia,MKD,Europe,Europe,5.046697435897414,4.1329512139595135,5.960443657835315,2029,1834.1464512820512,700.0184615384569,98.14631794871548,Projected
North Macedonia,MKD,Europe,Europe,5.084376068376059,4.1619974314656965,6.006754705286422,2030,1834.4353504273502,706.2048717948674,101.33567521367331,Projected
North Macedonia,MKD,Europe,Europe,5.12205470085469,4.19062305775336,6.0534863439560205,2031,1834.7242495726491,712.3912820512778,104.52503247863024,Projected
North Macedonia,MKD,Europe,Europe,5.159733333333321,4.218840233171958,6.100626433494684,2032,1835.0131487179483,718.5776923076883,107.71438974358807,Projected
North Macedonia,MKD,Europe,Europe,5.197411965811952,4.246661151817526,6.148162779806378,2033,1835.3020478632475,724.7641025640987,110.903747008545,Projected
North Macedonia,MKD,Europe,Europe,5.235090598290583,4.27409800783535,6.196083188745816,2034,1835.5909470085464,730.9505128205092,114.09310427350192,Projected
North Macedonia,MKD,Europe,Europe,5.272769230769214,4.301162946450484,6.244375515087944,2035,1835.8798461538454,737.1369230769196,117.28246153845976,Projected
North Macedonia,MKD,Europe,Europe,5.310447863247845,4.327868019792657,6.2930277067030325,2036,1836.1687452991446,743.3233333333301,120.47181880341668,Projected
North Macedonia,MKD,Europe,Europe,5.34812649572649,4.35422514749308,6.342027843959899,2037,1836.4576444444438,749.5097435897405,123.66117606837452,Projected
North Macedonia,MKD,Europe,Europe,5.385805128205121,4.380246081955251,6.39136417445499,2038,1836.7465435897427,755.696153846151,126.85053333333144,Projected
North Macedonia,MKD,Europe,Europe,5.423483760683752,4.4059423781401765,6.441025143227327,2039,1837.0354427350417,761.8825641025614,130.03989059828837,Projected
North Macedonia,MKD,Europe,Europe,5.4611623931623825,4.431325367657166,6.490999418667599,2040,1837.3243418803409,768.0689743589719,133.2292478632462,Projected
North Macedonia,MKD,Europe,Europe,5.498841025641013,4.45640613691503,6.541275914366997,2041,1837.61324102564,774.2553846153824,136.41860512820313,Projected
North Macedonia,MKD,Europe,Europe,5.536519658119644,4.481195509062174,6.591843807177114,2042,1837.9021401709392,780.441794871791,139.60796239316096,Projected
North Macedonia,MKD,Europe,Europe,5.574198290598275,4.505704029428106,6.6426925517684445,2043,1838.1910393162382,786.6282051282014,142.79731965811789,Projected
North Macedonia,MKD,Europe,Europe,5.611876923076906,4.529941954170605,6.6938118919832075,2044,1838.4799384615371,792.8146153846119,145.9866769230748,Projected
North Macedonia,MKD,Europe,Europe,5.649555555555551,4.553919241831892,6.7451918692792106,2045,1838.7688376068363,799.0010256410224,149.17603418803265,Projected
North Macedonia,MKD,Europe,Europe,5.687234188034182,4.577645547511645,6.796822828556719,2046,1839.0577367521355,805.1874358974328,152.36539145298957,Projected
North Macedonia,MKD,Europe,Europe,5.724912820512813,4.601130219374,6.848695421651626,2047,1839.3466358974345,811.3738461538433,155.5547487179474,Projected
North Macedonia,MKD,Europe,Europe,5.762591452991444,4.624382297217788,6.9008006087651,2048,1839.6355350427334,817.5602564102537,158.74410598290433,Projected
North Macedonia,MKD,Europe,Europe,5.800270085470075,4.647410512854819,6.953129658085331,2049,1839.9244341880326,823.7466666666642,161.93346324786125,Projected
North Macedonia,MKD,Europe,Europe,5.837948717948706,4.670223292057299,7.005674143840112,2050,1840.2133333333318,829.9330769230746,165.1228205128191,Projected
Mali,MLI,Africa,Africa,18.022584615384588,17.195630352967026,18.84953887780215,2026,1640.9446461538428,7.866215384615373,86.44864615384449,Projected
Mali,MLI,Africa,Africa,18.06286153846152,17.22912884902615,18.896594227896887,2027,1644.9062153846126,7.999781196581182,89.67002735042661,Projected
Mali,MLI,Africa,Africa,18.103138461538435,17.26220380110729,18.94407312196958,2028,1648.8677846153814,8.133347008546991,92.89140854700781,Projected
Mali,MLI,Africa,Africa,18.143415384615352,17.294865993492763,18.99196477573794,2029,1652.8293538461503,8.2669128205128,96.11278974358902,Projected
Mali,MLI,Africa,Africa,18.183692307692283,17.32712643421066,19.040258181173908,2030,1656.79092307692,8.40047863247861,99.33417094017022,Projected
Mali,MLI,Africa,Africa,18.2239692307692,17.358996293371202,19.088942168167197,2031,1660.752492307689,8.534044444444419,102.55555213675143,Projected
Mali,MLI,Africa,Africa,18.26424615384613,17.390486845096145,19.138005462596116,2032,1664.7140615384578,8.667610256410228,105.77693333333264,Projected
Mali,MLI,Africa,Africa,18.304523076923047,17.42160941341889,19.187436740427206,2033,1668.6756307692276,8.801176068376094,108.99831452991384,Projected
Mali,MLI,Africa,Africa,18.344799999999978,17.452375322418625,19.23722467758133,2034,1672.6371999999965,8.934741880341903,112.21969572649505,Projected
Mali,MLI,Africa,Africa,18.385076923076895,17.48279585074479,19.287357995409,2035,1676.5987692307654,9.068307692307712,115.44107692307625,Projected
Mali,MLI,Africa,Africa,18.425353846153826,17.51288219059398,19.33782550171367,2036,1680.5603384615351,9.201873504273522,118.66245811965746,Projected
Mali,MLI,Africa,Africa,18.465630769230742,17.54264541111815,19.388616127343333,2037,1684.521907692304,9.33543931623933,121.88383931623866,Projected
Mali,MLI,Africa,Africa,18.50590769230766,17.572096426173495,19.439718958441823,2038,1688.4834769230729,9.46900512820514,125.10522051281987,Projected
Mali,MLI,Africa,Africa,18.54618461538459,17.60124596626143,19.49112326450775,2039,1692.4450461538427,9.60257094017095,128.32660170940107,Projected
Mali,MLI,Africa,Africa,18.586461538461506,17.630104554468044,19.54281852245497,2040,1696.4066153846115,9.736136752136758,131.54798290598228,Projected
Mali,MLI,Africa,Africa,18.626738461538437,17.658682486174314,19.59479443690256,2041,1700.3681846153813,9.869702564102568,134.7693641025635,Projected
Mali,MLI,Africa,Africa,18.667015384615354,17.68698981228468,19.64704095694603,2042,1704.3297538461502,10.003268376068377,137.9907452991447,Projected
Mali,MLI,Africa,Africa,18.707292307692285,17.715036325707445,19.699548289677125,2043,1708.291323076919,10.136834188034243,141.2121264957259,Projected
Mali,MLI,Africa,Africa,18.7475692307692,17.74283155081185,19.752306910726553,2044,1712.2528923076889,10.270400000000052,144.4335076923071,Projected
Mali,MLI,Africa,Africa,18.787846153846132,17.770384735586838,19.805307572105427,2045,1716.2144615384577,10.403965811965861,147.6548888888883,Projected
Mali,MLI,Africa,Africa,18.82812307692305,17.797704846229745,19.858541307616353,2046,1720.1760307692266,10.53753162393167,150.8762700854695,Projected
Mali,MLI,Africa,Africa,18.86839999999998,17.824800563902606,19.911999436097354,2047,1724.1375999999964,10.67109743589748,154.09765128205072,Projected
Mali,MLI,Africa,Africa,18.908676923076897,17.8516802834043,19.965673562749494,2048,1728.0991692307653,10.804663247863289,157.31903247863193,Projected
Mali,MLI,Africa,Africa,18.948953846153813,17.878352113521963,20.019555578785663,2049,1732.0607384615341,10.938229059829098,160.54041367521313,Projected
Mali,MLI,Africa,Africa,18.989230769230744,17.904823878839398,20.07363765962209,2050,1736.022307692304,11.071794871794907,163.76179487179434,Projected
Malta,MLT,Europe,Europe,11.36941538461538,10.416171874109148,12.322658895121611,2026,905.1743692307655,2.953723076923045,87.25667692307525,Projected
Malta,MLT,Europe,Europe,11.403531623931613,10.442474511319656,12.36458873654357,2027,907.9911316239277,2.9570188034187694,90.4363452991438,Projected
Malta,MLT,Europe,Europe,11.437647863247847,10.468288922558349,12.407006803937344,2028,910.8078940170899,2.960314529914493,93.61601367521234,Projected
Malta,MLT,Europe,Europe,11.471764102564094,10.49362753904132,12.449900666086869,2029,913.6246564102521,2.9636102564102176,96.79568205128089,Projected
Malta,MLT,Europe,Europe,11.505880341880328,10.518503049899975,12.493257633860681,2030,916.4414188034143,2.966905982905942,99.97535042734944,Projected
Malta,MLT,Europe,Europe,11.539996581196576,10.542928331100518,12.537064831292634,2031,919.2581811965765,2.9702017094016657,103.15501880341799,Projected
Malta,MLT,Europe,Europe,11.57411282051281,10.566916378504787,12.581309262520831,2032,922.0749435897387,2.9734974358973902,106.33468717948563,Projected
Malta,MLT,Europe,Europe,11.608229059829057,10.590480245508719,12.625977874149395,2033,924.8917059829009,2.9767931623931148,109.51435555555418,Projected
Malta,MLT,Europe,Europe,11.64234529914529,10.613632985560903,12.671057612729678,2034,927.7084683760631,2.9800888888888384,112.69402393162272,Projected
Malta,MLT,Europe,Europe,11.676461538461524,10.636387599742418,12.71653547718063,2035,930.5252307692253,2.983384615384563,115.87369230769127,Projected
Malta,MLT,Europe,Europe,11.710577777777772,10.65875698947872,12.762398566076824,2036,933.3419931623876,2.9866803418802874,119.05336068375982,Projected
Malta,MLT,Europe,Europe,11.744694017094005,10.680753914359716,12.808634119828294,2037,936.1587555555507,2.989976068376011,122.23302905982837,Projected
Malta,MLT,Europe,Europe,11.778810256410253,10.70239095496341,12.855229557857095,2038,938.9755179487129,2.9932717948717356,125.41269743589692,Projected
Malta,MLT,Europe,Europe,11.812926495726487,10.723680480511742,12.90217251094123,2039,941.7922803418751,2.99656752136746,128.59236581196456,Projected
Malta,MLT,Europe,Europe,11.847042735042734,10.744634621135756,12.949450848949713,2040,944.6090427350373,2.9998632478631837,131.7720341880331,Projected
Malta,MLT,Europe,Europe,11.881158974358968,10.765265244487026,12.99705270423091,2041,947.4258051281995,3.003158974358908,134.95170256410165,Projected
Malta,MLT,Europe,Europe,11.915275213675201,10.785583936405194,13.044966490945209,2042,950.2425675213617,3.0064547008546327,138.1313709401702,Projected
Malta,MLT,Europe,Europe,11.94939145299145,10.80560198533352,13.093180920649377,2043,953.0593299145239,3.0097504273503572,141.31103931623875,Projected
Malta,MLT,Europe,Europe,11.983507692307683,10.825330370165988,13.141685014449378,2044,955.8760923076861,3.013046153846081,144.4907076923073,Projected
Malta,MLT,Europe,Europe,12.01762393162393,10.844779751208534,13.190468112039326,2045,958.6928547008483,3.0163418803418054,147.67037606837494,Projected
Malta,MLT,Europe,Europe,12.051740170940164,10.863960463941407,13.239519877938921,2046,961.5096170940105,3.01963760683753,150.85004444444348,Projected
Malta,MLT,Europe,Europe,12.085856410256412,10.882882515280016,13.288830305232807,2047,964.3263794871727,3.0229333333332535,154.02971282051203,Projected
Malta,MLT,Europe,Europe,12.119972649572645,10.901555582044388,13.338389717100902,2048,967.143141880335,3.026229059828978,157.20938119658058,Projected
Malta,MLT,Europe,Europe,12.154088888888879,10.919989011364178,13.38818876641358,2049,969.9599042734972,3.0295247863247026,160.38904957264913,Projected
Malta,MLT,Europe,Europe,12.188205128205126,10.938191822763287,13.438218433646966,2050,972.7766666666594,3.032820512820426,163.56871794871768,Projected
Myanmar,MMR,Asia,Asia,22.05944615384613,21.26489093666728,22.854001371024985,2026,617.0585230769193,206.38479999999936,85.6105230769208,Projected
Myanmar,MMR,Asia,Asia,22.090687179487162,21.28961910567762,22.891755253296704,2027,620.5661059829026,208.20276239316172,88.81660170939904,Projected
Myanmar,MMR,Asia,Asia,22.121928205128185,21.313940324639205,22.929916085617165,2028,624.073688888885,210.02072478632408,92.02268034187819,Projected
Myanmar,MMR,Asia,Asia,22.15316923076921,21.337864955319507,22.96847350621891,2029,627.5812717948684,211.83868717948644,95.22875897435642,Projected
Myanmar,MMR,Asia,Asia,22.18441025641024,21.36140357446568,23.007416938354798,2030,631.0888547008508,213.6566495726488,98.43483760683557,Projected
Myanmar,MMR,Asia,Asia,22.21565128205126,21.384566914556864,23.04673564954566,2031,634.5964376068341,215.47461196581116,101.64091623931381,Projected
Myanmar,MMR,Asia,Asia,22.246892307692285,21.407365808008635,23.086418807375935,2032,638.1040205128165,217.29257435897352,104.84699487179296,Projected
Myanmar,MMR,Asia,Asia,22.278133333333315,21.42981113519281,23.12645553147382,2033,641.6116034187999,219.11053675213589,108.0530735042712,Projected
Myanmar,MMR,Asia,Asia,22.30937435897434,21.451913776525128,23.16683494142355,2034,645.1191863247823,220.9284991452987,111.25915213674944,Projected
Myanmar,MMR,Asia,Asia,22.34061538461536,21.47368456877151,23.207546200459213,2035,648.6267692307656,222.74646153846106,114.46523076922858,Projected
Myanmar,MMR,Asia,Asia,22.37185641025639,21.495134265632128,23.248578554880655,2036,652.1343521367489,224.56442393162342,117.67130940170682,Projected
Myanmar,MMR,Asia,Asia,22.403097435897415,21.516273502583253,23.289921369211577,2037,655.6419350427313,226.38238632478578,120.87738803418597,Projected
Myanmar,MMR,Asia,Asia,22.434338461538438,21.537112765889695,23.33156415718718,2038,659.1495179487147,228.20034871794815,124.08346666666421,Projected
Myanmar,MMR,Asia,Asia,22.46557948717947,21.557662365645083,23.373496608713854,2039,662.6571008546971,230.0183111111105,127.28954529914336,Projected
Myanmar,MMR,Asia,Asia,22.49682051282049,21.57793241265402,23.41570861298696,2040,666.1646837606804,231.83627350427287,130.4956239316216,Projected
Myanmar,MMR,Asia,Asia,22.52806153846152,21.59793279893718,23.458190277985864,2041,669.6722666666628,233.65423589743523,133.70170256410074,Projected
Myanmar,MMR,Asia,Asia,22.559302564102545,21.61767318161701,23.50093194658808,2042,673.1798495726462,235.4721982905976,136.90778119657898,Projected
Myanmar,MMR,Asia,Asia,22.590543589743568,21.637162969927758,23.54392420955938,2043,676.6874324786286,237.29016068375995,140.11385982905813,Projected
Myanmar,MMR,Asia,Asia,22.6217846153846,21.65641131508569,23.587157915683505,2044,680.1950153846119,239.10812307692277,143.31993846153637,Projected
Myanmar,MMR,Asia,Asia,22.65302564102562,21.675427102754938,23.630624179296305,2045,683.7025982905943,240.92608547008513,146.52601709401551,Projected
Myanmar,MMR,Asia,Asia,22.684266666666645,21.694218947848356,23.674314385484934,2046,687.2101811965777,242.7440478632475,149.73209572649375,Projected
Myanmar,MMR,Asia,Asia,22.715507692307675,21.71279519141076,23.71822019320459,2047,690.7177641025601,244.56201025640985,152.9381743589729,Projected
Myanmar,MMR,Asia,Asia,22.746748717948698,21.731163899343205,23.76233353655419,2048,694.2253470085434,246.3799726495722,156.14425299145114,Projected
Myanmar,MMR,Asia,Asia,22.77798974358973,21.74933286274058,23.806646624438876,2049,697.7329299145267,248.19793504273457,159.35033162392938,Projected
Myanmar,MMR,Asia,Asia,22.80923076923075,21.767309599629144,23.85115193883236,2050,701.2405128205091,250.01589743589693,162.55641025640853,Projected
Montenegro,MNE,Europe,Europe,5.508461538461525,4.66818287905691,6.34874019786614,2026,871.6386461538441,247.73104615384455,88.84350769230514,Projected
Montenegro,MNE,Europe,Europe,5.538034188034175,4.690867883415974,6.385200492652375,2027,873.7074632478616,249.95303247863103,92.05428034187753,Projected
Montenegro,MNE,Europe,Europe,5.567606837606824,4.7131225193953306,6.422091155818318,2028,875.7762803418782,252.17501880341752,95.26505299145083,Projected
Montenegro,MNE,Europe,Europe,5.597179487179474,4.734957745040292,6.459401229318656,2029,877.8450974358957,254.397005128204,98.47582564102322,Projected
Montenegro,MNE,Europe,Europe,5.626752136752124,4.756384745747068,6.49711952775718,2030,879.9139145299132,256.6189914529905,101.68659829059561,Projected
Montenegro,MNE,Europe,Europe,5.656324786324774,4.777414871605619,6.535234701043929,2031,881.9827316239298,258.84097777777697,104.89737094016891,Projected
Montenegro,MNE,Europe,Europe,5.685897435897424,4.798059578393263,6.573735293401584,2032,884.0515487179473,261.06296410256255,108.1081435897413,Projected
Montenegro,MNE,Europe,Europe,5.7154700854700735,4.818330372603243,6.612609798336904,2033,886.1203658119639,263.28495042734903,111.3189162393137,Projected
Montenegro,MNE,Europe,Europe,5.745042735042723,4.838238760775272,6.651846709310175,2034,888.1891829059814,265.5069367521355,114.529688888887,Projected
Montenegro,MNE,Europe,Europe,5.774615384615373,4.857796203287358,6.691434565943388,2035,890.257999999998,267.728923076922,117.74046153845939,Projected
Montenegro,MNE,Europe,Europe,5.80418803418803,4.877014072671663,6.731361995704397,2036,892.3268170940155,269.9509094017085,120.95123418803178,Projected
Montenegro,MNE,Europe,Europe,5.83376068376068,4.895903616433147,6.771617751088213,2037,894.3956341880321,272.17289572649497,124.16200683760508,Projected
Montenegro,MNE,Europe,Europe,5.86333333333333,4.914475924278783,6.812190742387877,2038,896.4644512820496,274.39488205128146,127.37277948717747,Projected
Montenegro,MNE,Europe,Europe,5.8929059829059796,4.932741899606427,6.853070066205532,2039,898.5332683760662,276.61686837606703,130.58355213674986,Projected
Montenegro,MNE,Europe,Europe,5.922478632478629,4.950712235056647,6.8942450299006115,2040,900.6020854700837,278.8388547008535,133.79432478632225,Projected
Montenegro,MNE,Europe,Europe,5.952051282051279,4.968397391895915,6.935705172206643,2041,902.6709025641003,281.06084102564,137.00509743589555,Projected
Montenegro,MNE,Europe,Europe,5.981623931623929,4.985807582975078,6.97744028027278,2042,904.7397196581178,283.2828273504265,140.21587008546794,Projected
Montenegro,MNE,Europe,Europe,6.011196581196579,5.002952758991782,7.019440403401376,2043,906.8085367521344,285.504813675213,143.42664273504033,Projected
Montenegro,MNE,Europe,Europe,6.040769230769229,5.019842597777807,7.06169586376065,2044,908.8773538461519,287.72679999999946,146.63741538461363,Projected
Montenegro,MNE,Europe,Europe,6.0703418803418785,5.036486496331363,7.104197264352394,2045,910.9461709401685,289.94878632478503,149.84818803418602,Projected
Montenegro,MNE,Europe,Europe,6.099914529914528,5.052893565318728,7.146935494510329,2046,913.014988034186,292.1707726495715,153.05896068375841,Projected
Montenegro,MNE,Europe,Europe,6.129487179487178,5.069072625778128,7.189901733196228,2047,915.0838051282026,294.392758974358,156.26973333333171,Projected
Montenegro,MNE,Europe,Europe,6.159059829059828,5.085032207770658,7.233087450348998,2048,917.1526222222201,296.6147452991445,159.4805059829041,Projected
Montenegro,MNE,Europe,Europe,6.188632478632478,5.100780550737213,7.276484406527743,2049,919.2214393162376,298.836731623931,162.6912786324765,Projected
Montenegro,MNE,Europe,Europe,6.218205128205128,5.116325605336104,7.3200846510741515,2050,921.2902564102542,301.05871794871746,165.9020512820498,Projected
Mongolia,MNG,Asia,Asia,26.100769230769217,25.361454199860596,26.840084261677838,2026,977.7664307692303,33.8467999999998,87.23889230769146,Projected
Mongolia,MNG,Asia,Asia,26.12333333333332,25.377958241780558,26.868708424886083,2027,982.7335452991447,34.15761709401693,90.44393846153798,Projected
Mongolia,MNG,Asia,Asia,26.145897435897425,25.394083626205912,26.897711245588937,2028,987.7006598290591,34.46843418803405,93.6489846153836,Projected
Mongolia,MNG,Asia,Asia,26.16846153846152,25.409839994518723,26.92708308240432,2029,992.6677743589735,34.779251282051064,96.85403076923012,Projected
Mongolia,MNG,Asia,Asia,26.191025641025625,25.425237188134655,26.956814093916595,2030,997.6348888888879,35.09006837606819,100.05907692307665,Projected
Mongolia,MNG,Asia,Asia,26.21358974358973,25.44028519337433,26.98689429380513,2031,1002.6020034188023,35.40088547008531,103.26412307692226,Projected
Mongolia,MNG,Asia,Asia,26.236153846153833,25.454994089546872,27.017313602760794,2032,1007.5691179487167,35.71170256410244,106.46916923076878,Projected
Mongolia,MNG,Asia,Asia,26.258717948717937,25.46937400058357,27.048061896852303,2033,1012.5362324786311,36.02251965811956,109.67421538461531,Projected
Mongolia,MNG,Asia,Asia,26.28128205128204,25.483435050456592,27.07912905210749,2034,1017.5033470085473,36.333336752136574,112.87926153846092,Projected
Mongolia,MNG,Asia,Asia,26.303846153846138,25.497187322522954,27.11050498516932,2035,1022.4704615384617,36.6441538461537,116.08430769230745,Projected
Mongolia,MNG,Asia,Asia,26.32641025641024,25.510640822848956,27.142179689971528,2036,1027.437576068376,36.954970940170824,119.28935384615306,Projected
Mongolia,MNG,Asia,Asia,26.348974358974345,25.52380544749632,27.174143270452372,2037,1032.4046905982905,37.26578803418795,122.49439999999959,Projected
Mongolia,MNG,Asia,Asia,26.37153846153845,25.53669095368898,27.20638596938792,2038,1037.3718051282049,37.57660512820496,125.69944615384611,Projected
Mongolia,MNG,Asia,Asia,26.394102564102553,25.549306934727728,27.23889819347738,2039,1042.3389196581193,37.887422222222085,128.90449230769173,Projected
Mongolia,MNG,Asia,Asia,26.41666666666665,25.56166279847958,27.27167053485372,2040,1047.3060341880337,38.19823931623921,132.10953846153825,Projected
Mongolia,MNG,Asia,Asia,26.439230769230754,25.57376774923822,27.30469378922329,2041,1052.273148717948,38.509056410256335,135.31458461538477,Projected
Mongolia,MNG,Asia,Asia,26.461794871794858,25.585630772730045,27.33795897085967,2042,1057.2402632478625,38.819873504273346,138.5196307692304,Projected
Mongolia,MNG,Asia,Asia,26.484358974358962,25.597260624027264,27.37145732469066,2043,1062.2073777777769,39.13069059829047,141.7246769230769,Projected
Mongolia,MNG,Asia,Asia,26.506923076923066,25.6086658181224,27.40518033572373,2044,1067.174492307693,39.441507692307596,144.92972307692253,Projected
Mongolia,MNG,Asia,Asia,26.52948717948717,25.61985462291795,27.43911973605639,2045,1072.1416068376075,39.75232478632472,148.13476923076905,Projected
Mongolia,MNG,Asia,Asia,26.552051282051266,25.630835054388655,27.473267509713878,2046,1077.1087213675219,40.06314188034173,151.33981538461558,Projected
Mongolia,MNG,Asia,Asia,26.57461538461537,25.641614873681473,27.507615895549268,2047,1082.0758358974363,40.37395897435886,154.5448615384612,Projected
Mongolia,MNG,Asia,Asia,26.597179487179474,25.652201585928548,27.5421573884304,2048,1087.0429504273507,40.68477606837598,157.74990769230772,Projected
Mongolia,MNG,Asia,Asia,26.619743589743578,25.662602440561287,27.57688473892587,2049,1092.010064957265,40.99559316239311,160.95495384615424,Projected
Mongolia,MNG,Asia,Asia,26.642307692307682,25.672824432927154,27.61179095168821,2050,1096.9771794871795,41.30641025641023,164.15999999999985,Projected
Northern Mariana Islands,MNP,Oceania,Oceania,14.923907692307665,14.151380251170181,15.69643513344515,2026,708.981384615382,112.59430769230767,83.50018461538275,Projected
Northern Mariana Islands,MNP,Oceania,Oceania,14.96516581196579,14.186306072759372,15.744025551172207,2027,712.1210598290572,113.62211965811957,86.63370256410053,Projected
Northern Mariana Islands,MNP,Oceania,Oceania,15.0064239316239,14.220836226340797,15.792011636907002,2028,715.2607350427324,114.64993162393148,89.76722051281922,Projected
Northern Mariana Islands,MNP,Oceania,Oceania,15.047682051282024,14.254980786418473,15.840383316145575,2029,718.4004102564077,115.67774358974339,92.900738461537,Projected
Northern Mariana Islands,MNP,Oceania,Oceania,15.088940170940148,14.288750036516092,15.889130305364205,2030,721.5400854700829,116.70555555555529,96.03425641025478,Projected
Northern Mariana Islands,MNP,Oceania,Oceania,15.130198290598258,14.322154411571923,15.938242169624594,2031,724.6797606837581,117.7333675213672,99.16777435897257,Projected
Northern Mariana Islands,MNP,Oceania,Oceania,15.171456410256383,14.355204443690125,15.98770837682264,2032,727.8194358974333,118.76117948717956,102.30129230769126,Projected
Northern Mariana Islands,MNP,Oceania,Oceania,15.212714529914507,14.387910711601537,16.03751834822748,2033,730.9591111111095,119.78899145299147,105.43481025640904,Projected
Northern Mariana Islands,MNP,Oceania,Oceania,15.253972649572617,14.420283794079724,16.087661505065512,2034,734.0987863247847,120.81680341880337,108.56832820512682,Projected
Northern Mariana Islands,MNP,Oceania,Oceania,15.295230769230741,14.452334227458582,16.1381273110029,2035,737.2384615384599,121.84461538461528,111.7018461538446,Projected
Northern Mariana Islands,MNP,Oceania,Oceania,15.336488888888866,14.484072467309076,16.188905310468655,2036,740.3781367521351,122.87242735042719,114.83536410256238,Projected
Northern Mariana Islands,MNP,Oceania,Oceania,15.377747008546976,14.515508854255865,16.23998516283809,2037,743.5178119658103,123.9002393162391,117.96888205128107,Projected
Northern Mariana Islands,MNP,Oceania,Oceania,15.4190051282051,14.546653583848805,16.291356672561395,2038,746.6574871794855,124.928051282051,121.10239999999885,Projected
Northern Mariana Islands,MNP,Oceania,Oceania,15.460263247863224,14.577516680350612,16.343009815375837,2039,749.7971623931608,125.95586324786336,124.23591794871663,Projected
Northern Mariana Islands,MNP,Oceania,Oceania,15.501521367521349,14.608107974259974,16.394934760782725,2040,752.936837606836,126.98367521367527,127.36943589743441,Projected
Northern Mariana Islands,MNP,Oceania,Oceania,15.542779487179459,14.638437083357031,16.447121891001885,2041,756.0765128205112,128.01148717948718,130.5029538461522,Projected
Northern Mariana Islands,MNP,Oceania,Oceania,15.584037606837583,14.66851339703597,16.499561816639197,2042,759.2161880341864,129.03929914529908,133.63647179487089,Projected
Northern Mariana Islands,MNP,Oceania,Oceania,15.625295726495708,14.698346063674993,16.552245389316422,2043,762.3558632478616,130.067111111111,136.76998974358867,Projected
Northern Mariana Islands,MNP,Oceania,Oceania,15.666553846153818,14.727943980787481,16.605163711520152,2044,765.4955384615369,131.0949230769229,139.90350769230645,Projected
Northern Mariana Islands,MNP,Oceania,Oceania,15.707811965811942,14.757315787696736,16.658308143927147,2045,768.6352136752121,132.12273504273526,143.03702564102423,Projected
Northern Mariana Islands,MNP,Oceania,Oceania,15.749070085470066,14.78646986048088,16.711670310459255,2046,771.7748888888873,133.15054700854716,146.17054358974292,Projected
Northern Mariana Islands,MNP,Oceania,Oceania,15.790328205128176,14.815414308942536,16.765242101313817,2047,774.9145641025625,134.17835897435907,149.3040615384607,Projected
Northern Mariana Islands,MNP,Oceania,Oceania,15.8315863247863,14.84415697536857,16.81901567420403,2048,778.0542393162377,135.20617094017098,152.43757948717848,Projected
Northern Mariana Islands,MNP,Oceania,Oceania,15.872844444444425,14.872705434858156,16.872983454030692,2049,781.193914529913,136.23398290598288,155.57109743589626,Projected
Northern Mariana Islands,MNP,Oceania,Oceania,15.914102564102535,14.901066997012272,16.927138131192798,2050,784.3335897435882,137.2617948717948,158.70461538461404,Projected
Mozambique,MOZ,Africa,Africa,24.458184615384596,23.566816080488863,25.34955315028033,2026,956.1516307692306,76.49356923076903,90.17836923076811,Projected
Mozambique,MOZ,Africa,Africa,24.495258119658104,23.596583163072136,25.39393307624407,2027,956.220099145299,77.10816410256393,93.40331965811856,Projected
Mozambique,MOZ,Africa,Africa,24.53233162393161,23.62589371040036,25.438769537462864,2028,956.2885675213673,77.72275897435861,96.62827008546901,Projected
Mozambique,MOZ,Africa,Africa,24.56940512820512,23.654759346780164,25.484050909630074,2029,956.3570358974357,78.33735384615352,99.85322051281946,Projected
Mozambique,MOZ,Africa,Africa,24.606478632478613,23.683191937692257,25.52976532726497,2030,956.4255042735041,78.95194871794843,103.07817094016991,Projected
Mozambique,MOZ,Africa,Africa,24.64355213675212,23.7112035233247,25.575900750179542,2031,956.4939726495725,79.56654358974333,106.30312136752036,Projected
Mozambique,MOZ,Africa,Africa,24.680625641025628,23.738806255978776,25.62244502607248,2032,956.5624410256409,80.18113846153824,109.52807179487081,Projected
Mozambique,MOZ,Africa,Africa,24.717699145299136,23.766012341755292,25.66938594884298,2033,956.6309094017092,80.79573333333315,112.75302222222126,Projected
Mozambique,MOZ,Africa,Africa,24.754772649572644,23.792833986804354,25.716711312340934,2034,956.6993777777776,81.41032820512805,115.97797264957171,Projected
Mozambique,MOZ,Africa,Africa,24.79184615384615,23.819283348307682,25.76440895938462,2035,956.767846153846,82.02492307692296,119.20292307692216,Projected
Mozambique,MOZ,Africa,Africa,24.828919658119645,23.84537249025999,25.8124668259793,2036,956.8363145299144,82.63951794871764,122.42787350427261,Projected
Mozambique,MOZ,Africa,Africa,24.865993162393153,23.87111334402708,25.860872980759225,2037,956.9047829059828,83.25411282051255,125.65282393162306,Projected
Mozambique,MOZ,Africa,Africa,24.90306666666666,23.896517673582395,25.909615659750926,2038,956.9732512820511,83.86870769230745,128.8777743589735,Projected
Mozambique,MOZ,Africa,Africa,24.940140170940168,23.92159704526249,25.958683296617846,2039,957.0417196581195,84.48330256410236,132.10272478632396,Projected
Mozambique,MOZ,Africa,Africa,24.977213675213676,23.94636280183235,26.008064548595,2040,957.1101880341879,85.09789743589727,135.3276752136744,Projected
Mozambique,MOZ,Africa,Africa,25.01428717948717,23.970826040615055,26.057748318359284,2041,957.1786564102563,85.71249230769217,138.55262564102486,Projected
Mozambique,MOZ,Africa,Africa,25.051360683760677,23.994997595414144,26.10772377210721,2042,957.2471247863247,86.32708717948708,141.7775760683753,Projected
Mozambique,MOZ,Africa,Africa,25.088434188034185,24.01888802194072,26.15798035412765,2043,957.315593162393,86.94168205128199,145.00252649572576,Projected
Mozambique,MOZ,Africa,Africa,25.125507692307693,24.042507586449478,26.208507798165908,2044,957.3840615384614,87.55627692307667,148.2274769230762,Projected
Mozambique,MOZ,Africa,Africa,25.1625811965812,24.065866257286558,26.259296135875843,2045,957.4525299145298,88.17087179487157,151.45242735042666,Projected
Mozambique,MOZ,Africa,Africa,25.199654700854694,24.08897369905684,26.310335702652548,2046,957.5209982905981,88.78546666666648,154.6773777777771,Projected
Mozambique,MOZ,Africa,Africa,25.236728205128202,24.111839269127508,26.361617141128896,2047,957.5894666666666,89.40006153846139,157.90232820512756,Projected
Mozambique,MOZ,Africa,Africa,25.27380170940171,24.13447201619682,26.4131314026066,2048,957.6579350427348,90.0146564102563,161.127278632478,Projected
Mozambique,MOZ,Africa,Africa,25.310875213675217,24.15688068067283,26.464869746677604,2049,957.7264034188033,90.6292512820512,164.35222905982846,Projected
Mozambique,MOZ,Africa,Africa,25.347948717948725,24.179073696622705,26.516823739274745,2050,957.7948717948716,91.2438461538461,167.5771794871789,Projected
Mauritania,MRT,Africa,Africa,24.396738461538455,23.613793643108504,25.179683279968405,2026,1004.1290461538465,6.9792923076921625,87.22910769230566,Projected
Mauritania,MRT,Africa,Africa,24.42988717948716,23.64052467322139,25.21924968575293,2027,1002.5916820512821,7.184396581196438,90.43718974358762,Projected
Mauritania,MRT,Africa,Africa,24.46303589743588,23.666854699822967,25.259217095048793,2028,1001.0543179487181,7.389500854700714,93.64527179486959,Projected
Mauritania,MRT,Africa,Africa,24.4961846153846,23.692793933269876,25.299575297499324,2029,999.5169538461541,7.594605128204989,96.85335384615155,Projected
Mauritania,MRT,Africa,Africa,24.52933333333332,23.71835279575707,25.34031387090957,2030,997.9795897435897,7.799709401709265,100.06143589743442,Projected
Mauritania,MRT,Africa,Africa,24.56248205128204,23.74354186293588,25.381422239628197,2031,996.4422256410257,8.00481367521354,103.26951794871638,Projected
Mauritania,MRT,Africa,Africa,24.59563076923076,23.768371808933743,25.422889729527775,2032,994.9048615384618,8.209917948717816,106.47759999999835,Projected
Mauritania,MRT,Africa,Africa,24.62877948717948,23.792853355133573,25.464705619225384,2033,993.3674974358973,8.415022222222092,109.68568205128031,Projected
Mauritania,MRT,Africa,Africa,24.6619282051282,23.816997222961582,25.506859187294815,2034,991.8301333333334,8.620126495726367,112.89376410256227,Projected
Mauritania,MRT,Africa,Africa,24.69507692307692,23.840814090831987,25.54933975532185,2035,990.2927692307694,8.825230769230643,116.10184615384424,Projected
Mauritania,MRT,Africa,Africa,24.728225641025624,23.864314555307022,25.592136726744226,2036,988.755405128205,9.030335042734919,119.3099282051262,Projected
Mauritania,MRT,Africa,Africa,24.761374358974344,23.887509096452636,25.63523962149605,2037,987.218041025641,9.235439316239194,122.51801025640907,Projected
Mauritania,MRT,Africa,Africa,24.794523076923063,23.910408047303584,25.678638106542543,2038,985.680676923077,9.44054358974347,125.72609230769103,Projected
Mauritania,MRT,Africa,Africa,24.827671794871783,23.933021567297764,25.722322022445802,2039,984.1433128205126,9.645647863247746,128.934174358973,Projected
Mauritania,MRT,Africa,Africa,24.860820512820503,23.95535961949616,25.766281406144845,2040,982.6059487179486,9.850752136752021,132.14225641025496,Projected
Mauritania,MRT,Africa,Africa,24.893969230769223,23.97743195137277,25.810506510165677,2041,981.0685846153842,10.055856410256297,135.35033846153692,Projected
Mauritania,MRT,Africa,Africa,24.927117948717942,23.999248078935825,25.85498781850006,2042,979.5312205128203,10.260960683760572,138.55842051281888,Projected
Mauritania,MRT,Africa,Africa,24.960266666666662,24.020817273927605,25.89971605940572,2043,977.9938564102563,10.466064957264848,141.76650256410085,Projected
Mauritania,MRT,Africa,Africa,24.993415384615368,24.042148553842658,25.944682215388077,2044,976.4564923076919,10.671169230769124,144.9745846153828,Projected
Mauritania,MRT,Africa,Africa,25.026564102564087,24.063250674503827,25.989877530624348,2045,974.9191282051279,10.8762735042734,148.18266666666568,Projected
Mauritania,MRT,Africa,Africa,25.059712820512807,24.084132124938964,26.03529351608665,2046,973.3817641025639,11.081377777777675,151.39074871794764,Projected
Mauritania,MRT,Africa,Africa,25.092861538461527,24.104801124309766,26.080921952613288,2047,971.8443999999995,11.28648205128195,154.5988307692296,Projected
Mauritania,MRT,Africa,Africa,25.126010256410247,24.125265620654734,26.12675489216576,2048,970.3070358974355,11.491586324786226,157.80691282051157,Projected
Mauritania,MRT,Africa,Africa,25.159158974358967,24.145533291221746,26.172784657496187,2049,968.7696717948716,11.696690598290502,161.01499487179353,Projected
Mauritania,MRT,Africa,Africa,25.192307692307686,24.16561154418029,26.219003840435082,2050,967.2323076923071,11.901794871794777,164.2230769230755,Projected
Montserrat,MSR,North America,Americas,15.294953846153831,14.428584874196545,16.161322818111117,2026,1432.7299384615383,30.834861538461382,88.35950769230658,Projected
Montserrat,MSR,North America,Americas,15.32144615384614,14.447975678076858,16.19491662961542,2027,1432.792099145299,31.072543589743418,91.53628034187841,Projected
Montserrat,MSR,North America,Americas,15.347938461538448,14.466922750813321,16.228954172263574,2028,1432.8542598290599,31.31022564102551,94.71305299145115,Projected
Montserrat,MSR,North America,Americas,15.374430769230756,14.485437390694122,16.26342414776739,2029,1432.9164205128204,31.547907692307547,97.88982564102389,Projected
Montserrat,MSR,North America,Americas,15.400923076923064,14.5035311304175,16.29831502342863,2030,1432.9785811965812,31.785589743589583,101.06659829059663,Projected
Montserrat,MSR,North America,Americas,15.427415384615372,14.521215672489115,16.333615096741628,2031,1433.040741880342,32.02327179487162,104.24337094016937,Projected
Montserrat,MSR,North America,Americas,15.45390769230768,14.538502828383542,16.36931255623182,2032,1433.1029025641026,32.26095384615371,107.42014358974211,Projected
Montserrat,MSR,North America,Americas,15.480399999999989,14.555404461865987,16.40539553813399,2033,1433.1650632478634,32.49863589743575,110.59691623931485,Projected
Montserrat,MSR,North America,Americas,15.506892307692297,14.571932436749563,16.44185217863503,2034,1433.227223931624,32.73631794871778,113.77368888888759,Projected
Montserrat,MSR,North America,Americas,15.533384615384605,14.588098569252384,16.478670661516826,2035,1433.2893846153847,32.973999999999876,116.95046153846033,Projected
Montserrat,MSR,North America,Americas,15.559876923076907,14.603914585019119,16.515839261134694,2036,1433.3515452991455,33.21168205128191,120.12723418803307,Projected
Montserrat,MSR,North America,Americas,15.586369230769215,14.619392080785241,16.55334638075319,2037,1433.413705982906,33.44936410256395,123.30400683760581,Projected
Montserrat,MSR,North America,Americas,15.612861538461523,14.634542490588622,16.591180586334424,2038,1433.475866666667,33.687046153845984,126.48077948717855,Projected
Montserrat,MSR,North America,Americas,15.639353846153831,14.649377056373213,16.62933063593445,2039,1433.5380273504275,33.924728205128076,129.6575521367513,Projected
Montserrat,MSR,North America,Americas,15.66584615384614,14.663906802781748,16.667785504910533,2040,1433.6001880341882,34.16241025641011,132.83432478632403,Projected
Montserrat,MSR,North America,Americas,15.692338461538448,14.678142515898791,16.706534407178104,2041,1433.662348717949,34.40009230769215,136.01109743589586,Projected
Montserrat,MSR,North America,Americas,15.718830769230756,14.692094725680079,16.745566812781433,2042,1433.7245094017096,34.637774358974184,139.1878700854686,Projected
Montserrat,MSR,North America,Americas,15.745323076923064,14.705773691788393,16.784872462057734,2043,1433.7866700854704,34.87545641025628,142.36464273504134,Projected
Montserrat,MSR,North America,Americas,15.771815384615373,14.719189392548278,16.824441376682465,2044,1433.8488307692312,35.11313846153831,145.54141538461408,Projected
Montserrat,MSR,North America,Americas,15.79830769230768,14.73235151673094,16.86426386788442,2045,1433.9109914529918,35.35082051282035,148.71818803418682,Projected
Montserrat,MSR,North America,Americas,15.824799999999989,14.745269457885158,16.90433054211482,2046,1433.9731521367526,35.588502564102384,151.89496068375956,Projected
Montserrat,MSR,North America,Americas,15.851292307692297,14.757952310938826,16.94463230444577,2047,1434.0353128205131,35.82618461538448,155.0717333333323,Projected
Montserrat,MSR,North America,Americas,15.877784615384606,14.770408870807989,16.985160359961224,2048,1434.097473504274,36.06386666666651,158.24850598290504,Projected
Montserrat,MSR,North America,Americas,15.904276923076914,14.78264763276485,17.02590621338898,2049,1434.1596341880347,36.30154871794855,161.42527863247778,Projected
Montserrat,MSR,North America,Americas,15.930769230769222,14.794676794332442,17.066861667206002,2050,1434.2217948717953,36.53923076923064,164.60205128205052,Projected
Malawi,MWI,Africa,Africa,25.74732307692307,24.903419407889206,26.591226745956934,2026,886.9996615384644,17.007261538461364,84.3940923076907,Projected
Malawi,MWI,Africa,Africa,25.769859829059822,24.91903880112163,26.620680856998014,2027,885.1340239316264,17.249822222222065,87.53929572649395,Projected
Malawi,MWI,Africa,Africa,25.792396581196574,24.934225969340833,26.650567193052314,2028,883.2683863247889,17.492382905982765,90.6844991452981,Projected
Malawi,MWI,Africa,Africa,25.814933333333325,24.94899191786575,26.6808747488009,2029,881.4027487179515,17.73494358974341,93.82970256410135,Projected
Malawi,MWI,Africa,Africa,25.837470085470077,24.96334788034703,26.711592290593124,2030,879.537111111114,17.97750427350411,96.9749059829046,Projected
Malawi,MWI,Africa,Africa,25.860006837606836,24.977305255839564,26.742708419374107,2031,877.6714735042765,18.22006495726481,100.12010940170785,Projected
Malawi,MWI,Africa,Africa,25.882543589743587,24.990875549541528,26.774211629945647,2032,875.805835897439,18.462625641025454,103.2653128205111,Projected
Malawi,MWI,Africa,Africa,25.90508034188034,25.004070317585832,26.806090366174846,2033,873.9401982906015,18.705186324786155,106.41051623931526,Projected
Malawi,MWI,Africa,Africa,25.92761709401709,25.016901116152056,26.838333071882126,2034,872.074560683764,18.947747008546855,109.5557196581185,Projected
Malawi,MWI,Africa,Africa,25.950153846153842,25.029379455058926,26.87092823724876,2035,870.2089230769266,19.1903076923075,112.70092307692175,Projected
Malawi,MWI,Africa,Africa,25.972690598290594,25.04151675590034,26.90386444068085,2036,868.3432854700891,19.4328683760682,115.846126495725,Projected
Malawi,MWI,Africa,Africa,25.995227350427346,25.053324314703648,26.937130386151043,2037,866.4776478632516,19.6754290598289,118.99132991452916,Projected
Malawi,MWI,Africa,Africa,26.017764102564097,25.064813269017435,26.97071493611076,2038,864.6120102564141,19.917989743589544,122.13653333333241,Projected
Malawi,MWI,Africa,Africa,26.04030085470085,25.075994569277434,27.004607140124264,2039,862.7463726495766,20.160550427350245,125.28173675213566,Projected
Malawi,MWI,Africa,Africa,26.0628376068376,25.086878954252867,27.038796259422334,2040,860.8807350427392,20.403111111110945,128.4269401709389,Projected
Malawi,MWI,Africa,Africa,26.085374358974352,25.097476930340704,27.073271787608,2041,859.0150974359017,20.64567179487159,131.57214358974215,Projected
Malawi,MWI,Africa,Africa,26.107911111111104,25.107798754450606,27.108023467771602,2042,857.1494598290642,20.88823247863229,134.7173470085463,Projected
Malawi,MWI,Africa,Africa,26.130447863247863,25.117854420208097,27.14304130628763,2043,855.2838222222267,21.13079316239299,137.86255042734956,Projected
Malawi,MWI,Africa,Africa,26.152984615384614,25.127653647195658,27.17831558357357,2044,853.4181846153892,21.373353846153634,141.0077538461528,Projected
Malawi,MWI,Africa,Africa,26.175521367521366,25.137205872950688,27.213836862092045,2045,851.5525470085518,21.615914529914335,144.15295726495606,Projected
Malawi,MWI,Africa,Africa,26.198058119658118,25.14652024744339,27.249595991872845,2046,849.6869094017143,21.858475213675035,147.29816068376022,Projected
Malawi,MWI,Africa,Africa,26.22059487179487,25.155605629766452,27.285584113823287,2047,847.8212717948768,22.10103589743568,150.44336410256346,Projected
Malawi,MWI,Africa,Africa,26.24313162393162,25.16447058678013,27.321792661083112,2048,845.9556341880393,22.34359658119638,153.5885675213667,Projected
Malawi,MWI,Africa,Africa,26.265668376068373,25.17312339347074,27.358213358666006,2049,844.0899965812018,22.58615726495708,156.73377094016996,Projected
Malawi,MWI,Africa,Africa,26.288205128205124,25.181572034796176,27.394838221614073,2050,842.2243589743643,22.828717948717724,159.8789743589732,Projected
Malaysia,MYS,Asia,Asia,20.33966153846152,19.517888105545058,21.161434971377982,2026,959.5831384615383,25.194646153846065,84.97215384615174,Projected
Malaysia,MYS,Asia,Asia,20.36957948717947,19.541070093771175,21.19808888058777,2027,959.7795247863246,25.516471794871677,88.12960683760502,Projected
Malaysia,MYS,Asia,Asia,20.399497435897423,19.563831191502395,21.23516368029245,2028,959.9759111111109,25.83829743589729,91.28705982905831,Projected
Malaysia,MYS,Asia,Asia,20.429415384615368,19.586182115457994,21.27264865377274,2029,960.1722974358972,26.160123076923014,94.44451282051068,Projected
Malaysia,MYS,Asia,Asia,20.45933333333332,19.60813380470128,21.31053286196536,2030,960.3686837606836,26.481948717948626,97.60196581196396,Projected
Malaysia,MYS,Asia,Asia,20.489251282051264,19.629697359362282,21.348805204740245,2031,960.5650700854698,26.803774358974238,100.75941880341725,Projected
Malaysia,MYS,Asia,Asia,20.519169230769215,19.65088398293089,21.38745447860754,2032,960.7614564102561,27.125599999999963,103.91687179487053,Projected
Malaysia,MYS,Asia,Asia,20.549087179487167,19.671704928495995,21.42646943047834,2033,960.9578427350424,27.447425641025575,107.0743247863229,Projected
Malaysia,MYS,Asia,Asia,20.57900512820511,19.69217144919193,21.46583880721829,2034,961.1542290598286,27.769251282051187,110.23177777777619,Projected
Malaysia,MYS,Asia,Asia,20.608923076923062,19.712294753007967,21.505551400838158,2035,961.3506153846149,28.0910769230768,113.38923076922947,Projected
Malaysia,MYS,Asia,Asia,20.638841025641014,19.732085962022083,21.545596089259945,2036,961.5470017094012,28.412902564102524,116.54668376068184,Projected
Malaysia,MYS,Asia,Asia,20.66875897435896,19.751556076038533,21.585961872679384,2037,961.7433880341875,28.734728205128135,119.70413675213513,Projected
Malaysia,MYS,Asia,Asia,20.69867692307691,19.770715940538725,21.626637905615095,2038,961.9397743589739,29.056553846153747,122.86158974358841,Projected
Malaysia,MYS,Asia,Asia,20.728594871794854,19.789576218797954,21.667613524791754,2039,962.1361606837602,29.37837948717936,126.0190427350417,Projected
Malaysia,MYS,Asia,Asia,20.758512820512806,19.808147367975714,21.708878273049898,2040,962.3325470085465,29.700205128205084,129.17649572649407,Projected
Malaysia,MYS,Asia,Asia,20.788430769230757,19.826439618952868,21.750421919508646,2041,962.5289333333328,30.022030769230696,132.33394871794735,Projected
Malaysia,MYS,Asia,Asia,20.8183487179487,19.844462959665442,21.79223447623196,2042,962.7253196581191,30.343856410256308,135.49140170940063,Projected
Malaysia,MYS,Asia,Asia,20.848266666666653,19.86222712166961,21.834306211663698,2043,962.9217059829055,30.665682051282033,138.648854700853,Projected
Malaysia,MYS,Asia,Asia,20.878184615384605,19.87974156966491,21.8766276611043,2044,963.1180923076917,30.987507692307645,141.8063076923063,Projected
Malaysia,MYS,Asia,Asia,20.90810256410255,19.89701549370203,21.91918963450307,2045,963.314478632478,31.309333333333257,144.96376068375957,Projected
Malaysia,MYS,Asia,Asia,20.9380205128205,19.914057803805555,21.961983221835446,2046,963.5108649572643,31.63115897435887,148.12121367521286,Projected
Malaysia,MYS,Asia,Asia,20.967938461538445,19.930877126750392,22.004999796326498,2047,963.7072512820505,31.952984615384594,151.27866666666523,Projected
Malaysia,MYS,Asia,Asia,20.997856410256396,19.947481804742456,22.048231015770337,2048,963.9036376068368,32.274810256410206,154.4361196581185,Projected
Malaysia,MYS,Asia,Asia,21.027774358974348,19.96387989576769,22.091668822181006,2049,964.1000239316231,32.59663589743582,157.5935726495718,Projected
Malaysia,MYS,Asia,Asia,21.057692307692292,19.98007917538922,22.135305439995363,2050,964.2964102564094,32.91846153846154,160.75102564102417,Projected
Namibia,NAM,Africa,Africa,27.054707692307673,26.347175540744484,27.762239843870862,2026,711.6876615384626,18.705538461538367,85.43698461538315,Projected
Namibia,NAM,Africa,Africa,27.10377435897435,26.390442666529538,27.81710605141916,2027,709.6936991453003,18.984495726495652,88.65772991452832,Projected
Namibia,NAM,Africa,Africa,27.15284102564101,26.433347413165407,27.872334638116612,2028,707.699736752138,19.263452991452937,91.87847521367348,Projected
Namibia,NAM,Africa,Africa,27.20190769230767,26.475899007554744,27.927916377060598,2029,705.7057743589758,19.54241025641022,95.09922051281956,Projected
Namibia,NAM,Africa,Africa,27.250974358974347,26.518106868034394,27.9838418499143,2030,703.711811965813,19.821367521367506,98.31996581196472,Projected
Namibia,NAM,Africa,Africa,27.300041025641008,26.559980551616732,28.040101499665283,2031,701.7178495726507,20.10032478632479,101.54071111110989,Projected
Namibia,NAM,Africa,Africa,27.349107692307683,26.601529704305147,28.09668568031022,2032,699.7238871794884,20.379282051282075,104.76145641025505,Projected
Namibia,NAM,Africa,Africa,27.398174358974344,26.64276401480684,28.15358470314185,2033,697.7299247863261,20.65823931623936,107.98220170940021,Projected
Namibia,NAM,Africa,Africa,27.447241025641006,26.68369317186818,28.210788879413833,2034,695.7359623931638,20.93719658119653,111.20294700854538,Projected
Namibia,NAM,Africa,Africa,27.49630769230768,26.724326825366425,28.268288559248937,2035,693.7420000000016,21.216153846153816,114.42369230769145,Projected
Namibia,NAM,Africa,Africa,27.545374358974342,26.76467455121074,28.326074166737946,2036,691.7480376068388,21.4951111111111,117.64443760683662,Projected
Namibia,NAM,Africa,Africa,27.594441025641018,26.804745820034864,28.384136231247172,2037,689.7540752136765,21.774068376068385,120.86518290598178,Projected
Namibia,NAM,Africa,Africa,27.64350769230768,26.844549969603257,28.4424654150121,2038,687.7601128205142,22.05302564102567,124.08592820512695,Projected
Namibia,NAM,Africa,Africa,27.69257435897434,26.884096180804274,28.501052537144407,2039,685.7661504273519,22.331982905982954,127.30667350427211,Projected
Namibia,NAM,Africa,Africa,27.741641025641016,26.923393457064233,28.5598885942178,2040,683.7721880341896,22.61094017094024,130.5274188034182,Projected
Namibia,NAM,Africa,Africa,27.790707692307677,26.962450606987602,28.618964777627752,2041,681.7782256410269,22.889897435897524,133.74816410256335,Projected
Namibia,NAM,Africa,Africa,27.839774358974353,27.001276230007768,28.678272487940937,2042,679.7842632478646,23.16885470085481,136.96890940170852,Projected
Namibia,NAM,Africa,Africa,27.888841025641014,27.039878704819593,28.737803346462435,2043,677.7903008547023,23.447811965812093,140.18965470085368,Projected
Namibia,NAM,Africa,Africa,27.937907692307675,27.078266180359247,28.797549204256104,2044,675.79633846154,23.726769230769264,143.41039999999884,Projected
Namibia,NAM,Africa,Africa,27.98697435897435,27.11644656909516,28.85750214885354,2045,673.8023760683777,24.00572649572655,146.631145299144,Projected
Namibia,NAM,Africa,Africa,28.036041025641012,27.154427542398285,28.91765450888374,2046,671.808413675215,24.284683760683833,149.85189059829008,Projected
Namibia,NAM,Africa,Africa,28.085107692307687,27.192216527766753,28.97799885684862,2047,669.8144512820527,24.563641025641118,153.07263589743525,Projected
Namibia,NAM,Africa,Africa,28.13417435897435,27.229820707689832,29.038528010258865,2048,667.8204888888904,24.842598290598403,156.2933811965804,Projected
Namibia,NAM,Africa,Africa,28.18324102564101,27.267247019948577,29.099235031333443,2049,665.8265264957281,25.121555555555688,159.51412649572558,Projected
Namibia,NAM,Africa,Africa,28.232307692307685,27.30450215916307,29.1601132254523,2050,663.8325641025658,25.400512820512972,162.73487179487074,Projected
New Caledonia,NCL,Oceania,Oceania,17.837661538461518,17.19910475729439,18.476218319628646,2026,1289.4722461538422,2.051692307692292,88.76332307692155,Projected
New Caledonia,NCL,Oceania,Oceania,17.88275897435895,17.238968033656548,18.526549915061352,2027,1293.5686803418776,2.091333333333324,91.91476581196457,Projected
New Caledonia,NCL,Oceania,Oceania,17.927856410256396,17.278504258219673,18.57720856229312,2028,1297.665114529911,2.130974358974342,95.06620854700759,Projected
New Caledonia,NCL,Oceania,Oceania,17.97295384615383,17.317721758380916,18.62818593392674,2029,1301.7615487179446,2.170615384615374,98.2176512820497,Projected
New Caledonia,NCL,Oceania,Oceania,18.01805128205126,17.35662903430928,18.679473529793242,2030,1305.85798290598,2.210256410256406,101.36909401709272,Projected
New Caledonia,NCL,Oceania,Oceania,18.063148717948692,17.395234711330215,18.73106272456717,2031,1309.9544170940135,2.2498974358974237,104.52053675213574,Projected
New Caledonia,NCL,Oceania,Oceania,18.10824615384614,17.43354749508467,18.782944812607607,2032,1314.050851282047,2.2895384615384557,107.67197948717785,Projected
New Caledonia,NCL,Oceania,Oceania,18.15334358974357,17.471576129754332,18.83511104973281,2033,1318.1472854700824,2.3291794871794878,110.82342222222087,Projected
New Caledonia,NCL,Oceania,Oceania,18.198441025641003,17.50932935955624,18.887552691725766,2034,1322.2437196581159,2.3688205128205055,113.97486495726389,Projected
New Caledonia,NCL,Oceania,Oceania,18.243538461538435,17.54681589362755,18.94026102944932,2035,1326.3401538461512,2.4084615384615375,117.12630769230691,Projected
New Caledonia,NCL,Oceania,Oceania,18.28863589743588,17.584044374348323,18.99322742052344,2036,1330.4365880341848,2.4481025641025553,120.27775042734902,Projected
New Caledonia,NCL,Oceania,Oceania,18.333733333333313,17.621023349086123,19.046443317580504,2037,1334.5330222222183,2.4877435897435873,123.42919316239204,Projected
New Caledonia,NCL,Oceania,Oceania,18.378830769230746,17.65776124529238,19.09990029316911,2038,1338.6294564102536,2.5273846153846193,126.58063589743506,Projected
New Caledonia,NCL,Oceania,Oceania,18.423928205128192,17.694266348835804,19.15359006142058,2039,1342.7258905982872,2.567025641025637,129.73207863247808,Projected
New Caledonia,NCL,Oceania,Oceania,18.469025641025624,17.730546785423318,19.20750449662793,2040,1346.8223247863207,2.606666666666669,132.8835213675202,Projected
New Caledonia,NCL,Oceania,Oceania,18.514123076923056,17.76661050493272,19.26163564891339,2041,1350.918758974356,2.646307692307701,136.0349641025632,Projected
New Caledonia,NCL,Oceania,Oceania,18.559220512820488,17.802465268462175,19.3159757571788,2042,1355.0151931623896,2.685948717948719,139.18640683760623,Projected
New Caledonia,NCL,Oceania,Oceania,18.604317948717934,17.83811863789059,19.370517259545277,2043,1359.111627350423,2.725589743589751,142.33784957264834,Projected
New Caledonia,NCL,Oceania,Oceania,18.649415384615367,17.873577967736637,19.425252801494096,2044,1363.2080615384584,2.7652307692307687,145.48929230769136,Projected
New Caledonia,NCL,Oceania,Oceania,18.6945128205128,17.90885039910389,19.480175241921707,2045,1367.304495726492,2.8048717948718007,148.64073504273438,Projected
New Caledonia,NCL,Oceania,Oceania,18.73961025641023,17.943942855502385,19.535277657318076,2046,1371.4009299145255,2.8445128205128327,151.7921777777774,Projected
New Caledonia,NCL,Oceania,Oceania,18.784707692307677,17.97886204034382,19.590553344271534,2047,1375.4973641025608,2.8841538461538505,154.9436205128195,Projected
New Caledonia,NCL,Oceania,Oceania,18.82980512820511,18.013614435916256,19.64599582049396,2048,1379.5937982905943,2.9237948717948825,158.09506324786253,Projected
New Caledonia,NCL,Oceania,Oceania,18.87490256410254,18.04820630365549,19.701598824549592,2049,1383.6902324786279,2.9634358974359145,161.24650598290555,Projected
New Caledonia,NCL,Oceania,Oceania,18.919999999999987,18.08264368554144,19.757356314458534,2050,1387.7866666666632,3.0030769230769323,164.39794871794766,Projected
Niger,NER,Africa,Africa,29.395107692307683,28.764977666074433,30.025237718540932,2026,1062.5600923076934,8.271969230769166,87.61919999999827,Projected
Niger,NER,Africa,Africa,29.42602735042734,28.790732237576044,30.061322463278636,2027,1062.153347008548,8.305562393162326,90.81660512820326,Projected
Niger,NER,Africa,Africa,29.456947008546997,28.816164073238344,30.09772994385565,2028,1061.746601709403,8.339155555555486,94.01401025640826,Projected
Niger,NER,Africa,Africa,29.487866666666655,28.841281390565502,30.134451942767807,2029,1061.3398564102577,8.372748717948646,97.21141538461416,Projected
Niger,NER,Africa,Africa,29.518786324786312,28.86609257755348,30.171480072019143,2030,1060.9331111111123,8.406341880341806,100.40882051281915,Projected
Niger,NER,Africa,Africa,29.54970598290597,28.89060614570308,30.208805820108857,2031,1060.526365811967,8.439935042734966,103.60622564102414,Projected
Niger,NER,Africa,Africa,29.580625641025627,28.914830685770696,30.246420596280558,2032,1060.1196205128217,8.473528205128126,106.80363076922913,Projected
Niger,NER,Africa,Africa,29.611545299145284,28.938774826544893,30.284315771745675,2033,1059.7128752136764,8.507121367521286,110.00103589743412,Projected
Niger,NER,Africa,Africa,29.64246495726495,28.962447196849094,30.322482717680803,2034,1059.306129914531,8.540714529914446,113.19844102563911,Projected
Niger,NER,Africa,Africa,29.673384615384606,28.985856390889758,30.360912839879454,2035,1058.899384615386,8.574307692307606,116.39584615384501,Projected
Niger,NER,Africa,Africa,29.704304273504263,29.009010936997228,30.3995976100113,2036,1058.4926393162407,8.607900854700766,119.59325128205,Projected
Niger,NER,Africa,Africa,29.73522393162392,29.031919269743213,30.43852859350463,2037,1058.0858940170954,8.641494017093926,122.790656410255,Projected
Niger,NER,Africa,Africa,29.766143589743578,29.054589705365743,30.477697474121413,2038,1057.6791487179503,8.675087179487086,125.98806153845999,Projected
Niger,NER,Africa,Africa,29.797063247863235,29.077030420388517,30.517096075337953,2039,1057.272403418805,8.708680341880246,129.18546666666498,Projected
Niger,NER,Africa,Africa,29.827982905982893,29.099249433287085,30.5567163786787,2040,1056.8656581196597,8.742273504273406,132.38287179487088,Projected
Niger,NER,Africa,Africa,29.85890256410255,29.121254589028162,30.59655053917694,2041,1056.4589128205143,8.775866666666566,135.58027692307587,Projected
Niger,NER,Africa,Africa,29.889822222222207,29.14305354629009,30.636590898154324,2042,1056.052167521369,8.809459829059726,138.77768205128086,Projected
Niger,NER,Africa,Africa,29.920741880341865,29.164653767160956,30.676829993522773,2043,1055.6454222222237,8.843052991452886,141.97508717948585,Projected
Niger,NER,Africa,Africa,29.95166153846153,29.186062509105085,30.717260567817974,2044,1055.2386769230784,8.876646153846046,145.17249230769085,Projected
Niger,NER,Africa,Africa,29.982581196581187,29.20728681898801,30.757875574174363,2045,1054.8319316239333,8.910239316239206,148.36989743589584,Projected
Niger,NER,Africa,Africa,30.013500854700844,29.22833352895323,30.79866818044846,2046,1054.425186324788,8.943832478632366,151.56730256410174,Projected
Niger,NER,Africa,Africa,30.0444205128205,29.24920925395043,30.839631771690573,2047,1054.018441025643,8.977425641025526,154.76470769230673,Projected
Niger,NER,Africa,Africa,30.07534017094016,29.26992039072378,30.880759951156538,2048,1053.6116957264976,9.011018803418686,157.96211282051172,Projected
Niger,NER,Africa,Africa,30.106259829059816,29.29047311807963,30.922046540040004,2049,1053.2049504273523,9.044611965811846,161.1595179487167,Projected
Niger,NER,Africa,Africa,30.137179487179473,29.31087339826451,30.96348557609444,2050,1052.798205128207,9.078205128205006,164.3569230769217,Projected
Norfolk Island,NFK,Oceania,Oceania,28.87406153846152,28.217661309446306,29.53046176747673,2026,1759.040246153846,123.96279999999956,85.60846153846069,Projected
Norfolk Island,NFK,Oceania,Oceania,28.924276923076917,28.262496274310504,29.58605757184333,2027,1761.4220307692303,125.00474529914504,88.7564957264949,Projected
Norfolk Island,NFK,Oceania,Oceania,28.9744923076923,28.30699504843625,29.641989566948354,2028,1763.8038153846146,126.04669059829052,91.90452991452912,Projected
Norfolk Island,NFK,Oceania,Oceania,29.024707692307686,28.35116619191653,29.698249192698842,2029,1766.1855999999998,127.08863589743555,95.05256410256334,Projected
Norfolk Island,NFK,Oceania,Oceania,29.07492307692307,28.395018442443963,29.75482771140218,2030,1768.567384615384,128.13058119658103,98.20059829059755,Projected
Norfolk Island,NFK,Oceania,Oceania,29.125138461538455,28.43856066636492,29.81171625671199,2031,1770.9491692307693,129.17252649572606,101.34863247863177,Projected
Norfolk Island,NFK,Oceania,Oceania,29.17535384615384,28.48180181258555,29.868905879722128,2032,1773.3309538461535,130.21447179487154,104.49666666666599,Projected
Norfolk Island,NFK,Oceania,Oceania,29.225569230769224,28.524750869629734,29.926387591908714,2033,1775.7127384615387,131.25641709401702,107.6447008547002,Projected
Norfolk Island,NFK,Oceania,Oceania,29.27578461538461,28.56741682605766,29.98415240471156,2034,1778.094523076923,132.29836239316205,110.79273504273442,Projected
Norfolk Island,NFK,Oceania,Oceania,29.325999999999993,28.609808634369386,30.0421913656306,2035,1780.4763076923073,133.34030769230753,113.94076923076864,Projected
Norfolk Island,NFK,Oceania,Oceania,29.376215384615378,28.651935178442454,30.100495590788302,2036,1782.8580923076925,134.38225299145302,117.08880341880285,Projected
Norfolk Island,NFK,Oceania,Oceania,29.426430769230763,28.693805244486956,30.15905629397457,2037,1785.2398769230767,135.42419829059804,120.23683760683707,Projected
Norfolk Island,NFK,Oceania,Oceania,29.476646153846147,28.735427495445972,30.217864812246322,2038,1787.621661538462,136.46614358974352,123.38487179487129,Projected
Norfolk Island,NFK,Oceania,Oceania,29.52686153846153,28.776810448723545,30.27691262819952,2039,1790.0034461538462,137.50808888888855,126.5329059829055,Projected
Norfolk Island,NFK,Oceania,Oceania,29.577076923076916,28.8179624570865,30.33619138906733,2040,1792.3852307692314,138.55003418803403,129.68094017093972,Projected
Norfolk Island,NFK,Oceania,Oceania,29.6272923076923,28.858891692559247,30.395692922825354,2041,1794.7670153846157,139.59197948717951,132.82897435897394,Projected
Norfolk Island,NFK,Oceania,Oceania,29.677507692307685,28.89960613311142,30.45540925150395,2042,1797.1488,140.63392478632454,135.97700854700815,Projected
Norfolk Island,NFK,Oceania,Oceania,29.72772307692307,28.940113551926526,30.515332601919614,2043,1799.5305846153851,141.67587008547002,139.12504273504237,Projected
Norfolk Island,NFK,Oceania,Oceania,29.777938461538454,28.980421509033523,30.575455414043386,2044,1801.9123692307694,142.7178153846155,142.2730769230766,Projected
Norfolk Island,NFK,Oceania,Oceania,29.82815384615384,29.020537345082687,30.63577034722499,2045,1804.2941538461546,143.75976068376053,145.4211111111108,Projected
Norfolk Island,NFK,Oceania,Oceania,29.878369230769223,29.060468177050474,30.696270284487973,2046,1806.6759384615389,144.80170598290601,148.56914529914502,Projected
Norfolk Island,NFK,Oceania,Oceania,29.928584615384608,29.100220895664677,30.75694833510454,2047,1809.057723076924,145.84365128205104,151.71717948717924,Projected
Norfolk Island,NFK,Oceania,Oceania,29.978799999999993,29.139802164350566,30.81779783564942,2048,1811.4395076923083,146.88559658119652,154.86521367521345,Projected
Norfolk Island,NFK,Oceania,Oceania,30.029015384615377,29.17921841950972,30.878812349721034,2049,1813.8212923076926,147.927541880342,158.01324786324767,Projected
Norfolk Island,NFK,Oceania,Oceania,30.07923076923076,29.21847587195552,30.939985666506004,2050,1816.2030769230778,148.96948717948703,161.1612820512819,Projected
Nigeria,NGA,Africa,Africa,21.11732307692307,20.48712481281194,21.747521341034204,2026,429.11360000000036,26.123261538461293,89.29295384615125,Projected
Nigeria,NGA,Africa,Africa,21.14199658119658,20.506632671131175,21.777360491261984,2027,428.70591794871837,26.478232478632208,92.6472752136724,Projected
Nigeria,NGA,Africa,Africa,21.16667008547008,20.525817758661468,21.807522412278693,2028,428.29823589743626,26.833203418803237,96.00159658119446,Projected
Nigeria,NGA,Africa,Africa,21.19134358974359,20.544688293796888,21.83799888569029,2029,427.89055384615426,27.188174358974152,99.35591794871561,Projected
Nigeria,NGA,Africa,Africa,21.21601709401709,20.56325266544173,21.86878152259245,2030,427.48287179487215,27.543145299145067,102.71023931623677,Projected
Nigeria,NGA,Africa,Africa,21.2406905982906,20.581519386018545,21.89986181056265,2031,427.07518974359016,27.898116239315982,106.06456068375792,Projected
Nigeria,NGA,Africa,Africa,21.2653641025641,20.59949704721401,21.931231157914187,2032,426.66750769230805,28.253087179486897,109.41888205127998,Projected
Nigeria,NGA,Africa,Africa,21.290037606837608,20.61719427875114,21.962880934924076,2033,426.25982564102594,28.608058119657926,112.77320341880113,Projected
Nigeria,NGA,Africa,Africa,21.31471111111111,20.634619710387756,21.99480251183446,2034,425.85214358974395,28.96302905982884,116.12752478632228,Projected
Nigeria,NGA,Africa,Africa,21.339384615384617,20.651781937261035,22.0269872935082,2035,425.44446153846184,29.317999999999756,119.48184615384343,Projected
Nigeria,NGA,Africa,Africa,21.364058119658125,20.668689488624857,22.059426750691394,2036,425.03677948717984,29.67297094017067,122.8361675213655,Projected
Nigeria,NGA,Africa,Africa,21.388731623931626,20.68535079996431,22.09211244789894,2037,424.62909743589773,30.0279418803417,126.19048888888665,Projected
Nigeria,NGA,Africa,Africa,21.413405128205135,20.70177418841802,22.125036067992248,2038,424.22141538461574,30.382912820512615,129.5448102564078,Projected
Nigeria,NGA,Africa,Africa,21.438078632478636,20.717967831395125,22.158189433562146,2039,423.81373333333363,30.73788376068353,132.89913162392986,Projected
Nigeria,NGA,Africa,Africa,21.462752136752144,20.73393974823952,22.191564525264766,2040,423.40605128205164,31.092854700854446,136.253452991451,Projected
Nigeria,NGA,Africa,Africa,21.487425641025645,20.749697784767452,22.225153497283838,2041,422.9983692307695,31.44782564102536,139.60777435897216,Projected
Nigeria,NGA,Africa,Africa,21.512099145299153,20.765249600486655,22.25894869011165,2042,422.5906871794874,31.80279658119639,142.96209572649332,Projected
Nigeria,NGA,Africa,Africa,21.536772649572654,20.780602658293272,22.292942640852036,2043,422.1830051282054,32.157767521367305,146.31641709401538,Projected
Nigeria,NGA,Africa,Africa,21.561446153846163,20.795764216437572,22.327128091254753,2044,421.7753230769233,32.51273846153822,149.67073846153653,Projected
Nigeria,NGA,Africa,Africa,21.586119658119664,20.810741322548193,22.361497993691135,2045,421.3676410256413,32.867709401709135,153.02505982905768,Projected
Nigeria,NGA,Africa,Africa,21.610793162393172,20.825540809508517,22.396045515277827,2046,420.9599589743592,33.222680341880164,156.37938119657883,Projected
Nigeria,NGA,Africa,Africa,21.635466666666673,20.84016929298455,22.430764040348794,2047,420.5522769230772,33.57765128205108,159.7337025641009,Projected
Nigeria,NGA,Africa,Africa,21.66014017094018,20.854633170413198,22.465647171467165,2048,420.1445948717951,33.932622222221994,163.08802393162205,Projected
Nigeria,NGA,Africa,Africa,21.68481367521369,20.868938621269912,22.500688729157467,2049,419.736912820513,34.28759316239291,166.4423452991432,Projected
Nigeria,NGA,Africa,Africa,21.70948717948719,20.883091608446883,22.5358827505275,2050,419.329230769231,34.642564102563824,169.79666666666526,Projected
Nicaragua,NIC,North America,Americas,24.12187692307691,23.108382224545284,25.135371621608538,2026,1329.538646153842,30.40855384615361,90.68092307692132,Projected
Nicaragua,NIC,North America,Americas,24.157429059829056,23.13562688873317,25.17923123092494,2027,1336.4051555555525,30.779415384615163,93.98116239316096,Projected
Nicaragua,NIC,North America,Americas,24.192981196581187,23.162352467893275,25.2236099252691,2028,1343.2716649572612,31.150276923076603,97.28140170939969,Projected
Nicaragua,NIC,North America,Americas,24.22853333333333,23.18857217897539,25.26849448769127,2029,1350.13817435897,31.521138461538158,100.58164102563933,Projected
Nicaragua,NIC,North America,Americas,24.264085470085462,23.21429951314654,25.313871427024385,2030,1357.0046837606806,31.89199999999971,103.88188034187897,Projected
Nicaragua,NIC,North America,Americas,24.299637606837607,23.23954816021771,25.359727053457505,2031,1363.8711931623893,32.262861538461266,107.1821196581177,Projected
Nicaragua,NIC,North America,Americas,24.335189743589737,23.264331937473706,25.406047549705768,2032,1370.7377025641,32.63372307692282,110.48235897435734,Projected
Nicaragua,NIC,North America,Americas,24.370741880341882,23.288664723369966,25.452819037313798,2033,1377.6042119658086,33.004584615384374,113.78259829059698,Projected
Nicaragua,NIC,North America,Americas,24.406294017094012,23.312560396417908,25.500027637770117,2034,1384.4707213675174,33.37544615384593,117.08283760683571,Projected
Nicaragua,NIC,North America,Americas,24.441846153846157,23.336032779451482,25.547659528240832,2035,1391.337230769228,33.74630769230748,120.38307692307535,Projected
Nicaragua,NIC,North America,Americas,24.477398290598288,23.359095589350076,25.5957009918465,2036,1398.2037401709367,34.11716923076892,123.68331623931499,Projected
Nicaragua,NIC,North America,Americas,24.512950427350432,23.381762392192705,25.64413846250816,2037,1405.0702495726473,34.48803076923048,126.98355555555463,Projected
Nicaragua,NIC,North America,Americas,24.548502564102563,23.404046563731647,25.69295856447348,2038,1411.936758974356,34.85889230769203,130.28379487179336,Projected
Nicaragua,NIC,North America,Americas,24.584054700854708,23.42596125500415,25.742148146705265,2039,1418.8032683760648,35.229753846153585,133.584034188033,Projected
Nicaragua,NIC,North America,Americas,24.619606837606838,23.447519362844357,25.79169431236932,2040,1425.6697777777754,35.60061538461514,136.88427350427264,Projected
Nicaragua,NIC,North America,Americas,24.655158974358983,23.468733505016644,25.841584443701322,2041,1432.5362871794841,35.97147692307669,140.18451282051137,Projected
Nicaragua,NIC,North America,Americas,24.690711111111113,23.489615999661005,25.891806222561222,2042,1439.4027965811947,36.34233846153825,143.484752136751,Projected
Nicaragua,NIC,North America,Americas,24.72626324786326,23.510178848723733,25.942347647002784,2043,1446.2693059829035,36.7131999999998,146.78499145299065,Projected
Nicaragua,NIC,North America,Americas,24.76181538461539,23.530433725036296,25.99319704419448,2044,1453.1358153846122,37.08406153846124,150.08523076922938,Projected
Nicaragua,NIC,North America,Americas,24.797367521367534,23.550391962705284,26.044343080029783,2045,1460.0023247863228,37.454923076922796,153.38547008546902,Projected
Nicaragua,NIC,North America,Americas,24.832919658119664,23.57006455048049,26.095774765758836,2046,1466.8688341880315,37.82578461538435,156.68570940170866,Projected
Nicaragua,NIC,North America,Americas,24.86847179487181,23.58946212777946,26.14748146196416,2047,1473.7353435897421,38.196646153845904,159.9859487179474,Projected
Nicaragua,NIC,North America,Americas,24.90402393162394,23.60859498306015,26.199452880187728,2048,1480.6018529914509,38.56750769230746,163.28618803418703,Projected
Nicaragua,NIC,North America,Americas,24.93957606837607,23.627473054251602,26.251679082500537,2049,1487.4683623931596,38.93836923076901,166.58642735042667,Projected
Nicaragua,NIC,North America,Americas,24.975128205128215,23.646105930970265,26.304150479286164,2050,1494.3348717948702,39.30923076923057,169.8866666666654,Projected
Niue,NIU,Oceania,Oceania,19.997015384615366,19.34359953056567,20.650431238665064,2026,1780.447538461537,34.10726153846133,85.57695384615181,Projected
Niue,NIU,Oceania,Oceania,20.05027008547006,19.39149827416826,20.70904189677186,2027,1783.0872136752123,34.40392478632464,88.81801025640834,Projected
Niue,NIU,Oceania,Oceania,20.10352478632477,19.439062355549904,20.767987217099634,2028,1785.7268888888875,34.70058803418783,92.05906666666488,Projected
Niue,NIU,Oceania,Oceania,20.156779487179463,19.48630029588442,20.827258678474507,2029,1788.3665641025627,34.99725128205114,95.30012307692141,Projected
Niue,NIU,Oceania,Oceania,20.21003418803417,19.53322079313784,20.886847582930503,2030,1791.006239316238,35.293914529914446,98.54117948717794,Projected
Niue,NIU,Oceania,Oceania,20.263288888888866,19.579832673344985,20.946745104432747,2031,1793.6459145299132,35.59057777777764,101.78223589743448,Projected
Niue,NIU,Oceania,Oceania,20.316543589743574,19.626144844725122,21.006942334762027,2032,1796.2855897435884,35.88724102564095,105.02329230769101,Projected
Niue,NIU,Oceania,Oceania,20.36979829059827,19.672166254935075,21.067430326261462,2033,1798.9252649572636,36.18390427350414,108.26434871794754,Projected
Niue,NIU,Oceania,Oceania,20.423052991452977,19.717905851667872,21.12820013123808,2034,1801.5649401709388,36.48056752136745,111.50540512820317,Projected
Niue,NIU,Oceania,Oceania,20.47630769230767,19.7633725467203,21.18924283789504,2035,1804.204615384615,36.77723076923064,114.7464615384597,Projected
Niue,NIU,Oceania,Oceania,20.52956239316238,19.80857518357869,21.25054960274607,2036,1806.8442905982902,37.07389401709395,117.98751794871623,Projected
Niue,NIU,Oceania,Oceania,20.582817094017074,19.85352250850591,21.312111679528236,2037,1809.4839658119654,37.37055726495714,121.22857435897276,Projected
Niue,NIU,Oceania,Oceania,20.636071794871782,19.89822314505832,21.373920444685243,2038,1812.1236410256406,37.66722051282045,124.4696307692293,Projected
Niue,NIU,Oceania,Oceania,20.689326495726476,19.942685571914893,21.43596741953806,2039,1814.7633162393158,37.96388376068364,127.71068717948583,Projected
Niue,NIU,Oceania,Oceania,20.742581196581185,19.986918103865975,21.498244289296395,2040,1817.402991452991,38.26054700854695,130.95174358974236,Projected
Niue,NIU,Oceania,Oceania,20.79583589743588,20.030928875781196,21.56074291909056,2041,1820.0426666666663,38.557210256410144,134.1927999999989,Projected
Niue,NIU,Oceania,Oceania,20.849090598290587,20.07472582935776,21.623455367223414,2042,1822.6823418803415,38.85387350427345,137.43385641025543,Projected
Niue,NIU,Oceania,Oceania,20.90234529914528,20.11831670243776,21.686373895852803,2043,1825.3220170940167,39.150536752136645,140.67491282051196,Projected
Niue,NIU,Oceania,Oceania,20.95559999999999,20.161709020677915,21.749490979322065,2044,1827.961692307692,39.44719999999995,143.9159692307676,Projected
Niue,NIU,Oceania,Oceania,21.008854700854684,20.204910091353636,21.812799310355732,2045,1830.6013675213671,39.743863247863146,147.15702564102412,Projected
Niue,NIU,Oceania,Oceania,21.062109401709392,20.247926999083514,21.87629180433527,2046,1833.2410427350424,40.04052649572645,150.39808205128065,Projected
Niue,NIU,Oceania,Oceania,21.115364102564087,20.290766603266082,21.93996160186209,2047,1835.8807179487176,40.33718974358965,153.6391384615372,Projected
Niue,NIU,Oceania,Oceania,21.168618803418795,20.33343553703085,22.00380206980674,2048,1838.5203931623928,40.633852991452954,156.88019487179372,Projected
Niue,NIU,Oceania,Oceania,21.221873504273503,20.375940207515796,22.06780680103121,2049,1841.160068376068,40.93051623931626,160.12125128205025,Projected
Niue,NIU,Oceania,Oceania,21.275128205128198,20.418286797296318,22.131969612960077,2050,1843.7997435897432,41.227179487179455,163.36230769230679,Projected
Netherlands,NLD,Europe,Europe,8.170523076923075,7.333901051475842,9.007145102370307,2026,638.9787692307704,3.522923076923078,85.44910769230592,Projected
Netherlands,NLD,Europe,Europe,8.183781196581194,7.340301498831257,9.02726089433113,2027,639.0860000000011,3.5831111111111227,88.68915555555395,Projected
Netherlands,NLD,Europe,Europe,8.197039316239316,7.346273450637622,9.04780518184101,2028,639.1932307692321,3.643299145299153,91.92920341880199,Projected
Netherlands,NLD,Europe,Europe,8.210297435897434,7.351827817254204,9.068767054540665,2029,639.3004615384629,3.7034871794871975,95.16925128205003,Projected
Netherlands,NLD,Europe,Europe,8.223555555555556,7.356975735401821,9.090135375709291,2030,639.4076923076938,3.763675213675228,98.40929914529806,Projected
Netherlands,NLD,Europe,Europe,8.236813675213675,7.361728505778327,9.111898844649023,2031,639.5149230769246,3.8238632478632724,101.6493470085461,Projected
Netherlands,NLD,Europe,Europe,8.250071794871797,7.366097534309036,9.134046055434558,2032,639.6221538461555,3.8840512820513027,104.88939487179323,Projected
Netherlands,NLD,Europe,Europe,8.2633299145299155,7.370094277414466,9.156565551645365,2033,639.7293846153863,3.944239316239333,108.12944273504127,Projected
Netherlands,NLD,Europe,Europe,8.276588034188038,7.373730191561421,9.179445876814654,2034,639.8366153846171,4.0044273504273775,111.3694905982893,Projected
Netherlands,NLD,Europe,Europe,8.289846153846156,7.377016687255867,9.202675620436445,2035,639.943846153848,4.064615384615408,114.60953846153734,Projected
Netherlands,NLD,Europe,Europe,8.303104273504278,7.3799650875402065,9.22624345946835,2036,640.0510769230789,4.124803418803452,117.84958632478538,Projected
Netherlands,NLD,Europe,Europe,8.316362393162397,7.382586590973729,9.250138195351065,2037,640.1583076923097,4.184991452991483,121.08963418803341,Projected
Netherlands,NLD,Europe,Europe,8.329620512820515,7.384892239004415,9.274348786636615,2038,640.2655384615405,4.245179487179527,124.32968205128145,Projected
Netherlands,NLD,Europe,Europe,8.342878632478637,7.386892887581895,9.29886437737538,2039,640.3727692307714,4.3053675213675575,127.56972991452858,Projected
Netherlands,NLD,Europe,Europe,8.356136752136756,7.388599182815649,9.323674321457863,2040,640.4800000000022,4.365555555555602,130.80977777777662,Projected
Netherlands,NLD,Europe,Europe,8.369394871794878,7.390021540447948,9.348768203141809,2041,640.5872307692331,4.425743589743632,134.04982564102465,Projected
Netherlands,NLD,Europe,Europe,8.382652991452996,7.391170128886448,9.374135854019544,2042,640.6944615384639,4.485931623931663,137.2898735042727,Projected
Netherlands,NLD,Europe,Europe,8.395911111111118,7.392054855526432,9.399767366695805,2043,640.8016923076948,4.546119658119707,140.52992136752073,Projected
Netherlands,NLD,Europe,Europe,8.409169230769237,7.392685356084729,9.425653105453744,2044,640.9089230769256,4.6063076923077375,143.76996923076877,Projected
Netherlands,NLD,Europe,Europe,8.422427350427359,7.393070986666714,9.451783714188004,2045,641.0161538461565,4.666495726495782,147.0100170940159,Projected
Netherlands,NLD,Europe,Europe,8.435685470085478,7.393220818291843,9.478150121879112,2046,641.1233846153873,4.726683760683812,150.25006495726393,Projected
Netherlands,NLD,Europe,Europe,8.4489435897436,7.393143633611908,9.504743545875291,2047,641.2306153846182,4.786871794871857,153.49011282051197,Projected
Netherlands,NLD,Europe,Europe,8.462201709401718,7.392847925567798,9.531555493235638,2048,641.337846153849,4.847059829059887,156.73016068376,Projected
Netherlands,NLD,Europe,Europe,8.475459829059837,7.392341897744902,9.55857776037477,2049,641.4450769230798,4.9072478632479175,159.97020854700804,Projected
Netherlands,NLD,Europe,Europe,8.488717948717959,7.391633466202717,9.585802431233201,2050,641.5523076923107,4.967435897435962,163.21025641025608,Projected
Norway,NOR,Europe,Europe,12.107046153846145,11.1786424103534,13.035449897338891,2026,1512.97556923077,4.637907692307579,84.91119999999864,Projected
Norway,NOR,Europe,Europe,12.128023931623925,11.192010194079119,13.064037669168732,2027,1513.0146427350435,4.786841025640911,88.1024854700836,Projected
Norway,NOR,Europe,Europe,12.149001709401698,11.204902474100994,13.093100944702403,2028,1513.053716239317,4.935774358974243,91.29377094016945,Projected
Norway,NOR,Europe,Europe,12.169979487179479,11.217331357700568,13.12262761665839,2029,1513.0927897435906,5.084707692307575,94.4850564102544,Projected
Norway,NOR,Europe,Europe,12.190957264957259,11.22930920335391,13.152605326560607,2030,1513.1318632478642,5.233641025640907,97.67634188034026,Projected
Norway,NOR,Europe,Europe,12.211935042735039,11.24084855150328,13.183021533966798,2031,1513.1709367521378,5.382574358974239,100.86762735042612,Projected
Norway,NOR,Europe,Europe,12.232912820512812,11.251962059362356,13.213863581663269,2032,1513.2100102564114,5.531507692307571,104.05891282051107,Projected
Norway,NOR,Europe,Europe,12.253890598290592,11.262662440179644,13.24511875640154,2033,1513.2490837606847,5.680441025640903,107.25019829059693,Projected
Norway,NOR,Europe,Europe,12.274868376068373,11.272962407254976,13.276774344881769,2034,1513.2881572649583,5.829374358974235,110.44148376068279,Projected
Norway,NOR,Europe,Europe,12.295846153846146,11.282874622885224,13.308817684807067,2035,1513.3272307692318,5.978307692307624,113.63276923076774,Projected
Norway,NOR,Europe,Europe,12.316823931623926,11.292411652308497,13.341236210939355,2036,1513.3663042735054,6.127241025640956,116.8240547008536,Projected
Norway,NOR,Europe,Europe,12.337801709401706,11.301585922623357,13.374017496180056,2037,1513.405377777779,6.276174358974288,120.01534017093854,Projected
Norway,NOR,Europe,Europe,12.35877948717948,11.310409686581124,13.407149287777834,2038,1513.4444512820526,6.42510769230762,123.2066256410244,Projected
Norway,NOR,Europe,Europe,12.37975726495726,11.318894991084676,13.440619538829843,2039,1513.4835247863261,6.574041025640952,126.39791111111026,Projected
Norway,NOR,Europe,Europe,12.40073504273504,11.327053650176193,13.474416435293886,2040,1513.5225982905997,6.722974358974284,129.5891965811952,Projected
Norway,NOR,Europe,Europe,12.421712820512813,11.334897222258162,13.508528418767463,2041,1513.5616717948733,6.871907692307616,132.78048205128107,Projected
Norway,NOR,Europe,Europe,12.442690598290593,11.342436991264627,13.542944205316559,2042,1513.6007452991469,7.020841025640948,135.97176752136602,Projected
Norway,NOR,Europe,Europe,12.463668376068373,11.349683951482822,13.577652800653924,2043,1513.6398188034204,7.16977435897428,139.16305299145188,Projected
Norway,NOR,Europe,Europe,12.484646153846146,11.356648795717032,13.61264351197526,2044,1513.678892307694,7.318707692307612,142.35433846153774,Projected
Norway,NOR,Europe,Europe,12.505623931623926,11.363341906485278,13.647905956762575,2045,1513.7179658119676,7.467641025640944,145.54562393162269,Projected
Norway,NOR,Europe,Europe,12.526601709401707,11.36977334994428,13.683430068859133,2046,1513.757039316241,7.616574358974276,148.73690940170854,Projected
Norway,NOR,Europe,Europe,12.54757948717948,11.375952872247666,13.719206102111293,2047,1513.7961128205145,7.765507692307608,151.9281948717935,Projected
Norway,NOR,Europe,Europe,12.56855726495726,11.381889898055428,13.755224631859091,2048,1513.835186324788,7.91444102564094,155.11948034187935,Projected
Norway,NOR,Europe,Europe,12.58953504273504,11.387593530928251,13.791476554541829,2049,1513.8742598290617,8.063374358974272,158.3107658119652,Projected
Norway,NOR,Europe,Europe,12.610512820512813,11.393072555357861,13.827953085667765,2050,1513.9133333333352,8.212307692307604,161.50205128205016,Projected
Nepal,NPL,Asia,Asia,21.2209846153846,20.547913939560512,21.89405529120869,2026,1125.9423076923088,14.31436923076916,85.56633846153727,Projected
Nepal,NPL,Asia,Asia,21.25667008547007,20.578082344602308,21.935257826337832,2027,1127.048547008548,14.473952136752075,88.77541196581114,Projected
Nepal,NPL,Asia,Asia,21.292355555555538,20.607906020746206,21.97680509036487,2028,1128.1547863247877,14.63353504273499,91.98448547008411,Projected
Nepal,NPL,Asia,Asia,21.328041025641006,20.637393745483916,22.018688305798097,2029,1129.261025641027,14.793117948717907,95.19355897435798,Projected
Nepal,NPL,Asia,Asia,21.363726495726475,20.666554478417233,22.060898513035717,2030,1130.3672649572661,14.952700854700822,98.40263247863186,Projected
Nepal,NPL,Asia,Asia,21.399411965811943,20.695397311069105,22.10342662055478,2031,1131.4735042735058,15.112283760683681,101.61170598290482,Projected
Nepal,NPL,Asia,Asia,21.43509743589741,20.72393141961901,22.146263452175813,2032,1132.579743589745,15.271866666666597,104.8207794871787,Projected
Nepal,NPL,Asia,Asia,21.470782905982894,20.752166020870327,22.18939979109546,2033,1133.6859829059847,15.431449572649512,108.02985299145257,Projected
Nepal,NPL,Asia,Asia,21.506468376068362,20.780110331663632,22.232826420473092,2034,1134.792222222224,15.591032478632428,111.23892649572554,Projected
Nepal,NPL,Asia,Asia,21.54215384615383,20.8077735318636,22.27653416044406,2035,1135.8984615384632,15.750615384615344,114.44799999999941,Projected
Nepal,NPL,Asia,Asia,21.5778393162393,20.835164730969577,22.32051390150902,2036,1137.0047008547028,15.91019829059826,117.65707350427238,Projected
Nepal,NPL,Asia,Asia,21.613524786324767,20.862292938333038,22.364756634316496,2037,1138.110940170942,16.069781196581175,120.86614700854625,Projected
Nepal,NPL,Asia,Asia,21.649210256410235,20.889167036907843,22.409253475912628,2038,1139.2171794871817,16.229364102564034,124.07522051282012,Projected
Nepal,NPL,Asia,Asia,21.684895726495718,20.91579576041261,22.453995692578825,2039,1140.323418803421,16.38894700854695,127.28429401709309,Projected
Nepal,NPL,Asia,Asia,21.720581196581186,20.942187673747465,22.498974719414907,2040,1141.4296581196606,16.548529914529865,130.49336752136696,Projected
Nepal,NPL,Asia,Asia,21.756266666666654,20.96835115647986,22.54418217685345,2041,1142.5358974358999,16.70811282051278,133.70244102564084,Projected
Nepal,NPL,Asia,Asia,21.791952136752123,20.994294389194103,22.589609884310143,2042,1143.642136752139,16.867695726495697,136.9115145299138,Projected
Nepal,NPL,Asia,Asia,21.82763760683759,21.020025342487468,22.635249871187714,2043,1144.7483760683788,17.027278632478613,140.12058803418768,Projected
Nepal,NPL,Asia,Asia,21.86332307692306,21.04555176838925,22.68109438545687,2044,1145.854615384618,17.186861538461528,143.32966153846064,Projected
Nepal,NPL,Asia,Asia,21.899008547008542,21.070881193978554,22.72713590003853,2045,1146.9608547008577,17.346444444444387,146.53873504273452,Projected
Nepal,NPL,Asia,Asia,21.93469401709401,21.09602091698003,22.77336711720799,2046,1148.067094017097,17.506027350427303,149.7478085470084,Projected
Nepal,NPL,Asia,Asia,21.97037948717948,21.120978003123735,22.81978097123522,2047,1149.1733333333366,17.66561025641022,152.95688205128135,Projected
Nepal,NPL,Asia,Asia,22.006064957264947,21.145759285064425,22.866370629465468,2048,1150.2795726495758,17.825193162393134,156.16595555555523,Projected
Nepal,NPL,Asia,Asia,22.041750427350415,21.170371362667503,22.913129492033327,2049,1151.385811965815,17.98477606837605,159.3750290598291,Projected
Nepal,NPL,Asia,Asia,22.077435897435883,21.194820604480956,22.96005119039081,2050,1152.4920512820547,18.144358974358965,162.58410256410207,Projected
Nauru,NRU,Oceania,Oceania,23.56781538461538,22.922341584359415,24.213289184871343,2026,1260.6237846153826,27.64839999999999,87.77227692307497,Projected
Nauru,NRU,Oceania,Oceania,23.601613675213663,22.95084901759619,24.252378332831135,2027,1264.5009025641002,27.662953846153837,90.94096410256225,Projected
Nauru,NRU,Oceania,Oceania,23.635411965811947,22.97902585632072,24.291798075303173,2028,1268.3780205128178,27.677507692307685,94.10965128204953,Projected
Nauru,NRU,Oceania,Oceania,23.669210256410246,23.006880518134807,24.331539994685684,2029,1272.2551384615363,27.69206153846153,97.2783384615359,Projected
Nauru,NRU,Oceania,Oceania,23.70300854700853,23.03442159528353,24.37159549873353,2030,1276.1322564102538,27.706615384615375,100.44702564102317,Projected
Nauru,NRU,Oceania,Oceania,23.736806837606828,23.06165780652422,24.411955868689436,2031,1280.0093743589714,27.721169230769224,103.61571282051045,Projected
Nauru,NRU,Oceania,Oceania,23.770605128205112,23.08859795179963,24.452612304610593,2032,1283.8864923076899,27.73572307692307,106.78439999999773,Projected
Nauru,NRU,Oceania,Oceania,23.80440341880341,23.115250870010836,24.493555967595984,2033,1287.7636102564074,27.750276923076914,109.95308717948501,Projected
Nauru,NRU,Oceania,Oceania,23.838201709401694,23.141625400094547,24.534778018708842,2034,1291.640728205125,27.76483076923076,113.12177435897229,Projected
Nauru,NRU,Oceania,Oceania,23.871999999999993,23.16773034552767,24.576269654472316,2035,1295.5178461538435,27.779384615384608,116.29046153845957,Projected
Nauru,NRU,Oceania,Oceania,23.905798290598277,23.193574442306815,24.61802213888974,2036,1299.394964102561,27.793938461538453,119.45914871794685,Projected
Nauru,NRU,Oceania,Oceania,23.939596581196575,23.21916633038698,24.66002683200617,2037,1303.2720820512786,27.808492307692298,122.62783589743412,Projected
Nauru,NRU,Oceania,Oceania,23.97339487179486,23.244514528507988,24.70227521508173,2038,1307.149199999997,27.823046153846146,125.7965230769214,Projected
Nauru,NRU,Oceania,Oceania,24.007193162393158,23.269627412293325,24.74475891249299,2039,1311.0263179487147,27.83759999999999,128.96521025640868,Projected
Nauru,NRU,Oceania,Oceania,24.04099145299144,23.294513195469758,24.787469710513125,2040,1314.9034358974322,27.852153846153836,132.13389743589596,Projected
Nauru,NRU,Oceania,Oceania,24.07478974358974,23.31917991403031,24.83039957314917,2041,1318.7805538461507,27.866707692307685,135.30258461538324,Projected
Nauru,NRU,Oceania,Oceania,24.108588034188024,23.34363541314344,24.87354065523261,2042,1322.6576717948683,27.88126153846153,138.4712717948696,Projected
Nauru,NRU,Oceania,Oceania,24.142386324786322,23.36788733660036,24.916885312972283,2043,1326.5347897435859,27.895815384615375,141.6399589743569,Projected
Nauru,NRU,Oceania,Oceania,24.176184615384607,23.391943118585885,24.960426112183328,2044,1330.4119076923043,27.910369230769223,144.80864615384417,Projected
Nauru,NRU,Oceania,Oceania,24.209982905982905,23.415809977557952,25.004155834407857,2045,1334.289025641022,27.92492307692307,147.97733333333144,Projected
Nauru,NRU,Oceania,Oceania,24.24378119658119,23.4394949120239,25.048067481138478,2046,1338.1661435897395,27.939476923076914,151.14602051281872,Projected
Nauru,NRU,Oceania,Oceania,24.277579487179487,23.463004698008596,25.092154276350378,2047,1342.043261538458,27.954030769230762,154.314707692306,Projected
Nauru,NRU,Oceania,Oceania,24.31137777777777,23.486345888018004,25.13640966753754,2048,1345.9203794871755,27.968584615384607,157.48339487179328,Projected
Nauru,NRU,Oceania,Oceania,24.345176068376055,23.509524811313465,25.180827325438646,2049,1349.797497435893,27.983138461538452,160.65208205128056,Projected
Nauru,NRU,Oceania,Oceania,24.378974358974354,23.532547575323264,25.225401142625444,2050,1353.6746153846116,27.9976923076923,163.82076923076784,Projected
New Zealand,NZL,Oceania,Oceania,21.811692307692297,21.09571678035784,22.527667835026755,2026,1137.9616307692304,7.544430769230743,84.69966153846053,Projected
New Zealand,NZL,Oceania,Oceania,21.845692307692303,21.12384803032035,22.567536585064257,2027,1140.5466803418803,7.607835897435891,87.85496410256292,Projected
New Zealand,NZL,Oceania,Oceania,21.879692307692295,21.15161257666118,22.60777203872341,2028,1143.1317299145294,7.6712410256410095,91.0102666666653,Projected
New Zealand,NZL,Oceania,Oceania,21.9136923076923,21.179019756392773,22.64836485899183,2029,1145.7167794871793,7.734646153846128,94.1655692307686,Projected
New Zealand,NZL,Oceania,Oceania,21.947692307692307,21.206079100246214,22.6893055151384,2030,1148.3018290598284,7.798051282051276,97.32087179487098,Projected
New Zealand,NZL,Oceania,Oceania,21.9816923076923,21.232800279283047,22.73058433610155,2031,1150.8868786324783,7.861456410256395,100.47617435897337,Projected
New Zealand,NZL,Oceania,Oceania,22.015692307692305,21.259193054617803,22.772191560766807,2032,1153.4719282051274,7.924861538461542,103.63147692307575,Projected
New Zealand,NZL,Oceania,Oceania,22.049692307692297,21.285267230578427,22.814117384806167,2033,1156.0569777777773,7.988266666666661,106.78677948717905,Projected
New Zealand,NZL,Oceania,Oceania,22.083692307692303,21.311032611532518,22.856352003852088,2034,1158.6420273504273,8.05167179487178,109.94208205128143,Projected
New Zealand,NZL,Oceania,Oceania,22.117692307692295,21.336498962514657,22.898885652869932,2035,1161.2270769230763,8.115076923076927,113.09738461538382,Projected
New Zealand,NZL,Oceania,Oceania,22.1516923076923,21.361675973708735,22.941708641675866,2036,1163.8121264957263,8.178482051282046,116.2526871794862,Projected
New Zealand,NZL,Oceania,Oceania,22.185692307692307,21.386573228766796,22.984811386617817,2037,1166.3971760683753,8.241887179487193,119.40798974358859,Projected
New Zealand,NZL,Oceania,Oceania,22.2196923076923,21.411200176886073,23.028184438498524,2038,1168.9822256410253,8.305292307692312,122.56329230769188,Projected
New Zealand,NZL,Oceania,Oceania,22.253692307692305,21.43556610851559,23.07181850686902,2039,1171.5672752136752,8.368697435897431,125.71859487179427,Projected
New Zealand,NZL,Oceania,Oceania,22.287692307692296,21.459680134524532,23.11570448086006,2040,1174.1523247863242,8.432102564102578,128.87389743589665,Projected
New Zealand,NZL,Oceania,Oceania,22.321692307692302,21.483551168635415,23.15983344674919,2041,1176.7373743589742,8.495507692307697,132.02919999999904,Projected
New Zealand,NZL,Oceania,Oceania,22.35569230769231,21.507187912903415,23.2041967024812,2042,1179.3224239316232,8.558912820512845,135.18450256410233,Projected
New Zealand,NZL,Oceania,Oceania,22.3896923076923,21.530598846011053,23.248785769373548,2043,1181.9074735042732,8.622317948717964,138.33980512820472,Projected
New Zealand,NZL,Oceania,Oceania,22.423692307692306,21.553792214140305,23.293592401244307,2044,1184.4925230769231,8.685723076923082,141.4951076923071,Projected
New Zealand,NZL,Oceania,Oceania,22.457692307692298,21.576776024183467,23.33860859120113,2045,1187.0775726495722,8.74912820512823,144.6504102564095,Projected
New Zealand,NZL,Oceania,Oceania,22.491692307692304,21.599558039058284,23.383826576326324,2046,1189.6626222222221,8.812533333333349,147.80571282051278,Projected
New Zealand,NZL,Oceania,Oceania,22.525692307692296,21.62214577489932,23.429238840485272,2047,1192.2476717948712,8.875938461538496,150.96101538461517,Projected
New Zealand,NZL,Oceania,Oceania,22.559692307692302,21.644546499908547,23.474838115476057,2048,1194.8327213675211,8.939343589743615,154.11631794871755,Projected
New Zealand,NZL,Oceania,Oceania,22.593692307692308,21.6667672346594,23.520617380725216,2049,1197.417770940171,9.002748717948734,157.27162051281994,Projected
New Zealand,NZL,Oceania,Oceania,22.6276923076923,21.688814753662566,23.566569861722034,2050,1200.00282051282,9.066153846153881,160.42692307692232,Projected
Oman,OMN,Asia,Asia,23.204461538461516,22.63040484685375,23.77851823006928,2026,587.575200000002,272.9096923076904,87.67015384615206,Projected
Oman,OMN,Asia,Asia,23.237470085470065,22.65870793242992,23.81623223851021,2027,584.9432205128223,275.55169230769116,90.88586324786138,Projected
Oman,OMN,Asia,Asia,23.270478632478614,22.686717001437348,23.85424026351988,2028,582.3112410256426,278.193692307691,94.1015726495707,Projected
Oman,OMN,Asia,Asia,23.303487179487163,22.714439540129746,23.89253481884458,2029,579.6792615384629,280.8356923076908,97.31728205128093,Projected
Oman,OMN,Asia,Asia,23.336495726495713,22.741883190081104,23.93110826291032,2030,577.0472820512841,283.47769230769063,100.53299145299025,Projected
Oman,OMN,Asia,Asia,23.369504273504248,22.76905570537991,23.969952841628587,2031,574.4153025641044,286.11969230769046,103.74870085469956,Projected
Oman,OMN,Asia,Asia,23.402512820512797,22.79596491231756,24.009060728708032,2032,571.7833230769247,288.7616923076912,106.96441025640888,Projected
Oman,OMN,Asia,Asia,23.435521367521346,22.822618671833244,24.04842406320945,2033,569.151343589745,291.403692307691,110.1801196581182,Projected
Oman,OMN,Asia,Asia,23.468529914529896,22.849024844897887,24.088034984161904,2034,566.5193641025662,294.04569230769084,113.39582905982752,Projected
Oman,OMN,Asia,Asia,23.501538461538445,22.875191260945943,24.127885662130947,2035,563.8873846153865,296.68769230769067,116.61153846153684,Projected
Oman,OMN,Asia,Asia,23.534547008546994,22.901125689397844,24.167968327696144,2036,561.2554051282068,299.3296923076905,119.82724786324616,Projected
Oman,OMN,Asia,Asia,23.567555555555543,22.926835814258673,24.208275296852413,2037,558.6234256410271,301.9716923076912,123.04295726495639,Projected
Oman,OMN,Asia,Asia,23.60056410256408,22.952329211729985,24.24879899339817,2038,555.9914461538483,304.61369230769105,126.2586666666657,Projected
Oman,OMN,Asia,Asia,23.633572649572628,22.97761333073179,24.289531968413467,2039,553.3594666666686,307.2556923076909,129.47437606837502,Projected
Oman,OMN,Asia,Asia,23.666581196581177,23.00269547620012,24.330466916962234,2040,550.7274871794889,309.8976923076907,132.69008547008434,Projected
Oman,OMN,Asia,Asia,23.699589743589726,23.027582795002218,24.371596692177235,2041,548.0955076923092,312.53969230769144,135.90579487179366,Projected
Oman,OMN,Asia,Asia,23.732598290598276,23.052282264294174,24.412914316902377,2042,545.4635282051304,315.18169230769126,139.12150427350298,Projected
Oman,OMN,Asia,Asia,23.765606837606825,23.076800682135783,24.454412993077867,2043,542.8315487179507,317.8236923076911,142.3372136752123,Projected
Oman,OMN,Asia,Asia,23.798615384615374,23.101144660171922,24.496086109058826,2044,540.199569230771,320.4656923076909,145.55292307692162,Projected
Oman,OMN,Asia,Asia,23.83162393162391,23.125320618189203,24.537927245058615,2045,537.5675897435913,323.10769230769074,148.76863247863184,Projected
Oman,OMN,Asia,Asia,23.86463247863246,23.149334780359705,24.57993017690521,2046,534.9356102564125,325.7496923076915,151.98434188034116,Projected
Oman,OMN,Asia,Asia,23.897641025641008,23.173193172989045,24.62208887829297,2047,532.3036307692328,328.3916923076913,155.20005128205048,Projected
Oman,OMN,Asia,Asia,23.930649572649557,23.196901623594798,24.664397521704316,2048,529.6716512820531,331.0336923076911,158.4157606837598,Projected
Oman,OMN,Asia,Asia,23.963658119658106,23.22046576115031,24.7068504781659,2049,527.0396717948734,333.67569230769095,161.63147008546912,Projected
Oman,OMN,Asia,Asia,23.996666666666655,23.243891017340125,24.749442315993186,2050,524.4076923076937,336.3176923076908,164.84717948717844,Projected
Pakistan,PAK,Asia,Asia,19.114215384615363,18.41806915176081,19.810361617469916,2026,1037.7665230769198,30.389692307692258,89.35190769230576,Projected
Pakistan,PAK,Asia,Asia,19.162789743589713,18.4609372986173,19.864642188562126,2027,1043.0924478632442,30.700068376068316,92.53253333333123,Projected
Pakistan,PAK,Asia,Asia,19.211364102564076,18.503448897889353,19.9192793072388,2028,1048.4183726495703,31.010444444444374,95.71315897435761,Projected
Pakistan,PAK,Asia,Asia,19.25993846153844,18.545613027996218,19.97426389508066,2029,1053.7442974358946,31.320820512820433,98.89378461538308,Projected
Pakistan,PAK,Asia,Asia,19.30851282051279,18.587438955710688,20.02958668531489,2030,1059.070222222219,31.63119658119649,102.07441025640856,Projected
Pakistan,PAK,Asia,Asia,19.357087179487152,18.62893608424955,20.085238274724755,2031,1064.3961470085433,31.941572649572663,105.25503589743403,Projected
Pakistan,PAK,Asia,Asia,19.405661538461516,18.67011390438842,20.141209172534612,2032,1069.7220717948694,32.25194871794872,108.43566153846041,Projected
Pakistan,PAK,Asia,Asia,19.454235897435865,18.71098194891957,20.19748984595216,2033,1075.0479965811937,32.56232478632478,111.61628717948588,Projected
Pakistan,PAK,Asia,Asia,19.50281025641023,18.75154975067382,20.254070762146636,2034,1080.373921367518,32.87270085470084,114.79691282051135,Projected
Pakistan,PAK,Asia,Asia,19.551384615384592,18.791826804238323,20.31094242653086,2035,1085.6998461538424,33.1830769230769,117.97753846153682,Projected
Pakistan,PAK,Asia,Asia,19.599958974358955,18.831822531422528,20.368095417295383,2036,1091.0257709401685,33.493452991452955,121.1581641025623,Projected
Pakistan,PAK,Asia,Asia,19.648533333333305,18.87154625045453,20.42552041621208,2037,1096.3516957264928,33.80382905982901,124.33878974358868,Projected
Pakistan,PAK,Asia,Asia,19.697107692307668,18.91100714883143,20.483208235783906,2038,1101.6776205128172,34.114205128205185,127.51941538461415,Projected
Pakistan,PAK,Asia,Asia,19.74568205128203,18.950214259698658,20.541149842865405,2039,1107.0035452991433,34.424581196581244,130.70004102563962,Projected
Pakistan,PAK,Asia,Asia,19.79425641025638,18.989176441595408,20.599336378917354,2040,1112.3294700854676,34.7349572649573,133.8806666666651,Projected
Pakistan,PAK,Asia,Asia,19.842830769230744,19.027902361374263,20.657759177087225,2041,1117.655394871792,35.04533333333336,137.06129230769056,Projected
Pakistan,PAK,Asia,Asia,19.891405128205108,19.066400480082702,20.716409776327513,2042,1122.9813196581163,35.35570940170942,140.24191794871695,Projected
Pakistan,PAK,Asia,Asia,19.939979487179457,19.10467904158196,20.775279932776954,2043,1128.3072444444424,35.66608547008548,143.42254358974242,Projected
Pakistan,PAK,Asia,Asia,19.98855384615382,19.142746063671947,20.834361628635694,2044,1133.6331692307667,35.976461538461535,146.6031692307679,Projected
Pakistan,PAK,Asia,Asia,20.037128205128184,19.180609331490153,20.893647078766215,2045,1138.959094017091,36.28683760683771,149.78379487179336,Projected
Pakistan,PAK,Asia,Asia,20.085702564102547,19.21827639295647,20.953128735248626,2046,1144.2850188034154,36.597213675213766,152.96442051281974,Projected
Pakistan,PAK,Asia,Asia,20.134276923076897,19.255754556042426,21.012799290111367,2047,1149.6109435897415,36.907589743589824,156.14504615384521,Projected
Pakistan,PAK,Asia,Asia,20.18285128205126,19.293050887653568,21.072651676448952,2048,1154.9368683760658,37.21796581196588,159.3256717948707,Projected
Pakistan,PAK,Asia,Asia,20.231425641025623,19.330172213925092,21.132679068126155,2049,1160.2627931623902,37.52834188034194,162.50629743589616,Projected
Pakistan,PAK,Asia,Asia,20.279999999999973,19.367125121744284,21.19287487825566,2050,1165.5887179487163,37.838717948718,165.68692307692163,Projected
Panama,PAN,North America,Americas,14.812123076923072,13.964230864876091,15.660015288970053,2026,811.3031999999985,21.60587692307689,88.57061538461312,Projected
Panama,PAN,North America,Americas,14.840570940170934,13.985728675697203,15.695413204644666,2027,814.4911008546987,21.72474529914527,91.71678632478415,Projected
Panama,PAN,North America,Americas,14.869018803418804,14.006792218679454,15.731245388158154,2028,817.6790017093999,21.843613675213646,94.86295726495518,Projected
Panama,PAN,North America,Americas,14.897466666666666,14.027432551156226,15.767500782177107,2029,820.8669025641011,21.962482051282024,98.00912820512622,Projected
Panama,PAN,North America,Americas,14.925914529914529,14.047660959871783,15.804168099957275,2030,824.0548034188014,22.0813504273504,101.15529914529725,Projected
Panama,PAN,North America,Americas,14.954362393162391,14.06748889775638,15.841235888568402,2031,827.2427042735026,22.200218803418778,104.30147008546828,Projected
Panama,PAN,North America,Americas,14.982810256410254,14.086927924385245,15.878692588435262,2032,830.4306051282028,22.319087179487155,107.44764102563931,Projected
Panama,PAN,North America,Americas,15.011258119658123,14.10598965050905,15.916526588807196,2033,833.618505982904,22.437955555555533,110.59381196581035,Projected
Panama,PAN,North America,Americas,15.039705982905986,14.12468568692535,15.954726278886621,2034,836.8064068376052,22.55682393162391,113.73998290598138,Projected
Panama,PAN,North America,Americas,15.068153846153848,14.143027597851743,15.993280094455953,2035,839.9943076923055,22.675692307692287,116.88615384615241,Projected
Panama,PAN,North America,Americas,15.09660170940171,14.16102685886403,16.03217655993939,2036,843.1822085470067,22.794560683760665,120.03232478632344,Projected
Panama,PAN,North America,Americas,15.12504957264958,14.178694819377991,16.07140432592117,2037,846.3701094017079,22.91342905982907,123.17849572649448,Projected
Panama,PAN,North America,Americas,15.153497435897442,14.19604266958161,16.110952202213277,2038,849.5580102564081,23.032297435897448,126.32466666666551,Projected
Panama,PAN,North America,Americas,15.181945299145305,14.213081411665684,16.150809186624926,2039,852.7459111111093,23.151165811965825,129.47083760683654,Projected
Panama,PAN,North America,Americas,15.210393162393167,14.229821835154096,16.190964489632236,2040,855.9338119658105,23.270034188034202,132.61700854700757,Projected
Panama,PAN,North America,Americas,15.23884102564103,14.246274496100211,16.231407555181846,2041,859.1217128205108,23.38890256410258,135.7631794871777,Projected
Panama,PAN,North America,Americas,15.2672888888889,14.262449699890945,16.272128077886855,2042,862.309613675212,23.507770940170957,138.90935042734873,Projected
Panama,PAN,North America,Americas,15.295736752136762,14.278357487384685,16.313116016888838,2043,865.4975145299131,23.626639316239334,142.05552136751976,Projected
Panama,PAN,North America,Americas,15.324184615384624,14.294007624101608,16.35436160666764,2044,868.6854153846134,23.74550769230771,145.2016923076908,Projected
Panama,PAN,North America,Americas,15.352632478632486,14.30940959218375,16.39585536508122,2045,871.8733162393146,23.86437606837609,148.34786324786182,Projected
Panama,PAN,North America,Americas,15.381080341880356,14.324572584846843,16.437588098913867,2046,875.0612170940158,23.983244444444466,151.49403418803286,Projected
Panama,PAN,North America,Americas,15.409528205128218,14.339505503054298,16.47955090720214,2047,878.249117948716,24.102112820512843,154.6402051282039,Projected
Panama,PAN,North America,Americas,15.43797606837608,14.354216954155941,16.52173518259622,2048,881.4370188034172,24.22098119658122,157.78637606837492,Projected
Panama,PAN,North America,Americas,15.466423931623943,14.368715252248165,16.56413261099972,2049,884.6249196581184,24.339849572649598,160.93254700854595,Projected
Panama,PAN,North America,Americas,15.494871794871806,14.383008420028185,16.606735169715428,2050,887.8128205128187,24.458717948717975,164.07871794871699,Projected
Pitcairn Islands,PCN,Oceania,Oceania,26.955599999999986,26.320965498066634,27.590234501933338,2026,1487.791015384617,7.215353846153789,83.19993846153739,Projected
Pitcairn Islands,PCN,Oceania,Oceania,26.9831658119658,26.343329300864784,27.623002323066817,2027,1487.1044239316254,7.33839999999995,86.32979145299032,Projected
Pitcairn Islands,PCN,Oceania,Oceania,27.01073162393161,26.365368060750974,27.656095187112243,2028,1486.4178324786342,7.461446153846111,89.45964444444326,Projected
Pitcairn Islands,PCN,Oceania,Oceania,27.038297435897423,26.38709005397209,27.689504817822755,2029,1485.7312410256427,7.584492307692273,92.58949743589619,Projected
Pitcairn Islands,PCN,Oceania,Oceania,27.065863247863238,26.408503728485577,27.723222767240898,2030,1485.0446495726515,7.707538461538434,95.71935042734913,Projected
Pitcairn Islands,PCN,Oceania,Oceania,27.093429059829045,26.429617656636562,27.757240463021528,2031,1484.35805811966,7.830584615384566,98.84920341880206,Projected
Pitcairn Islands,PCN,Oceania,Oceania,27.12099487179486,26.450440490592364,27.791549252997356,2032,1483.6714666666685,7.9536307692307275,101.979056410255,Projected
Pitcairn Islands,PCN,Oceania,Oceania,27.148560683760667,26.470980920824296,27.82614044669704,2033,1482.9848752136772,8.076676923076889,105.10890940170884,Projected
Pitcairn Islands,PCN,Oceania,Oceania,27.176126495726482,26.49124763783882,27.861005353614143,2034,1482.2982837606858,8.19972307692305,108.23876239316178,Projected
Pitcairn Islands,PCN,Oceania,Oceania,27.203692307692297,26.51124929727797,27.896135318106623,2035,1481.6116923076945,8.322769230769211,111.36861538461471,Projected
Pitcairn Islands,PCN,Oceania,Oceania,27.231258119658104,26.530994488436722,27.931521750879487,2036,1480.925100854703,8.445815384615372,114.49846837606765,Projected
Pitcairn Islands,PCN,Oceania,Oceania,27.25882393162392,26.550491706181216,27.967156157066622,2037,1480.2385094017116,8.568861538461533,117.62832136752058,Projected
Pitcairn Islands,PCN,Oceania,Oceania,27.286389743589734,26.569749326197986,28.00303016098148,2038,1479.5519179487203,8.691907692307666,120.75817435897352,Projected
Pitcairn Islands,PCN,Oceania,Oceania,27.31395555555554,26.588775583460492,28.03913552765059,2039,1478.8653264957288,8.814953846153827,123.88802735042646,Projected
Pitcairn Islands,PCN,Oceania,Oceania,27.341521367521356,26.607578553764256,28.075464181278456,2040,1478.1787350427376,8.937999999999988,127.01788034187939,Projected
Pitcairn Islands,PCN,Oceania,Oceania,27.36908717948717,26.626166138155625,28.112008220818716,2041,1477.492143589746,9.06104615384615,130.14773333333233,Projected
Pitcairn Islands,PCN,Oceania,Oceania,27.396652991452978,26.64454605006089,28.148759932845067,2042,1476.8055521367548,9.18409230769231,133.27758632478526,Projected
Pitcairn Islands,PCN,Oceania,Oceania,27.424218803418793,26.662725804910774,28.18571180192681,2043,1476.1189606837634,9.307138461538472,136.4074393162391,Projected
Pitcairn Islands,PCN,Oceania,Oceania,27.4517846153846,26.680712712049477,28.222856518719723,2044,1475.4323692307719,9.430184615384633,139.53729230769204,Projected
Pitcairn Islands,PCN,Oceania,Oceania,27.479350427350415,26.69851386871697,28.26018698598386,2045,1474.7457777777806,9.553230769230765,142.66714529914498,Projected
Pitcairn Islands,PCN,Oceania,Oceania,27.50691623931623,26.716136155896223,28.297696322736236,2046,1474.0591863247892,9.676276923076927,145.7969982905979,Projected
Pitcairn Islands,PCN,Oceania,Oceania,27.534482051282037,26.733586235823793,28.33537786674028,2047,1473.372594871798,9.799323076923088,148.92685128205085,Projected
Pitcairn Islands,PCN,Oceania,Oceania,27.56204786324785,26.7508705509709,28.3732251755248,2048,1472.6860034188064,9.922369230769249,152.05670427350378,Projected
Pitcairn Islands,PCN,Oceania,Oceania,27.589613675213666,26.767995324312995,28.411232026114337,2049,1471.999411965815,10.04541538461541,155.18655726495672,Projected
Pitcairn Islands,PCN,Oceania,Oceania,27.617179487179474,26.784966560717642,28.449392413641306,2050,1471.3128205128237,10.168461538461571,158.31641025640965,Projected
Peru,PER,South America,Americas,16.22079999999997,15.558253577298677,16.883346422701262,2026,1149.5395999999998,1.602461538461526,84.10683076922942,Projected
Peru,PER,South America,Americas,16.27296752136749,15.604990299435464,16.940944743299518,2027,1151.113388034188,1.5838119658119538,87.26802051281902,Projected
Peru,PER,South America,Americas,16.325135042735,15.651387682916868,16.99888240255313,2028,1152.687176068376,1.5651623931623746,90.42921025640862,Projected
Peru,PER,South America,Americas,16.37730256410252,15.697454367988195,17.057150760216846,2029,1154.260964102564,1.5465128205128025,93.59039999999823,Projected
Peru,PER,South America,Americas,16.429470085470044,15.743199174157299,17.115740996782787,2030,1155.834752136752,1.5278632478632304,96.75158974358874,Projected
Peru,PER,South America,Americas,16.481637606837566,15.788631050790457,17.174644162884675,2031,1157.4085401709401,1.5092136752136511,99.91277948717834,Projected
Peru,PER,South America,Americas,16.53380512820509,15.83375903058676,17.233851225823418,2032,1158.9823282051282,1.490564102564079,103.07396923076794,Projected
Peru,PER,South America,Americas,16.58597264957261,15.878592186234,17.29335311291122,2033,1160.5561162393162,1.4719145299145069,106.23515897435755,Projected
Peru,PER,South America,Americas,16.638140170940133,15.92313959045661,17.353140751423656,2034,1162.1299042735043,1.4532649572649348,109.39634871794715,Projected
Peru,PER,South America,Americas,16.690307692307655,15.967410279581255,17.413205105034056,2035,1163.7036923076923,1.4346153846153555,112.55753846153766,Projected
Peru,PER,South America,Americas,16.742475213675178,16.011413220669528,17.473537206680827,2036,1165.2774803418804,1.4159658119657834,115.71872820512726,Projected
Peru,PER,South America,Americas,16.7946427350427,16.055157282201066,17.534128187884335,2037,1166.8512683760684,1.3973162393162113,118.87991794871687,Projected
Peru,PER,South America,Americas,16.846810256410222,16.098651208234287,17.594969304586158,2038,1168.4250564102565,1.378666666666632,122.04110769230647,Projected
Peru,PER,South America,Americas,16.898977777777745,16.141903595925815,17.656051959629675,2039,1169.998844444445,1.36001709401706,125.20229743589607,Projected
Peru,PER,South America,Americas,16.951145299145267,16.18492287625349,17.717367722037043,2040,1171.572632478633,1.3413675213674878,128.36348717948567,Projected
Peru,PER,South America,Americas,17.00331282051279,16.227717297760343,17.778908343265236,2041,1173.1464205128211,1.3227179487179086,131.52467692307619,Projected
Peru,PER,South America,Americas,17.055480341880312,16.270294913117613,17.84066577064301,2042,1174.7202085470092,1.3040683760683365,134.6858666666658,Projected
Peru,PER,South America,Americas,17.107647863247834,16.312663568292887,17.90263215820278,2043,1176.2939965811972,1.2854188034187644,137.8470564102554,Projected
Peru,PER,South America,Americas,17.159815384615356,16.354830894103344,17.96479987512737,2044,1177.8677846153853,1.2667692307691851,141.008246153845,Projected
Peru,PER,South America,Americas,17.21198290598288,16.39680429993333,18.02716151203243,2045,1179.4415726495733,1.248119658119613,144.1694358974346,Projected
Peru,PER,South America,Americas,17.2641504273504,16.438590969399,18.0897098853018,2046,1181.0153606837614,1.2294700854700409,147.3306256410251,Projected
Peru,PER,South America,Americas,17.316317948717924,16.480197857749374,18.152438039686473,2047,1182.5891487179495,1.2108205128204617,150.4918153846147,Projected
Peru,PER,South America,Americas,17.368485470085446,16.521631690802604,18.215339249368288,2048,1184.1629367521375,1.1921709401708895,153.6530051282043,Projected
Peru,PER,South America,Americas,17.420652991452968,16.562898965227422,18.278407017678514,2049,1185.7367247863256,1.1735213675213174,156.81419487179392,Projected
Peru,PER,South America,Americas,17.47282051282049,16.60400594999206,18.34163507564892,2050,1187.3105128205136,1.1548717948717382,159.97538461538352,Projected
Philippines,PHL,Asia,Asia,17.27323076923075,16.485856353018534,18.060605185442967,2026,358.6470461538447,17.52713846153847,84.2913230769218,Projected
Philippines,PHL,Asia,Asia,17.320051282051267,16.526222869217303,18.11387969488523,2027,362.92340854700706,17.603165811965823,87.38085128204966,Projected
Philippines,PHL,Asia,Asia,17.366871794871784,16.566186113182585,18.167557476560983,2028,367.1997709401694,17.679193162393176,90.47037948717843,Projected
Philippines,PHL,Asia,Asia,17.413692307692287,16.605756353037254,18.22162826234732,2029,371.47613333333175,17.755220512820557,93.5599076923063,Projected
Philippines,PHL,Asia,Asia,17.460512820512804,16.64494406994102,18.27608157108459,2030,375.7524957264941,17.83124786324791,96.64943589743507,Projected
Philippines,PHL,Asia,Asia,17.50733333333332,16.683759899378128,18.330906767288514,2031,380.02885811965825,17.907275213675263,99.73896410256293,Projected
Philippines,PHL,Asia,Asia,17.554153846153824,16.722214575866072,18.386093116441575,2032,384.3052205128206,17.983302564102615,102.8284923076908,Projected
Philippines,PHL,Asia,Asia,17.60097435897434,16.76031888144522,18.441629836503463,2033,388.58158290598294,18.059329914529968,105.91802051281957,Projected
Philippines,PHL,Asia,Asia,17.647794871794858,16.79808359819943,18.497506145390286,2034,392.8579452991453,18.13535726495732,109.00754871794743,Projected
Philippines,PHL,Asia,Asia,17.694615384615375,16.835519464957244,18.553711304273506,2035,397.13430769230763,18.211384615384674,112.0970769230762,Projected
Philippines,PHL,Asia,Asia,17.741435897435878,16.87263713823213,18.610234656639626,2036,401.41067008547,18.287411965812026,115.18660512820406,Projected
Philippines,PHL,Asia,Asia,17.788256410256395,16.90944715738218,18.66706566313061,2037,405.6870324786323,18.36343931623938,118.27613333333193,Projected
Philippines,PHL,Asia,Asia,17.83507692307691,16.945959913902445,18.724193932251378,2038,409.96339487179466,18.439466666666732,121.3656615384607,Projected
Philippines,PHL,Asia,Asia,17.881897435897415,16.98218562470897,18.78160924708586,2039,414.239757264957,18.515494017094085,124.45518974358856,Projected
Philippines,PHL,Asia,Asia,17.92871794871793,17.018134309229893,18.83930158820597,2040,418.51611965811935,18.591521367521437,127.54471794871733,Projected
Philippines,PHL,Asia,Asia,17.97553846153845,17.05381577008662,18.89726115299028,2041,422.7924820512817,18.66754871794879,130.6342461538452,Projected
Philippines,PHL,Asia,Asia,18.022358974358966,17.089239577125273,18.95547837159266,2042,427.06884444444404,18.743576068376143,133.72377435897397,Projected
Philippines,PHL,Asia,Asia,18.06917948717947,17.12441505454402,19.013943919814917,2043,431.3452068376082,18.819603418803496,136.81330256410183,Projected
Philippines,PHL,Asia,Asia,18.115999999999985,17.15935127085494,19.07264872914503,2044,435.62156923077055,18.89563076923085,139.9028307692297,Projected
Philippines,PHL,Asia,Asia,18.162820512820502,17.194057031417888,19.131583994223117,2045,439.8979316239329,18.9716581196582,142.99235897435847,Projected
Philippines,PHL,Asia,Asia,18.20964102564102,17.228540873288342,19.190741177993697,2046,444.17429401709524,19.047685470085554,146.08188717948633,Projected
Philippines,PHL,Asia,Asia,18.256461538461522,17.26281106212882,19.250112014794226,2047,448.4506564102576,19.123712820512907,149.1714153846151,Projected
Philippines,PHL,Asia,Asia,18.30328205128204,17.296875590944754,19.309688511619324,2048,452.7270188034199,19.19974017094026,152.26094358974296,Projected
Philippines,PHL,Asia,Asia,18.350102564102556,17.33074218041891,19.369462947786204,2049,457.00338119658227,19.275767521367612,155.35047179487083,Projected
Philippines,PHL,Asia,Asia,18.39692307692306,17.3644182806333,19.42942787321282,2050,461.2797435897446,19.351794871794965,158.4399999999996,Projected
Palau,PLW,Oceania,Oceania,18.3702769230769,17.531959682187086,19.208594163966715,2026,1349.0414769230777,11.844923076923067,85.07390769230551,Projected
Palau,PLW,Oceania,Oceania,18.411152136752122,17.565963328118613,19.25634094538563,2027,1349.8684239316249,11.94617094017093,88.28448205128007,Projected
Palau,PLW,Oceania,Oceania,18.45202735042733,17.599537610256807,19.30451709059785,2028,1350.6953709401719,12.047418803418793,91.49505641025462,Projected
Palau,PLW,Oceania,Oceania,18.492902564102536,17.63269346106821,19.35311166713686,2029,1351.5223179487189,12.148666666666657,94.70563076922826,Projected
Palau,PLW,Oceania,Oceania,18.533777777777757,17.66544203983956,19.402113515715953,2030,1352.349264957266,12.24991452991452,97.91620512820282,Projected
Palau,PLW,Oceania,Oceania,18.57465299145298,17.69779467016688,19.45151131273908,2031,1353.176211965813,12.351162393162383,101.12677948717737,Projected
Palau,PLW,Oceania,Oceania,18.615528205128186,17.72976278108685,19.50129362916952,2032,1354.00315897436,12.452410256410275,104.33735384615193,Projected
Palau,PLW,Oceania,Oceania,18.656403418803393,17.76135785223373,19.551448985373057,2033,1354.8301059829073,12.553658119658138,107.54792820512648,Projected
Palau,PLW,Oceania,Oceania,18.697278632478614,17.79259136328812,19.601965901669107,2034,1355.6570529914543,12.654905982906001,110.75850256410104,Projected
Palau,PLW,Oceania,Oceania,18.738153846153836,17.823474747876666,19.652832944431005,2035,1356.4840000000013,12.756153846153865,113.96907692307468,Projected
Palau,PLW,Oceania,Oceania,18.779029059829043,17.854019351985198,19.704038767672888,2036,1357.3109470085485,12.857401709401728,117.17965128204924,Projected
Palau,PLW,Oceania,Oceania,18.81990427350425,17.88423639686424,19.75557215014426,2037,1358.1378940170955,12.958649572649591,120.39022564102379,Projected
Palau,PLW,Oceania,Oceania,18.86077948717947,17.914136946334647,19.807422028024295,2038,1358.9648410256425,13.059897435897454,123.60079999999834,Projected
Palau,PLW,Oceania,Oceania,18.901654700854692,17.943731878343037,19.859577523366347,2039,1359.7917880341897,13.161145299145346,126.8113743589729,Projected
Palau,PLW,Oceania,Oceania,18.9425299145299,17.973031860570686,19.912027968489113,2040,1360.6187350427367,13.26239316239321,130.02194871794654,Projected
Palau,PLW,Oceania,Oceania,18.983405128205106,18.002047329864894,19.96476292654532,2041,1361.445682051284,13.363641025641073,133.2325230769211,Projected
Palau,PLW,Oceania,Oceania,19.024280341880328,18.030788475237202,20.017772208523454,2042,1362.272629059831,13.464888888888936,136.44309743589565,Projected
Palau,PLW,Oceania,Oceania,19.06515555555555,18.059265224157844,20.071045886953254,2043,1363.099576068378,13.5661367521368,139.6536717948702,Projected
Palau,PLW,Oceania,Oceania,19.106030769230756,18.087487231868135,20.124574306593377,2044,1363.9265230769252,13.667384615384663,142.86424615384476,Projected
Palau,PLW,Oceania,Oceania,19.146905982905963,18.115463873431374,20.178348092380553,2045,1364.7534700854721,13.768632478632554,146.07482051281931,Projected
Palau,PLW,Oceania,Oceania,19.187781196581184,18.143204238247304,20.232358154915065,2046,1365.5804170940191,13.869880341880418,149.28539487179296,Projected
Palau,PLW,Oceania,Oceania,19.228656410256406,18.17071712676365,20.286595693749163,2047,1366.4073641025664,13.97112820512828,152.4959692307675,Projected
Palau,PLW,Oceania,Oceania,19.269531623931613,18.19801104913021,20.341052198733017,2048,1367.2343111111134,14.072376068376144,155.70654358974207,Projected
Palau,PLW,Oceania,Oceania,19.31040683760682,18.225094225555,20.39571944965864,2049,1368.0612581196604,14.173623931624007,158.91711794871662,Projected
Palau,PLW,Oceania,Oceania,19.35128205128204,18.251974588137546,20.450589514426536,2050,1368.8882051282076,14.27487179487187,162.12769230769118,Projected
Papua New Guinea,PNG,Oceania,Oceania,13.824707692307683,13.186696149713407,14.462719234901959,2026,1180.048615384615,7.675538461538423,90.16021538461337,Projected
Papua New Guinea,PNG,Oceania,Oceania,13.870099145299136,13.226857912412981,14.51334037818529,2027,1177.5074871794868,7.716717948717914,93.40436239316023,Projected
Papua New Guinea,PNG,Oceania,Oceania,13.915490598290589,13.266692902570199,14.564288294010979,2028,1174.9663589743586,7.757897435897391,96.64850940170709,Projected
Papua New Guinea,PNG,Oceania,Oceania,13.960882051282042,13.306209440471807,14.615554662092276,2029,1172.4252307692304,7.799076923076882,99.89265641025395,Projected
Papua New Guinea,PNG,Oceania,Oceania,14.006273504273494,13.345416019028832,14.667130989518157,2030,1169.8841025641022,7.840256410256373,103.13680341880081,Projected
Papua New Guinea,PNG,Oceania,Oceania,14.051664957264961,13.384321256201915,14.719008658328008,2031,1167.3429743589732,7.88143589743585,106.38095042734858,Projected
Papua New Guinea,PNG,Oceania,Oceania,14.097056410256414,13.422933850198554,14.771178970314274,2032,1164.801846153845,7.922615384615341,109.62509743589544,Projected
Papua New Guinea,PNG,Oceania,Oceania,14.142447863247867,13.461262537734163,14.82363318876157,2033,1162.2607179487168,7.963794871794832,112.8692444444423,Projected
Papua New Guinea,PNG,Oceania,Oceania,14.18783931623932,13.499316055559424,14.876362576919215,2034,1159.7195897435886,8.004974358974309,116.11339145298916,Projected
Papua New Guinea,PNG,Oceania,Oceania,14.233230769230772,13.537103105375104,14.92935843308644,2035,1157.1784615384604,8.0461538461538,119.35753846153602,Projected
Papua New Guinea,PNG,Oceania,Oceania,14.278622222222225,13.574632322181865,14.982612122262585,2036,1154.6373333333322,8.08733333333329,122.6016854700838,Projected
Papua New Guinea,PNG,Oceania,Oceania,14.324013675213678,13.611912246049027,15.036115104378329,2037,1152.096205128204,8.128512820512782,125.84583247863065,Projected
Papua New Guinea,PNG,Oceania,Oceania,14.36940512820513,13.648951297232145,15.089858959178116,2038,1149.555076923075,8.169692307692259,129.08997948717752,Projected
Papua New Guinea,PNG,Oceania,Oceania,14.414796581196583,13.685757754524936,15.143835407868231,2039,1147.0139487179467,8.21087179487175,132.33412649572438,Projected
Papua New Guinea,PNG,Oceania,Oceania,14.460188034188036,13.722339736696124,15.198036331679948,2040,1144.4728205128185,8.25205128205124,135.57827350427124,Projected
Papua New Guinea,PNG,Oceania,Oceania,14.505579487179489,13.758705186835408,15.252453787523569,2041,1141.9316923076904,8.293230769230718,138.822420512819,Projected
Papua New Guinea,PNG,Oceania,Oceania,14.550970940170942,13.794861859414056,15.307080020927827,2042,1139.3905641025622,8.334410256410209,142.06656752136587,Projected
Papua New Guinea,PNG,Oceania,Oceania,14.596362393162408,13.830817309854181,15.361907476470636,2043,1136.849435897434,8.3755897435897,145.31071452991273,Projected
Papua New Guinea,PNG,Oceania,Oceania,14.641753846153861,13.866578886394722,15.416928805913,2044,1134.3083076923058,8.416769230769177,148.5548615384596,Projected
Papua New Guinea,PNG,Oceania,Oceania,14.687145299145314,13.902153724041742,15.472136874248886,2045,1131.7671794871767,8.457948717948668,151.79900854700645,Projected
Papua New Guinea,PNG,Oceania,Oceania,14.732536752136767,13.93754874039357,15.527524763879963,2046,1129.2260512820485,8.499128205128159,155.04315555555422,Projected
Papua New Guinea,PNG,Oceania,Oceania,14.77792820512822,13.9727706331381,15.583085777118338,2047,1126.6849230769203,8.540307692307636,158.28730256410108,Projected
Papua New Guinea,PNG,Oceania,Oceania,14.823319658119672,14.007825879028463,15.638813437210882,2048,1124.1437948717921,8.581487179487127,161.53144957264794,Projected
Papua New Guinea,PNG,Oceania,Oceania,14.868711111111125,14.042720734154036,15.694701488068214,2049,1121.602666666664,8.622666666666618,164.7755965811948,Projected
Papua New Guinea,PNG,Oceania,Oceania,14.914102564102578,14.07746123533572,15.750743892869435,2050,1119.0615384615357,8.663846153846094,168.01974358974167,Projected
Poland,POL,Europe,Europe,9.1330769230769,8.13667836335807,10.129475482795728,2026,1408.3150769230767,4.124430769230777,88.51387692307526,Projected
Poland,POL,Europe,Europe,9.175384615384601,8.170818717731077,10.179950513038126,2027,1409.8539999999996,4.152793162393166,91.7278393162378,Projected
Poland,POL,Europe,Europe,9.217692307692289,8.204448743263878,10.2309358721207,2028,1411.392923076923,4.181155555555563,94.94180170940035,Projected
Poland,POL,Europe,Europe,9.259999999999977,8.237581433956096,10.282418566043857,2029,1412.9318461538458,4.209517948717959,98.1557641025629,Projected
Poland,POL,Europe,Europe,9.302307692307679,8.270230053398992,10.334385331216366,2030,1414.470769230769,4.237880341880349,101.36972649572454,Projected
Poland,POL,Europe,Europe,9.344615384615366,8.302408060476871,10.386822708753861,2031,1416.009692307692,4.266242735042745,104.58368888888708,Projected
Poland,POL,Europe,Europe,9.386923076923054,8.334129039397677,10.439717114448431,2032,1417.5486153846152,4.294605128205141,107.79765128204963,Projected
Poland,POL,Europe,Europe,9.429230769230756,8.365406634508046,10.493054903953466,2033,1419.0875384615385,4.322967521367538,111.01161367521217,Projected
Poland,POL,Europe,Europe,9.471538461538444,8.396254490209685,10.546822432867202,2034,1420.6264615384614,4.351329914529927,114.22557606837472,Projected
Poland,POL,Europe,Europe,9.513846153846131,8.42668619616601,10.601006111526253,2035,1422.1653846153847,4.3796923076923235,117.43953846153727,Projected
Poland,POL,Europe,Europe,9.556153846153833,8.45671523787322,10.655592454434446,2036,1423.7043076923076,4.40805470085472,120.65350085469981,Projected
Poland,POL,Europe,Europe,9.598461538461521,8.486354952570824,10.710568124352218,2037,1425.2432307692309,4.436417094017109,123.86746324786145,Projected
Poland,POL,Europe,Europe,9.640769230769223,8.515618490382233,10.765919971156213,2038,1426.7821538461537,4.464779487179506,127.081425641024,Projected
Poland,POL,Europe,Europe,9.68307692307691,8.544518780506321,10.8216350656475,2039,1428.321076923077,4.493141880341902,130.29538803418654,Projected
Poland,POL,Europe,Europe,9.725384615384598,8.573068502226983,10.877700728542214,2040,1429.8600000000004,4.521504273504291,133.5093504273491,Projected
Poland,POL,Europe,Europe,9.7676923076923,8.601280060465777,10.934104554918823,2041,1431.3989230769232,4.549866666666688,136.72331282051164,Projected
Poland,POL,Europe,Europe,9.809999999999988,8.629165565574116,10.99083443442586,2042,1432.9378461538465,4.578229059829084,139.93727521367418,Projected
Poland,POL,Europe,Europe,9.852307692307676,8.656736817043402,11.04787856757195,2043,1434.4767692307694,4.606591452991481,143.15123760683673,Projected
Poland,POL,Europe,Europe,9.894615384615378,8.684005290801945,11.10522547842881,2044,1436.0156923076927,4.63495384615387,146.36519999999928,Projected
Poland,POL,Europe,Europe,9.936923076923065,8.710982129766867,11.162864024079264,2045,1437.5546153846155,4.663316239316266,149.5791623931609,Projected
Poland,POL,Europe,Europe,9.979230769230753,8.737678137324242,11.220783401137265,2046,1439.0935384615389,4.691678632478663,152.79312478632346,Projected
Poland,POL,Europe,Europe,10.021538461538455,8.76410377342054,11.27897314965637,2047,1440.6324615384617,4.720041025641052,156.007087179486,Projected
Poland,POL,Europe,Europe,10.063846153846143,8.790269152962843,11.337423154729443,2048,1442.171384615385,4.7484034188034485,159.22104957264855,Projected
Poland,POL,Europe,Europe,10.10615384615383,8.816184046242189,11.396123646065472,2049,1443.7103076923083,4.776765811965845,162.4350119658111,Projected
Poland,POL,Europe,Europe,10.148461538461532,8.841857881112555,11.45506519581051,2050,1445.2492307692312,4.805128205128234,165.64897435897365,Projected
Puerto Rico,PRI,North America,Americas,20.88593846153843,20.13092322652331,21.64095369655355,2026,1066.7818769230776,84.31719999999973,85.21526153846025,Projected
Puerto Rico,PRI,North America,Americas,20.93734700854698,20.176143020537324,21.698550996556634,2027,1064.8372581196586,84.95183589743556,88.37265982905865,Projected
Puerto Rico,PRI,North America,Americas,20.988755555555528,20.22097611582977,21.756534995281285,2028,1062.8926393162396,85.58647179487139,91.53005811965704,Projected
Puerto Rico,PRI,North America,Americas,21.040164102564077,20.265432358528564,21.81489584659959,2029,1060.9480205128207,86.22110769230744,94.68745641025544,Projected
Puerto Rico,PRI,North America,Americas,21.091572649572626,20.309521799043114,21.873623500102138,2030,1059.0034017094017,86.85574358974327,97.84485470085292,Projected
Puerto Rico,PRI,North America,Americas,21.14298119658116,20.353254635765026,21.932707757397296,2031,1057.0587829059828,87.4903794871791,101.00225299145131,Projected
Puerto Rico,PRI,North America,Americas,21.19438974358971,20.396641162049164,21.992138325130256,2032,1055.1141641025638,88.12501538461515,104.15965128204971,Projected
Puerto Rico,PRI,North America,Americas,21.24579829059826,20.439691716820114,22.051904864376404,2033,1053.1695452991448,88.75965128205098,107.3170495726481,Projected
Puerto Rico,PRI,North America,Americas,21.297206837606808,20.48241663904423,22.111997036169385,2034,1051.2249264957259,89.39428717948681,110.4744478632465,Projected
Puerto Rico,PRI,North America,Americas,21.348615384615357,20.5248262262102,22.172404543020512,2035,1049.2803076923074,90.02892307692287,113.63184615384489,Projected
Puerto Rico,PRI,North America,Americas,21.400023931623906,20.56693069687463,22.233117166373184,2036,1047.3356888888884,90.6635589743587,116.78924444444328,Projected
Puerto Rico,PRI,North America,Americas,21.451432478632455,20.608740157253482,22.294124800011428,2037,1045.3910700854694,91.29819487179452,119.94664273504168,Projected
Puerto Rico,PRI,North America,Americas,21.50284102564099,20.650264571776546,22.355417479505434,2038,1043.4464512820505,91.93283076923058,123.10404102564007,Projected
Puerto Rico,PRI,North America,Americas,21.55424957264954,20.6915137374694,22.416985407829678,2039,1041.5018324786315,92.5674666666664,126.26143931623847,Projected
Puerto Rico,PRI,North America,Americas,21.605658119658088,20.73249726198592,22.478818977330256,2040,1039.5572136752126,93.20210256410223,129.41883760683686,Projected
Puerto Rico,PRI,North America,Americas,21.657066666666637,20.773224545083526,22.540908788249748,2041,1037.6125948717936,93.83673846153829,132.57623589743525,Projected
Puerto Rico,PRI,North America,Americas,21.708475213675186,20.81370476331085,22.603245664039523,2042,1035.6679760683746,94.47137435897412,135.73363418803274,Projected
Puerto Rico,PRI,North America,Americas,21.759883760683735,20.853946857664113,22.665820663703357,2043,1033.7233572649557,95.10601025640995,138.89103247863113,Projected
Puerto Rico,PRI,North America,Americas,21.811292307692284,20.893959523961495,22.728625091423073,2044,1031.7787384615372,95.740646153846,142.04843076922953,Projected
Puerto Rico,PRI,North America,Americas,21.86270085470082,20.933751205683876,22.79165050371776,2045,1029.8341196581182,96.37528205128183,145.20582905982792,Projected
Puerto Rico,PRI,North America,Americas,21.914109401709368,20.973330089034476,22.85488871438426,2046,1027.8895008546992,97.00991794871766,148.3632273504263,Projected
Puerto Rico,PRI,North America,Americas,21.965517948717917,21.012704099977096,22.918331797458737,2047,1025.9448820512803,97.64455384615371,151.5206256410247,Projected
Puerto Rico,PRI,North America,Americas,22.016926495726466,21.051880903023985,22.981972088428947,2048,1024.0002632478613,98.27918974358954,154.6780239316231,Projected
Puerto Rico,PRI,North America,Americas,22.068335042735015,21.09086790155656,23.04580218391347,2049,1022.0556444444424,98.91382564102537,157.8354222222215,Projected
Puerto Rico,PRI,North America,Americas,22.119743589743564,21.129672239476527,23.1098149400106,2050,1020.1110256410234,99.54846153846142,160.9928205128199,Projected
North Korea,PRK,Asia,Asia,20.62147692307692,19.9187788885399,21.324174957613938,2026,1228.084799999997,2.616892307692339,86.62538461538315,Projected
North Korea,PRK,Asia,Asia,20.652013675213666,19.943555724367926,21.360471626059407,2027,1234.5284034188007,2.6581435897436307,89.78427350427228,Projected
North Korea,PRK,Asia,Asia,20.68255042735042,19.967972656952952,21.39712819774789,2028,1240.9720068376027,2.699394871794908,92.94316239316049,Projected
North Korea,PRK,Asia,Asia,20.713087179487175,19.992038850156057,21.434135508818294,2029,1247.4156102564066,2.7406461538461997,96.10205128204962,Projected
North Korea,PRK,Asia,Asia,20.74362393162393,20.015763657964566,21.471484205283293,2030,1253.8592136752104,2.7818974358974913,99.26094017093874,Projected
North Korea,PRK,Asia,Asia,20.774160683760677,20.039156572093887,21.509164795427466,2031,1260.3028170940142,2.8231487179487686,102.41982905982786,Projected
North Korea,PRK,Asia,Asia,20.80469743589743,20.062227172642395,21.547167699152467,2032,1266.746420512818,2.8644000000000602,105.57871794871699,Projected
North Korea,PRK,Asia,Asia,20.835234188034185,20.08498508212054,21.58548329394783,2033,1273.190023931622,2.9056512820513376,108.7376068376052,Projected
North Korea,PRK,Asia,Asia,20.86577094017094,20.10743992307764,21.62410195726424,2034,1279.633627350424,2.946902564102629,111.89649572649432,Projected
North Korea,PRK,Asia,Asia,20.896307692307687,20.12960127945945,21.663014105155924,2035,1286.0772307692278,2.9881538461539208,115.05538461538345,Projected
North Korea,PRK,Asia,Asia,20.92684444444444,20.151478661749096,21.702210227139787,2036,1292.5208341880316,3.029405128205198,118.21427350427257,Projected
North Korea,PRK,Asia,Asia,20.957381196581196,20.17308147587346,21.74168091728893,2037,1298.9644376068354,3.0706564102564897,121.37316239316078,Projected
North Korea,PRK,Asia,Asia,20.98791794871795,20.194418995798024,21.781416901637876,2038,1305.4080410256392,3.1119076923077813,124.5320512820499,Projected
North Korea,PRK,Asia,Asia,21.018454700854697,20.21550033968396,21.821409062025435,2039,1311.851644444443,3.1531589743590587,127.69094017093903,Projected
North Korea,PRK,Asia,Asia,21.04899145299145,20.2363344494429,21.861648456540003,2040,1318.295247863245,3.1944102564103503,130.84982905982815,Projected
North Korea,PRK,Asia,Asia,21.079528205128206,20.25693007349574,21.90212633676067,2041,1324.738851282049,3.235661538461642,134.00871794871728,Projected
North Korea,PRK,Asia,Asia,21.11006495726496,20.277295752521383,21.942834162008538,2042,1331.1824547008528,3.276912820512919,137.1676068376055,Projected
North Korea,PRK,Asia,Asia,21.140601709401707,20.297439807968427,21.983763610834988,2043,1337.6260581196566,3.318164102564211,140.3264957264946,Projected
North Korea,PRK,Asia,Asia,21.17113846153846,20.317370333096534,22.02490658998039,2044,1344.0696615384604,3.359415384615488,143.48538461538374,Projected
North Korea,PRK,Asia,Asia,21.201675213675216,20.337095186313267,22.066255241037165,2045,1350.5132649572643,3.4006666666667797,146.64427350427286,Projected
North Korea,PRK,Asia,Asia,21.23221196581197,20.35662198657599,22.10780194504795,2046,1356.9568683760663,3.4419179487180713,149.80316239316107,Projected
North Korea,PRK,Asia,Asia,21.262748717948718,20.375958110635445,22.14953932526199,2047,1363.40047179487,3.4831692307693487,152.9620512820502,Projected
North Korea,PRK,Asia,Asia,21.293285470085472,20.39511069190756,22.191460248263382,2048,1369.844075213674,3.5244205128206403,156.12094017093932,Projected
North Korea,PRK,Asia,Asia,21.323822222222226,20.414086620771926,22.233557823672527,2049,1376.2876786324778,3.565671794871932,159.27982905982844,Projected
North Korea,PRK,Asia,Asia,21.354358974358973,20.432892546108516,22.27582540260943,2050,1382.7312820512816,3.6069230769232092,162.43871794871757,Projected
Portugal,PRT,Europe,Europe,4.615015384615376,3.777117132469839,5.452913636760912,2026,1572.8537538461533,7.40289230769228,87.26243076922856,Projected
Portugal,PRT,Europe,Europe,4.644133333333329,3.7993669478355176,5.48889971883114,2027,1575.298191452991,7.3980068376068076,90.51545982905736,Projected
Portugal,PRT,Europe,Europe,4.673251282051275,3.8211876140027647,5.525314950099785,2028,1577.7426290598287,7.393121367521335,93.76848888888708,Projected
Portugal,PRT,Europe,Europe,4.7023692307692215,3.842590057974092,5.5621484035643505,2029,1580.1870666666655,7.388235897435862,97.02151794871588,Projected
Portugal,PRT,Europe,Europe,4.731487179487175,3.8635854334588484,5.599388925515502,2030,1582.6315042735032,7.38335042735039,100.27454700854469,Projected
Portugal,PRT,Europe,Europe,4.760605128205121,3.884185058393554,5.637025198016688,2031,1585.075941880341,7.378464957264917,103.5275760683744,Projected
Portugal,PRT,Europe,Europe,4.7897230769230745,3.9044003561027196,5.675045797743429,2032,1587.5203794871786,7.373579487179445,106.7806051282032,Projected
Portugal,PRT,Europe,Europe,4.818841025641021,3.924242800483076,5.713439250798966,2033,1589.9648170940163,7.368694017093972,110.03363418803201,Projected
Portugal,PRT,Europe,Europe,4.847958974358967,3.9437238654777156,5.7521940832402185,2034,1592.409254700854,7.3638085470084995,113.28666324786172,Projected
Portugal,PRT,Europe,Europe,4.87707692307692,3.9628549789987977,5.791298867155043,2035,1594.8536923076917,7.358923076923027,116.53969230769053,Projected
Portugal,PRT,Europe,Europe,4.906194871794867,3.9816474813614615,5.830742262228272,2036,1597.2981299145295,7.354037606837556,119.79272136751933,Projected
Portugal,PRT,Europe,Europe,4.93531282051282,4.000112588207881,5.870513052817759,2037,1599.7425675213672,7.349152136752084,123.04575042734905,Projected
Portugal,PRT,Europe,Europe,4.964430769230766,4.018261357829217,5.910600180632316,2038,1602.1870051282049,7.344266666666611,126.29877948717785,Projected
Portugal,PRT,Europe,Europe,4.993548717948713,4.036104662735333,5.950992773162092,2039,1604.6314427350426,7.339381196581138,129.55180854700666,Projected
Portugal,PRT,Europe,Europe,5.022666666666666,4.053653165275853,5.991680168057479,2040,1607.0758803418803,7.334495726495666,132.80483760683546,Projected
Portugal,PRT,Europe,Europe,5.051784615384612,4.07091729708174,6.032651933687484,2041,1609.520317948718,7.329610256410193,136.05786666666518,Projected
Portugal,PRT,Europe,Europe,5.080902564102566,4.08790724207209,6.073897886133041,2042,1611.9647555555548,7.324724786324721,139.31089572649398,Projected
Portugal,PRT,Europe,Europe,5.110020512820512,4.1046329227554175,6.115408102885606,2043,1614.4091931623925,7.319839316239248,142.5639247863228,Projected
Portugal,PRT,Europe,Europe,5.139138461538458,4.1211039895473895,6.157172933529527,2044,1616.8536307692302,7.3149538461537755,145.8169538461525,Projected
Portugal,PRT,Europe,Europe,5.1682564102564115,4.137329812825672,6.199183007687151,2045,1619.298068376068,7.310068376068303,149.0699829059813,Projected
Portugal,PRT,Europe,Europe,5.197374358974358,4.153319477447116,6.241429240501599,2046,1621.7425059829056,7.30518290598283,152.3230119658101,Projected
Portugal,PRT,Europe,Europe,5.226492307692311,4.1690817794610355,6.283902835923587,2047,1624.1869435897434,7.300297435897358,155.57604102563982,Projected
Portugal,PRT,Europe,Europe,5.255610256410257,4.1846252247638835,6.326595288056631,2048,1626.631381196581,7.295411965811885,158.82907008546863,Projected
Portugal,PRT,Europe,Europe,5.284728205128204,4.19995802945523,6.369498380801177,2049,1629.0758188034188,7.290526495726413,162.08209914529743,Projected
Portugal,PRT,Europe,Europe,5.313846153846157,4.215088121670144,6.41260418602217,2050,1631.5202564102565,7.28564102564094,165.33512820512715,Projected
Paraguay,PRY,South America,Americas,23.08113846153845,22.283821704949343,23.87845521812756,2026,1703.8592615384596,10.152215384615317,89.78384615384311,Projected
Paraguay,PRY,South America,Americas,23.109969230769217,22.30611698160182,23.913821479936612,2027,1707.6471555555536,10.2987042735042,93.0128205128176,Projected
Paraguay,PRY,South America,Americas,23.13879999999999,22.328003893818526,23.949596106181453,2028,1711.4350495726476,10.445193162393082,96.24179487179208,Projected
Paraguay,PRY,South America,Americas,23.167630769230755,22.349492839380044,23.985768699081465,2029,1715.2229435897416,10.591682051282021,99.47076923076656,Projected
Paraguay,PRY,South America,Americas,23.196461538461527,22.37059443179386,24.022328645129193,2030,1719.0108376068365,10.738170940170903,102.69974358974105,Projected
Paraguay,PRY,South America,Americas,23.225292307692293,22.391319440840693,24.059265174543892,2031,1722.7987316239305,10.884659829059785,105.92871794871553,Projected
Paraguay,PRY,South America,Americas,23.254123076923065,22.411678736585042,24.096567417261088,2032,1726.5866256410245,11.031148717948668,109.15769230769001,Projected
Paraguay,PRY,South America,Americas,23.282953846153838,22.4316832372143,24.134224455093374,2033,1730.3745196581185,11.17763760683755,112.3866666666645,Projected
Paraguay,PRY,South America,Americas,23.311784615384603,22.451343860959955,24.17222536980925,2034,1734.1624136752125,11.324126495726432,115.61564102563807,Projected
Paraguay,PRY,South America,Americas,23.340615384615376,22.47067148225198,24.21055928697877,2035,1737.9503076923065,11.470615384615314,118.84461538461255,Projected
Paraguay,PRY,South America,Americas,23.36944615384614,22.48967689216585,24.249215415526432,2036,1741.7382017094005,11.617104273504196,122.07358974358704,Projected
Paraguay,PRY,South America,Americas,23.398276923076914,22.508370763142306,24.28818308301152,2037,1745.5260957264945,11.763593162393136,125.30256410256152,Projected
Paraguay,PRY,South America,Americas,23.42710769230768,22.526763617891977,24.32745176672338,2038,1749.3139897435885,11.910082051282018,128.531538461536,Projected
Paraguay,PRY,South America,Americas,23.45593846153845,22.544865802342045,24.36701112073486,2039,1753.1018837606825,12.0565709401709,131.76051282051048,Projected
Paraguay,PRY,South America,Americas,23.484769230769224,22.562687462438024,24.406850999100424,2040,1756.8897777777765,12.203059829059782,134.98948717948497,Projected
Paraguay,PRY,South America,Americas,23.51359999999999,22.58023852458106,24.44696147541892,2041,1760.6776717948705,12.349548717948664,138.21846153845945,Projected
Paraguay,PRY,South America,Americas,23.542430769230762,22.59752867945772,24.487332859003804,2042,1764.4655658119655,12.496037606837547,141.44743589743393,Projected
Paraguay,PRY,South America,Americas,23.571261538461528,22.614567369004774,24.52795570791828,2043,1768.2534598290595,12.642526495726429,144.67641025640842,Projected
Paraguay,PRY,South America,Americas,23.6000923076923,22.631363776244264,24.568820839140336,2044,1772.0413538461535,12.789015384615311,147.905384615382,Projected
Paraguay,PRY,South America,Americas,23.628923076923066,22.647926817723146,24.609919336122985,2045,1775.8292478632475,12.93550427350425,151.13435897435647,Projected
Paraguay,PRY,South America,Americas,23.657753846153838,22.664265138296102,24.651242554011574,2046,1779.6171418803415,13.081993162393132,154.36333333333096,Projected
Paraguay,PRY,South America,Americas,23.686584615384604,22.680387107997877,24.69278212277133,2047,1783.4050358974355,13.228482051282015,157.59230769230544,Projected
Paraguay,PRY,South America,Americas,23.715415384615376,22.696300820763234,24.734529948467518,2048,1787.1929299145295,13.374970940170897,160.82128205127992,Projected
Paraguay,PRY,South America,Americas,23.74424615384615,22.71201409476561,24.776478212926687,2049,1790.9808239316235,13.52145982905978,164.0502564102544,Projected
Paraguay,PRY,South America,Americas,23.773076923076914,22.727534474160763,24.818619371993066,2050,1794.7687179487175,13.667948717948661,167.2792307692289,Projected
Palestine,PSX,Asia,Asia,20.92959999999998,19.976359909972686,21.882840090027273,2026,1732.4324307692298,9.909353846153778,85.40092307692157,Projected
Palestine,PSX,Asia,Asia,20.975952136752113,20.014898472656277,21.93700580084795,2027,1732.1166564102552,9.996143589743525,88.58808547008357,Projected
Palestine,PSX,Asia,Asia,21.02230427350426,20.052948811119943,21.99165973588858,2028,1731.800882051281,10.082933333333273,91.77524786324648,Projected
Palestine,PSX,Asia,Asia,21.068656410256395,20.090523356535133,22.046789463977657,2029,1731.4851076923064,10.16972307692302,94.96241025640848,Projected
Palestine,PSX,Asia,Asia,21.11500854700853,20.12763479798776,22.102382296029297,2030,1731.169333333332,10.256512820512768,98.14957264957138,Projected
Palestine,PSX,Asia,Asia,21.161360683760662,20.1642960113978,22.158425356123526,2031,1730.8535589743574,10.343302564102515,101.33673504273338,Projected
Palestine,PSX,Asia,Asia,21.20771282051281,20.2005199925805,22.21490564844512,2032,1730.537784615383,10.430092307692234,104.52389743589538,Projected
Palestine,PSX,Asia,Asia,21.254064957264944,20.2363197948849,22.27181011964499,2033,1730.2220102564088,10.516882051281982,107.71105982905829,Projected
Palestine,PSX,Asia,Asia,21.300417094017078,20.271708471712792,22.329125716321364,2034,1729.9062358974343,10.60367179487173,110.89822222222028,Projected
Palestine,PSX,Asia,Asia,21.346769230769212,20.306699024098595,22.38683943743983,2035,1729.5904615384597,10.690461538461477,114.08538461538319,Projected
Palestine,PSX,Asia,Asia,21.393121367521346,20.341304353421453,22.444938381621238,2036,1729.2746871794852,10.777251282051225,117.27254700854519,Projected
Palestine,PSX,Asia,Asia,21.439473504273494,20.375537219225528,22.50340978932146,2037,1728.9589128205107,10.864041025640972,120.4597094017081,Projected
Palestine,PSX,Asia,Asia,21.485825641025627,20.40941020204363,22.562241080007624,2038,1728.6431384615364,10.95083076923072,123.6468717948701,Projected
Palestine,PSX,Asia,Asia,21.53217777777776,20.44293567105336,22.621419884502163,2039,1728.3273641025621,11.037620512820439,126.834034188033,Projected
Palestine,PSX,Asia,Asia,21.578529914529895,20.4761257563422,22.68093407271759,2040,1728.0115897435876,11.124410256410187,130.021196581195,Projected
Palestine,PSX,Asia,Asia,21.62488205128203,20.508992325519174,22.740771777044884,2041,1727.695815384613,11.211199999999934,133.2083589743579,Projected
Palestine,PSX,Asia,Asia,21.671234188034177,20.54154696438235,22.800921411686005,2042,1727.3800410256385,11.297989743589682,136.3955213675199,Projected
Palestine,PSX,Asia,Asia,21.71758632478631,20.573800961334435,22.861371688238187,2043,1727.0642666666643,11.38477948717943,139.5826837606828,Projected
Palestine,PSX,Asia,Asia,21.763938461538444,20.605765295230064,22.922111627846824,2044,1726.7484923076897,11.471569230769177,142.7698461538448,Projected
Palestine,PSX,Asia,Asia,21.810290598290578,20.637450626336896,22.98313057024426,2045,1726.4327179487154,11.558358974358896,145.95700854700772,Projected
Palestine,PSX,Asia,Asia,21.856642735042726,20.66886729009813,23.04441817998732,2046,1726.116943589741,11.645148717948643,149.14417094016972,Projected
Palestine,PSX,Asia,Asia,21.90299487179486,20.700025293393217,23.105964450196502,2047,1725.8011692307664,11.731938461538391,152.33133333333262,Projected
Palestine,PSX,Asia,Asia,21.949347008546994,20.730934313007502,23.167759704086485,2048,1725.4853948717919,11.818728205128139,155.51849572649462,Projected
Palestine,PSX,Asia,Asia,21.995699145299128,20.761603696037085,23.22979459456117,2049,1725.1696205128176,11.905517948717886,158.70565811965662,Projected
Palestine,PSX,Asia,Asia,22.04205128205126,20.792042461973484,23.29206010212904,2050,1724.853846153843,11.992307692307634,161.89282051281953,Projected
French Polynesia,PYF,Oceania,Oceania,24.810799999999986,24.05317343006787,25.568426569932104,2026,1309.7736923076923,16.725630769230634,83.76987692307557,Projected
French Polynesia,PYF,Oceania,Oceania,24.833138461538454,24.069301733869167,25.59697518920774,2027,1310.5100341880338,16.93365470085456,86.94821538461474,Projected
French Polynesia,PYF,Oceania,Oceania,24.855476923076914,24.08504200149261,25.625911844661218,2028,1311.2463760683759,17.141678632478488,90.126553846153,Projected
French Polynesia,PYF,Oceania,Oceania,24.877815384615374,24.100404113120433,25.655226656110315,2029,1311.982717948718,17.349702564102415,93.30489230769126,Projected
French Polynesia,PYF,Oceania,Oceania,24.900153846153835,24.115398153922925,25.684909538384744,2030,1312.71905982906,17.557726495726342,96.48323076922952,Projected
French Polynesia,PYF,Oceania,Oceania,24.922492307692295,24.13003435756439,25.7149502578202,2031,1313.4554017094015,17.76575042735027,99.66156923076869,Projected
French Polynesia,PYF,Oceania,Oceania,24.944830769230755,24.144323053000797,25.745338485460714,2032,1314.1917435897435,17.973774358974197,102.83990769230695,Projected
French Polynesia,PYF,Oceania,Oceania,24.967169230769223,24.15827461491549,25.776063846622954,2033,1314.9280854700855,18.181798290598124,106.01824615384521,Projected
French Polynesia,PYF,Oceania,Oceania,24.989507692307683,24.1718994180337,25.807115966581666,2034,1315.6644273504276,18.38982222222205,109.19658461538347,Projected
French Polynesia,PYF,Oceania,Oceania,25.011846153846143,24.18520779545955,25.838484512232736,2035,1316.4007692307691,18.597846153846035,112.37492307692264,Projected
French Polynesia,PYF,Oceania,Oceania,25.034184615384603,24.19821000109207,25.870159229677135,2036,1317.1371111111112,18.805870085469962,115.5532615384609,Projected
French Polynesia,PYF,Oceania,Oceania,25.056523076923064,24.21091617610112,25.90212997774501,2037,1317.8734529914532,19.01389401709389,118.73159999999916,Projected
French Polynesia,PYF,Oceania,Oceania,25.078861538461524,24.223336319379985,25.934386757543063,2038,1318.6097948717952,19.221917948717817,121.90993846153742,Projected
French Polynesia,PYF,Oceania,Oceania,25.10119999999999,24.23548026183873,25.966919738161252,2039,1319.3461367521368,19.429941880341744,125.08827692307659,Projected
French Polynesia,PYF,Oceania,Oceania,25.123538461538452,24.24735764436076,25.999719278716142,2040,1320.0824786324788,19.63796581196567,128.26661538461485,Projected
French Polynesia,PYF,Oceania,Oceania,25.145876923076912,24.258977899213995,26.03277594693983,2041,1320.8188205128208,19.845989743589598,131.4449538461531,Projected
French Polynesia,PYF,Oceania,Oceania,25.168215384615372,24.270350234685548,26.066080534545197,2042,1321.5551623931628,20.054013675213525,134.62329230769137,Projected
French Polynesia,PYF,Oceania,Oceania,25.190553846153833,24.281483622695443,26.099624069612222,2043,1322.2915042735044,20.262037606837453,137.80163076923054,Projected
French Polynesia,PYF,Oceania,Oceania,25.212892307692293,24.29238678913766,26.133397826246927,2044,1323.0278461538464,20.470061538461437,140.9799692307688,Projected
French Polynesia,PYF,Oceania,Oceania,25.23523076923076,24.303068206696164,26.167393331765357,2045,1323.7641880341885,20.678085470085364,144.15830769230706,Projected
French Polynesia,PYF,Oceania,Oceania,25.25756923076922,24.313536089887364,26.201602371651077,2046,1324.5005299145305,20.88610940170929,147.33664615384532,Projected
French Polynesia,PYF,Oceania,Oceania,25.27990769230768,24.32379839208823,26.236016992527134,2047,1325.236871794872,21.094133333333218,150.5149846153845,Projected
French Polynesia,PYF,Oceania,Oceania,25.30224615384614,24.333862804319892,26.27062950337239,2048,1325.973213675214,21.302157264957145,153.69332307692275,Projected
French Polynesia,PYF,Oceania,Oceania,25.3245846153846,24.343736755569484,26.30543247519972,2049,1326.709555555556,21.510181196581073,156.871661538461,Projected
French Polynesia,PYF,Oceania,Oceania,25.346923076923062,24.353427414446983,26.34041873939914,2050,1327.4458974358981,21.718205128205,160.05000000000018,Projected
Qatar,QAT,Asia,Asia,11.376861538461512,10.57759818941931,12.176124887503713,2026,1733.115384615383,10.140307692307715,89.3991384615374,Projected
Qatar,QAT,Asia,Asia,11.422184615384595,10.616369817821344,12.227999412947845,2027,1737.2152991452967,10.179247863247895,92.56075555555435,Projected
Qatar,QAT,Asia,Asia,11.467507692307677,10.654732084794718,12.280283299820637,2028,1741.3152136752124,10.218188034188074,95.7223726495713,Projected
Qatar,QAT,Asia,Asia,11.512830769230746,10.692695413505467,12.332966124956025,2029,1745.4151282051262,10.25712820512824,98.88398974358824,Projected
Qatar,QAT,Asia,Asia,11.558153846153829,10.730270443373216,12.386037248934441,2030,1749.5150427350418,10.296068376068419,102.04560683760519,Projected
Qatar,QAT,Asia,Asia,11.603476923076897,10.767467970472323,12.439485875681472,2031,1753.6149572649556,10.335008547008584,105.20722393162305,Projected
Qatar,QAT,Asia,Asia,11.64879999999998,10.8042988914058,12.49330110859416,2032,1757.7148717948694,10.373948717948764,108.36884102564,Projected
Qatar,QAT,Asia,Asia,11.694123076923063,10.840774151017014,12.547472002829112,2033,1761.814786324785,10.412888888888943,111.53045811965694,Projected
Qatar,QAT,Asia,Asia,11.739446153846131,10.876904694193536,12.601987613498727,2034,1765.9147008546988,10.451829059829109,114.69207521367389,Projected
Qatar,QAT,Asia,Asia,11.784769230769214,10.9127014219145,12.656837039623928,2035,1770.0146153846144,10.490769230769288,117.85369230769084,Projected
Qatar,QAT,Asia,Asia,11.830092307692297,10.948175151601035,12.71200946378356,2036,1774.1145299145282,10.529709401709468,121.01530940170869,Projected
Qatar,QAT,Asia,Asia,11.875415384615366,10.983336581749858,12.767494187480873,2037,1778.2144444444439,10.568649572649633,124.17692649572564,Projected
Qatar,QAT,Asia,Asia,11.920738461538448,11.018196260762096,12.8232806623148,2038,1782.3143589743577,10.607589743589813,127.33854358974259,Projected
Qatar,QAT,Asia,Asia,11.966061538461517,11.052764559823741,12.879358517099293,2039,1786.4142735042733,10.646529914529978,130.50016068375953,Projected
Qatar,QAT,Asia,Asia,12.0113846153846,11.087051649650943,12.935717581118256,2040,1790.514188034187,10.685470085470158,133.66177777777648,Projected
Qatar,QAT,Asia,Asia,12.056707692307683,11.12106748087945,12.992347903735915,2041,1794.6141025641027,10.724410256410337,136.82339487179433,Projected
Qatar,QAT,Asia,Asia,12.102030769230751,11.154821767854932,13.04923977060657,2042,1798.7140170940165,10.763350427350503,139.98501196581128,Projected
Qatar,QAT,Asia,Asia,12.147353846153834,11.188323975566012,13.106383716741655,2043,1802.8139316239321,10.802290598290682,143.14662905982823,Projected
Qatar,QAT,Asia,Asia,12.192676923076917,11.221583309454411,13.163770536699422,2044,1806.913846153846,10.841230769230862,146.30824615384518,Projected
Qatar,QAT,Asia,Asia,12.237999999999985,11.254608707836201,13.22139129216377,2045,1811.0137606837616,10.880170940171027,149.46986324786212,Projected
Qatar,QAT,Asia,Asia,12.283323076923068,11.287408836671878,13.279237317174259,2046,1815.1136752136754,10.919111111111206,152.63148034187998,Projected
Qatar,QAT,Asia,Asia,12.328646153846137,11.31999208643102,13.337300221261254,2047,1819.213589743591,10.958051282051372,155.79309743589693,Projected
Qatar,QAT,Asia,Asia,12.37396923076922,11.352366570809178,13.395571890729261,2048,1823.3135042735048,10.996991452991551,158.95471452991387,Projected
Qatar,QAT,Asia,Asia,12.419292307692302,11.384540127067293,13.454044488317312,2049,1827.4134188034186,11.03593162393173,162.11633162393082,Projected
Qatar,QAT,Asia,Asia,12.464615384615371,11.41652031777964,13.512710451451103,2050,1831.5133333333342,11.074871794871896,165.27794871794777,Projected
Romania,ROU,Europe,Europe,10.800799999999981,9.872368434675561,11.729231565324401,2026,1135.3568307692276,1.6648000000000422,88.90972307692118,Projected
Romania,ROU,Europe,Europe,10.854078632478618,9.918036845050523,11.790120419906714,2027,1142.3639179487145,1.5748136752137327,92.10457435897297,Projected
Romania,ROU,Europe,Europe,10.907357264957255,9.963229737472044,11.851484792442466,2028,1149.3710051282014,1.4848273504273948,95.29942564102384,Projected
Romania,ROU,Europe,Europe,10.960635897435878,10.007959219584464,11.913312575287293,2029,1156.3780923076902,1.3948410256410853,98.49427692307563,Projected
Romania,ROU,Europe,Europe,11.013914529914516,10.05223765023424,11.975591409594792,2030,1163.385179487177,1.3048547008547473,101.68912820512651,Projected
Romania,ROU,Europe,Europe,11.067193162393153,10.09607757023942,12.038308754546886,2031,1170.392266666664,1.2148683760684378,104.8839794871783,Projected
Romania,ROU,Europe,Europe,11.120471794871776,10.139491637192979,12.101451952550573,2032,1177.399353846151,1.1248820512820998,108.07883076922917,Projected
Romania,ROU,Europe,Europe,11.173750427350413,10.182492564724422,12.165008289976404,2033,1184.4064410256378,1.0348957264957903,111.27368205128096,Projected
Romania,ROU,Europe,Europe,11.22702905982905,10.225093066514555,12.228965053143545,2034,1191.4135282051247,0.9449094017094524,114.46853333333183,Projected
Romania,ROU,Europe,Europe,11.280307692307673,10.2673058052397,12.293309579375647,2035,1198.4206153846135,0.8549230769231144,117.66338461538362,Projected
Romania,ROU,Europe,Europe,11.33358632478631,10.309143346514528,12.358029303058093,2036,1205.4277025641004,0.7649367521368049,120.8582358974345,Projected
Romania,ROU,Europe,Europe,11.386864957264947,10.350618117810003,12.423111796719892,2037,1212.4347897435873,0.674950427350467,124.05308717948628,Projected
Romania,ROU,Europe,Europe,11.44014358974357,10.391742372244618,12.488544807242523,2038,1219.4418769230742,0.5849641025641574,127.24793846153716,Projected
Romania,ROU,Europe,Europe,11.493422222222208,10.432528157082281,12.554316287362134,2039,1226.4489641025611,0.4949777777778195,130.44278974358895,Projected
Romania,ROU,Europe,Europe,11.546700854700845,10.4729872867192,12.62041442268249,2040,1233.4560512820499,0.40499145299150996,133.63764102563982,Projected
Romania,ROU,Europe,Europe,11.599979487179468,10.51313131990423,12.686827654454705,2041,1240.4631384615368,0.315005128205172,136.8324923076916,Projected
Romania,ROU,Europe,Europe,11.653258119658105,10.552971540909581,12.753544698406628,2042,1247.4702256410237,0.22501880341883407,140.0273435897425,Projected
Romania,ROU,Europe,Europe,11.706536752136742,10.592518944351948,12.820554559921536,2043,1254.4773128205106,0.13503247863252454,143.22219487179427,Projected
Romania,ROU,Europe,Europe,11.759815384615365,10.631784223356043,12.887846545874687,2044,1261.4843999999975,0.0450461538461866,146.41704615384515,Projected
Romania,ROU,Europe,Europe,11.813094017094002,10.670777760751042,12.955410273436962,2045,1268.4914871794845,0,149.61189743589694,Projected
Romania,ROU,Europe,Europe,11.86637264957264,10.709509622995311,13.023235676149968,2046,1275.4985743589732,0,152.8067487179478,Projected
Romania,ROU,Europe,Europe,11.919651282051262,10.747989556534542,13.091313007567983,2047,1282.5056615384601,0,156.0015999999996,Projected
Romania,ROU,Europe,Europe,11.9729299145299,10.786226986311167,13.159632842748632,2048,1289.512748717947,0,159.19645128205048,Projected
Romania,ROU,Europe,Europe,12.026208547008537,10.824231016158679,13.228186077858394,2049,1296.519835897434,0,162.39130256410135,Projected
Romania,ROU,Europe,Europe,12.07948717948716,10.862010430832042,13.296963928142278,2050,1303.5269230769209,0,165.58615384615314,Projected
Russia,RUS,Europe,Europe,6.457199999999986,5.694489661661239,7.2199103383387335,2026,2114.1004000000003,11.340092307692146,84.9685846153825,Projected
Russia,RUS,Europe,Europe,6.4955111111110995,5.72654894410526,7.264473278116939,2027,2113.2425948717955,11.524629059828897,88.11580170939942,Projected
Russia,RUS,Europe,Europe,6.533822222222199,5.758217586600456,7.309426857843941,2028,2112.3847897435903,11.709165811965647,91.26301880341725,Projected
Russia,RUS,Europe,Europe,6.572133333333312,5.789505535626341,7.354761131040283,2029,2111.526984615385,11.893702564102398,94.41023589743418,Projected
Russia,RUS,Europe,Europe,6.6104444444444255,5.8204229440259265,7.400465944862924,2030,2110.6691794871804,12.078239316239149,97.5574529914511,Projected
Russia,RUS,Europe,Europe,6.648755555555539,5.850980114132677,7.4465309969784,2031,2109.8113743589747,12.2627760683759,100.70467008546802,Projected
Russia,RUS,Europe,Europe,6.687066666666652,5.881187444211145,7.49294588912216,2032,2108.95356923077,12.44731282051265,103.85188717948495,Projected
Russia,RUS,Europe,Europe,6.725377777777766,5.9110553785600795,7.539700176995452,2033,2108.0957641025648,12.6318495726494,106.99910427350278,Projected
Russia,RUS,Europe,Europe,6.763688888888879,5.9405943615204135,7.586783416257345,2034,2107.2379589743596,12.816386324786151,110.1463213675197,Projected
Russia,RUS,Europe,Europe,6.8019999999999925,5.9698147955326855,7.6341852044672995,2035,2106.3801538461544,13.000923076922902,113.29353846153663,Projected
Russia,RUS,Europe,Europe,6.840311111111092,5.998727003300842,7.681895218921341,2036,2105.522348717949,13.185459829059653,116.44075555555355,Projected
Russia,RUS,Europe,Europe,6.878622222222205,6.027341194043281,7.729903250401129,2037,2104.6645435897444,13.369996581196403,119.58797264957138,Projected
Russia,RUS,Europe,Europe,6.9169333333333185,6.055667433747096,7.778199232919541,2038,2103.8067384615388,13.554533333333154,122.73518974358831,Projected
Russia,RUS,Europe,Europe,6.955244444444432,6.083715619288964,7.8267732695999,2039,2102.948933333334,13.739070085469905,125.88240683760523,Projected
Russia,RUS,Europe,Europe,6.993555555555545,6.111495456243834,7.875615654867256,2040,2102.091128205129,13.923606837606656,129.02962393162215,Projected
Russia,RUS,Europe,Europe,7.031866666666659,6.1390164401713045,7.924716893162013,2041,2101.2333230769236,14.108143589743406,132.17684102563908,Projected
Russia,RUS,Europe,Europe,7.070177777777772,6.166287841147246,7.9740677144082985,2042,2100.3755179487184,14.292680341880157,135.3240581196569,Projected
Russia,RUS,Europe,Europe,7.1084888888888855,6.193318691294373,8.023659086483397,2043,2099.517712820513,14.477217094016908,138.47127521367383,Projected
Russia,RUS,Europe,Europe,7.146799999999985,6.2201177750584895,8.07348222494148,2044,2098.6599076923085,14.661753846153658,141.61849230769076,Projected
Russia,RUS,Europe,Europe,7.185111111111098,6.246693621976344,8.123528600245852,2045,2097.802102564103,14.846290598290409,144.76570940170768,Projected
Russia,RUS,Europe,Europe,7.2234222222222115,6.273054501684765,8.173789942759658,2046,2096.944297435898,15.03082735042716,147.91292649572551,Projected
Russia,RUS,Europe,Europe,7.261733333333325,6.299208420928868,8.224258245737781,2047,2096.086492307693,15.21536410256391,151.06014358974244,Projected
Russia,RUS,Europe,Europe,7.300044444444438,6.325163122337492,8.274925766551386,2048,2095.2286871794877,15.399900854700661,154.20736068375936,Projected
Russia,RUS,Europe,Europe,7.338355555555552,6.350926084747193,8.325785026363912,2049,2094.3708820512825,15.584437606837412,157.35457777777629,Projected
Russia,RUS,Europe,Europe,7.376666666666665,6.376504524870214,8.376828808463117,2050,2093.5130769230773,15.768974358974162,160.5017948717932,Projected
Rwanda,RWA,Africa,Africa,22.332953846153828,21.575544444980086,23.09036324732757,2026,1574.9989538461505,20.932923076923004,91.18156923076731,Projected
Rwanda,RWA,Africa,Africa,22.38590769230767,21.622289913498328,23.14952547111701,2027,1579.258164102559,21.03687179487173,94.3922837606815,Projected
Rwanda,RWA,Africa,Africa,22.43886153846151,21.66864745706678,23.20907561985624,2028,1583.5173743589694,21.140820512820426,97.60299829059659,Projected
Rwanda,RWA,Africa,Africa,22.491815384615364,21.7146269530356,23.269003816195127,2029,1587.7765846153798,21.24476923076915,100.81371282051077,Projected
Rwanda,RWA,Africa,Africa,22.544769230769205,21.760238483684198,23.329299977854213,2030,1592.0357948717901,21.348717948717876,104.02442735042587,Projected
Rwanda,RWA,Africa,Africa,22.59772307692306,21.80549227974349,23.38995387410263,2031,1596.2950051282005,21.452666666666573,107.23514188034005,Projected
Rwanda,RWA,Africa,Africa,22.6506769230769,21.85039866720869,23.45095517894511,2032,1600.5542153846109,21.5566153846153,110.44585641025424,Projected
Rwanda,RWA,Africa,Africa,22.70363076923074,21.894968017789314,23.51229352067217,2033,1604.8134256410212,21.660564102564024,113.65657094016933,Projected
Rwanda,RWA,Africa,Africa,22.756584615384597,21.93921070323677,23.573958527532422,2034,1609.0726358974316,21.76451282051275,116.86728547008352,Projected
Rwanda,RWA,Africa,Africa,22.809538461538438,21.983137053693234,23.63593986938364,2035,1613.331846153842,21.868461538461446,120.07799999999861,Projected
Rwanda,RWA,Africa,Africa,22.86249230769228,22.026757320118534,23.698227295266022,2036,1617.5910564102505,21.97241025641017,123.2887145299128,Projected
Rwanda,RWA,Africa,Africa,22.915446153846133,22.07008164077564,23.760810666916626,2037,1621.850266666661,22.076358974358897,126.49942905982698,Projected
Rwanda,RWA,Africa,Africa,22.968399999999974,22.1131200116917,23.82367998830825,2038,1626.1094769230713,22.180307692307622,129.71014358974207,Projected
Rwanda,RWA,Africa,Africa,23.02135384615383,22.15588226095882,23.88682543134884,2039,1630.3686871794816,22.28425641025632,132.92085811965626,Projected
Rwanda,RWA,Africa,Africa,23.07430769230767,22.1983780266969,23.95023735791844,2040,1634.627897435892,22.388205128205044,136.13157264957135,Projected
Rwanda,RWA,Africa,Africa,23.12726153846151,22.24061673847017,24.013906338452852,2041,1638.8871076923024,22.49215384615377,139.34228717948554,Projected
Rwanda,RWA,Africa,Africa,23.180215384615366,22.282607601926262,24.07782316730447,2042,1643.1463179487127,22.596102564102495,142.55300170940063,Projected
Rwanda,RWA,Africa,Africa,23.233169230769207,22.324359586413426,24.141978875124988,2043,1647.4055282051231,22.70005128205119,145.76371623931482,Projected
Rwanda,RWA,Africa,Africa,23.286123076923047,22.365881415324434,24.20636473852166,2044,1651.6647384615317,22.803999999999917,148.974430769229,Projected
Rwanda,RWA,Africa,Africa,23.339076923076902,22.407181558914626,24.27097228723918,2045,1655.923948717942,22.907948717948642,152.1851452991441,Projected
Rwanda,RWA,Africa,Africa,23.392030769230743,22.448268229345747,24.33579330911574,2046,1660.1831589743524,23.011897435897367,155.39585982905828,Projected
Rwanda,RWA,Africa,Africa,23.444984615384598,22.48914937771501,24.400819853054188,2047,1664.4423692307628,23.115846153846064,158.60657435897338,Projected
Rwanda,RWA,Africa,Africa,23.49793846153844,22.52983269283894,24.466044230237937,2048,1668.7015794871731,23.21979487179479,161.81728888888756,Projected
Rwanda,RWA,Africa,Africa,23.55089230769228,22.570325601575206,24.531459013809354,2049,1672.9607897435835,23.323743589743515,165.02800341880175,Projected
Rwanda,RWA,Africa,Africa,23.603846153846135,22.61063527047897,24.5970570372133,2050,1677.219999999994,23.42769230769221,168.23871794871684,Projected
Western Sahara,SAH,Africa,Africa,26.75526153846154,25.97874434089406,27.53177873602902,2026,443.2933846153858,107.54107692307662,84.59975384615245,Projected
Western Sahara,SAH,Africa,Africa,26.775651282051278,25.992769082946236,27.55853348115632,2027,443.3929230769243,108.60634188034146,87.77104615384451,Projected
Western Sahara,SAH,Africa,Africa,26.796041025641024,26.006396113543545,27.585685937738504,2028,443.49246153846286,109.6716068376063,90.94233846153747,Projected
Western Sahara,SAH,Africa,Africa,26.81643076923077,26.01963555922024,27.6132259792413,2029,443.59200000000146,110.7368717948716,94.11363076922953,Projected
Western Sahara,SAH,Africa,Africa,26.83682051282051,26.032497756609796,27.64114326903122,2030,443.69153846153995,111.80213675213645,97.28492307692159,Projected
Western Sahara,SAH,Africa,Africa,26.857210256410255,26.044993194542265,27.669427318278245,2031,443.79107692307855,112.86740170940129,100.45621538461455,Projected
Western Sahara,SAH,Africa,Africa,26.8776,26.05713245951535,27.69806754048465,2032,443.8906153846171,113.93266666666659,103.62750769230661,Projected
Western Sahara,SAH,Africa,Africa,26.89798974358974,26.068926184894277,27.727053302285203,2033,443.99015384615564,114.99793162393144,106.79879999999866,Projected
Western Sahara,SAH,Africa,Africa,26.918379487179486,26.080385004087244,27.756373970271728,2034,444.08969230769424,116.06319658119628,109.97009230769163,Projected
Western Sahara,SAH,Africa,Africa,26.938769230769232,26.09151950784353,27.786018953694935,2035,444.1892307692327,117.12846153846112,113.14138461538369,Projected
Western Sahara,SAH,Africa,Africa,26.959158974358978,26.102340205732432,27.815977742985524,2036,444.2887692307713,118.19372649572642,116.31267692307574,Projected
Western Sahara,SAH,Africa,Africa,26.979548717948717,26.112857491783288,27.846239944114146,2037,444.38830769230987,119.25899145299127,119.48396923076871,Projected
Western Sahara,SAH,Africa,Africa,26.999938461538463,26.123081614201364,27.87679530887556,2038,444.4878461538484,120.32425641025611,122.65526153846076,Projected
Western Sahara,SAH,Africa,Africa,27.02032820512821,26.133022649020187,27.90763376123623,2039,444.587384615387,121.38952136752096,125.82655384615282,Projected
Western Sahara,SAH,Africa,Africa,27.040717948717948,26.142690477508534,27.93874541992736,2040,444.6869230769255,122.45478632478626,128.99784615384579,Projected
Western Sahara,SAH,Africa,Africa,27.061107692307694,26.152094767118086,27.9701206174973,2041,444.7864615384641,123.5200512820511,132.16913846153784,Projected
Western Sahara,SAH,Africa,Africa,27.08149743589744,26.16124495573498,28.0017499160599,2042,444.88600000000264,124.58531623931594,135.3404307692299,Projected
Western Sahara,SAH,Africa,Africa,27.10188717948718,26.170150238984686,28.03362411998967,2043,444.9855384615412,125.65058119658124,138.51172307692195,Projected
Western Sahara,SAH,Africa,Africa,27.122276923076925,26.17881956033226,28.065734285821588,2044,445.0850769230798,126.71584615384609,141.68301538461492,Projected
Western Sahara,SAH,Africa,Africa,27.14266666666667,26.187261603719186,28.098071729614155,2045,445.1846153846183,127.78111111111093,144.85430769230697,Projected
Western Sahara,SAH,Africa,Africa,27.163056410256416,26.195484788482272,28.13062803203056,2046,445.28415384615687,128.84637606837578,148.02559999999903,Projected
Western Sahara,SAH,Africa,Africa,27.183446153846155,26.203497266307625,28.163395041384685,2047,445.38369230769547,129.91164102564107,151.196892307692,Projected
Western Sahara,SAH,Africa,Africa,27.2038358974359,26.211306919983983,28.19636487488782,2048,445.48323076923396,130.97690598290592,154.36818461538405,Projected
Western Sahara,SAH,Africa,Africa,27.224225641025647,26.218921363732502,28.229529918318793,2049,445.58276923077256,132.04217094017076,157.5394769230761,Projected
Western Sahara,SAH,Africa,Africa,27.244615384615386,26.226347944904962,28.26288282432581,2050,445.6823076923111,133.10743589743606,160.71076923076907,Projected
Saudi Arabia,SAU,Asia,Asia,24.986707692307682,24.1630272738327,25.810388110782664,2026,1121.4819076923056,7.372184615384555,89.9922153846137,Projected
Saudi Arabia,SAU,Asia,Asia,25.01717606837606,24.18674405811859,25.847608078633527,2027,1122.1322769230749,7.498899145299077,93.18904615384508,Projected
Saudi Arabia,SAU,Asia,Asia,25.047644444444437,24.210038975202306,25.885249913686568,2028,1122.7826461538439,7.625613675213657,96.38587692307556,Projected
Saudi Arabia,SAU,Asia,Asia,25.078112820512814,24.232922766672054,25.923302874353574,2029,1123.433015384613,7.75232820512818,99.58270769230603,Projected
Saudi Arabia,SAU,Asia,Asia,25.10858119658119,24.255406396976035,25.961755996186348,2030,1124.083384615382,7.879042735042702,102.77953846153741,Projected
Saudi Arabia,SAU,Asia,Asia,25.13904957264956,24.27750099200295,26.000598153296174,2031,1124.7337538461513,8.005757264957225,105.97636923076789,Projected
Saudi Arabia,SAU,Asia,Asia,25.16951794871794,24.29921778124121,26.039818116194667,2032,1125.3841230769203,8.132471794871748,109.17319999999836,Projected
Saudi Arabia,SAU,Asia,Asia,25.199986324786316,24.32056804389332,26.07940460567931,2033,1126.0344923076896,8.25918632478627,112.37003076922974,Projected
Saudi Arabia,SAU,Asia,Asia,25.230454700854693,24.341563059207356,26.11934634250203,2034,1126.6848615384586,8.38590085470085,115.56686153846022,Projected
Saudi Arabia,SAU,Asia,Asia,25.26092307692307,24.362214061181522,26.15963209266462,2035,1127.3352307692278,8.512615384615373,118.76369230769069,Projected
Saudi Arabia,SAU,Asia,Asia,25.291391452991448,24.382532197703412,26.200250708279484,2036,1127.9855999999968,8.639329914529895,121.96052307692207,Projected
Saudi Arabia,SAU,Asia,Asia,25.321859829059825,24.402528494103137,26.241191164016513,2037,1128.635969230766,8.766044444444418,125.15735384615255,Projected
Saudi Arabia,SAU,Asia,Asia,25.352328205128202,24.42221382102982,26.282442589226584,2038,1129.286338461535,8.89275897435894,128.35418461538302,Projected
Saudi Arabia,SAU,Asia,Asia,25.38279658119658,24.441598866503696,26.323994295889463,2039,1129.9367076923043,9.019473504273464,131.5510153846144,Projected
Saudi Arabia,SAU,Asia,Asia,25.413264957264957,24.460694111950843,26.36583580257907,2040,1130.5870769230733,9.146188034188043,134.74784615384488,Projected
Saudi Arabia,SAU,Asia,Asia,25.443733333333334,24.47950981199364,26.407956854673028,2041,1131.2374461538425,9.272902564102566,137.94467692307626,Projected
Saudi Arabia,SAU,Asia,Asia,25.47420170940171,24.498055977745864,26.45034744105756,2042,1131.8878153846115,9.399617094017088,141.14150769230673,Projected
Saudi Arabia,SAU,Asia,Asia,25.50467008547008,24.51634236334645,26.492997807593714,2043,1132.5381846153807,9.526331623931611,144.3383384615372,Projected
Saudi Arabia,SAU,Asia,Asia,25.53513846153846,24.534378455458494,26.535898467618424,2044,1133.1885538461497,9.653046153846134,147.5351692307686,Projected
Saudi Arabia,SAU,Asia,Asia,25.565606837606836,24.552173465458868,26.579040209754805,2045,1133.838923076919,9.779760683760657,150.73199999999906,Projected
Saudi Arabia,SAU,Asia,Asia,25.596075213675213,24.56973632404851,26.622414103301917,2046,1134.489292307688,9.906475213675236,153.92883076922953,Projected
Saudi Arabia,SAU,Asia,Asia,25.62654358974359,24.587075678021407,26.666011501465775,2047,1135.1396615384572,10.033189743589759,157.12566153846092,Projected
Saudi Arabia,SAU,Asia,Asia,25.657011965811968,24.60419988894216,26.709824042681777,2048,1135.7900307692262,10.159904273504281,160.3224923076914,Projected
Saudi Arabia,SAU,Asia,Asia,25.687480341880345,24.621117033495857,26.753843650264834,2049,1136.4403999999952,10.286618803418804,163.51932307692186,Projected
Saudi Arabia,SAU,Asia,Asia,25.717948717948723,24.637834905289413,26.798062530608032,2050,1137.0907692307644,10.413333333333327,166.71615384615325,Projected
Sudan,SDN,Africa,Africa,23.173753846153843,22.270617287783146,24.07689040452454,2026,885.8388615384647,5.722123076923111,89.62030769230569,Projected
Sudan,SDN,Africa,Africa,23.209388034188024,22.298848593304655,24.119927475071393,2027,882.4923384615413,5.772365811965855,92.90446153845915,Projected
Sudan,SDN,Africa,Africa,23.245022222222218,22.326617336302508,24.163427108141928,2028,879.1458153846188,5.822608547008599,96.18861538461351,Projected
Sudan,SDN,Africa,Africa,23.280656410256412,22.353935294549718,24.207377525963107,2029,875.7992923076954,5.872851282051329,99.47276923076697,Projected
Sudan,SDN,Africa,Africa,23.316290598290593,22.38081449017741,24.251766706403775,2030,872.452769230772,5.923094017094073,102.75692307692134,Projected
Sudan,SDN,Africa,Africa,23.351924786324787,22.407267122330587,24.296582450318986,2031,869.1062461538495,5.973336752136817,106.0410769230748,Projected
Sudan,SDN,Africa,Africa,23.387558974358967,22.433305503747597,24.341812444970337,2032,865.7597230769261,6.0235794871795605,109.32523076922917,Projected
Sudan,SDN,Africa,Africa,23.42319316239316,22.458942001676636,24.387444323109687,2033,862.4132000000027,6.07382222222229,112.60938461538262,Projected
Sudan,SDN,Africa,Africa,23.458827350427356,22.484188983415795,24.433465717438917,2034,859.0666769230802,6.124064957265034,115.89353846153699,Projected
Sudan,SDN,Africa,Africa,23.494461538461536,22.50905876664829,24.47986431027478,2035,855.7201538461568,6.174307692307778,119.17769230769045,Projected
Sudan,SDN,Africa,Africa,23.53009572649573,22.53356357464013,24.52662787835133,2036,852.3736307692343,6.224550427350508,122.46184615384391,Projected
Sudan,SDN,Africa,Africa,23.56572991452991,22.5577154962773,24.57374433278252,2037,849.0271076923109,6.274793162393252,125.74599999999828,Projected
Sudan,SDN,Africa,Africa,23.601364102564105,22.581526450843594,24.621201754284616,2038,845.6805846153875,6.3250358974359955,129.03015384615173,Projected
Sudan,SDN,Africa,Africa,23.6369982905983,22.605008157376606,24.668988423819993,2039,842.334061538465,6.375278632478739,132.3143076923061,Projected
Sudan,SDN,Africa,Africa,23.67263247863248,22.628172108390732,24.717092848874227,2040,838.9875384615416,6.425521367521469,135.59846153845956,Projected
Sudan,SDN,Africa,Africa,23.708266666666674,22.65102954771815,24.7655037856152,2041,835.6410153846182,6.475764102564213,138.88261538461393,Projected
Sudan,SDN,Africa,Africa,23.743900854700854,22.67359145219235,24.814210257209357,2042,832.2944923076957,6.526006837606957,142.1667692307674,Projected
Sudan,SDN,Africa,Africa,23.77953504273505,22.695868516883067,24.86320156858703,2043,828.9479692307723,6.576249572649687,145.45092307692175,Projected
Sudan,SDN,Africa,Africa,23.815169230769243,22.7178711435821,24.912467317956384,2044,825.6014461538498,6.6264923076924305,148.7350769230752,Projected
Sudan,SDN,Africa,Africa,23.850803418803423,22.739609432239654,24.961997405367192,2045,822.2549230769264,6.676735042735174,152.01923076922958,Projected
Sudan,SDN,Africa,Africa,23.886437606837617,22.761093175054672,25.011782038620563,2046,818.908400000003,6.726977777777918,155.30338461538304,Projected
Sudan,SDN,Africa,Africa,23.922071794871798,22.78233185293209,25.061811736811507,2047,815.5618769230805,6.777220512820648,158.5875384615374,Projected
Sudan,SDN,Africa,Africa,23.957705982905992,22.80333463403291,25.112077331779073,2048,812.2153538461571,6.827463247863392,161.87169230769086,Projected
Sudan,SDN,Africa,Africa,23.993340170940186,22.82411037415777,25.162569967722604,2049,808.8688307692337,6.877705982906136,165.15584615384432,Projected
Sudan,SDN,Africa,Africa,24.028974358974367,22.844667618722035,25.2132810992267,2050,805.5223076923112,6.9279487179488655,168.4399999999987,Projected
South Sudan,SDS,Africa,Africa,26.18993846153844,25.372714375942664,27.007162547134214,2026,1181.0036923076918,6.257169230769222,88.29261538461287,Projected
South Sudan,SDS,Africa,Africa,26.222526495726477,25.39860373999481,27.046449251458142,2027,1182.8789230769225,6.30433846153845,91.51121367521137,Projected
South Sudan,SDS,Africa,Africa,26.255114529914515,25.42407454360675,27.08615451622228,2028,1184.7541538461537,6.351507692307678,94.72981196580986,Projected
South Sudan,SDS,Africa,Africa,26.28770256410254,25.449137444169875,27.126267684035202,2029,1186.6293846153844,6.398676923076906,97.94841025640835,Projected
South Sudan,SDS,Africa,Africa,26.320290598290576,25.473803320188722,27.16677787639243,2030,1188.5046153846151,6.445846153846148,101.16700854700593,Projected
South Sudan,SDS,Africa,Africa,26.352878632478614,25.498083210342873,27.207674054614355,2031,1190.3798461538458,6.493015384615376,104.38560683760443,Projected
South Sudan,SDS,Africa,Africa,26.385466666666638,25.52198825609954,27.248945077233735,2032,1192.2550769230766,6.540184615384604,107.60420512820292,Projected
South Sudan,SDS,Africa,Africa,26.418054700854675,25.54552964825041,27.29057975345894,2033,1194.1303076923073,6.587353846153832,110.82280341880141,Projected
South Sudan,SDS,Africa,Africa,26.450642735042713,25.56871857763234,27.332566892453087,2034,1196.0055384615384,6.634523076923074,114.0414017093999,Projected
South Sudan,SDS,Africa,Africa,26.48323076923075,25.59156619018701,27.374895348274492,2035,1197.8807692307691,6.681692307692302,117.25999999999749,Projected
South Sudan,SDS,Africa,Africa,26.515818803418775,25.614083546420453,27.417554060417096,2036,1199.7559999999999,6.72886153846153,120.47859829059598,Projected
South Sudan,SDS,Africa,Africa,26.548406837606812,25.636281585241907,27.460532089971718,2037,1201.6312307692306,6.776030769230758,123.69719658119448,Projected
South Sudan,SDS,Africa,Africa,26.58099487179485,25.65817109209204,27.50381865149766,2038,1203.5064615384613,6.8232,126.91579487179297,Projected
South Sudan,SDS,Africa,Africa,26.613582905982888,25.679762671214146,27.54740314075163,2039,1205.381692307692,6.870369230769228,130.13439316239146,Projected
South Sudan,SDS,Africa,Africa,26.64617094017091,25.70106672187673,27.59127515846509,2040,1207.2569230769232,6.917538461538456,133.35299145298904,Projected
South Sudan,SDS,Africa,Africa,26.67875897435895,25.722093418322423,27.635424530395476,2041,1209.1321538461539,6.964707692307684,136.57158974358754,Projected
South Sudan,SDS,Africa,Africa,26.711347008546987,25.742852693193903,27.67984132390007,2042,1211.0073846153846,7.011876923076926,139.79018803418603,Projected
South Sudan,SDS,Africa,Africa,26.74393504273501,25.763354224173312,27.72451586129671,2043,1212.8826153846153,7.059046153846154,143.00878632478452,Projected
South Sudan,SDS,Africa,Africa,26.77652307692305,25.783607423563538,27.76943873028256,2044,1214.757846153846,7.106215384615382,146.22738461538302,Projected
South Sudan,SDS,Africa,Africa,26.809111111111086,25.80362143053903,27.81460079168314,2045,1216.6330769230767,7.15338461538461,149.4459829059815,Projected
South Sudan,SDS,Africa,Africa,26.841699145299124,25.823405105798365,27.859993184799883,2046,1218.5083076923079,7.200553846153852,152.6645811965791,Projected
South Sudan,SDS,Africa,Africa,26.874287179487148,25.84296702835852,27.905607330615776,2047,1220.3835384615386,7.24772307692308,155.88317948717759,Projected
South Sudan,SDS,Africa,Africa,26.906875213675185,25.86231549424287,27.9514349331075,2048,1222.2587692307693,7.294892307692308,159.10177777777608,Projected
South Sudan,SDS,Africa,Africa,26.939463247863223,25.88145851682825,27.997467978898197,2049,1224.134,7.342061538461536,162.32037606837457,Projected
South Sudan,SDS,Africa,Africa,26.972051282051247,25.900403828632175,28.04369873547032,2050,1226.0092307692307,7.389230769230764,165.53897435897306,Projected
Senegal,SEN,Africa,Africa,30.291292307692288,29.520970043869,31.061614571515577,2026,1094.4010769230758,66.18655384615363,89.23446153845998,Projected
Senegal,SEN,Africa,Africa,30.334892307692286,29.558255821326323,31.11152879405825,2027,1096.0184786324776,66.77584273504249,92.46507692307569,Projected
Senegal,SEN,Africa,Africa,30.378492307692284,29.59514706020906,31.161837555175506,2028,1097.6358803418793,67.36513162393135,95.69569230769048,Projected
Senegal,SEN,Africa,Africa,30.42209230769228,29.631653806263564,31.212530809121,2029,1099.2532820512806,67.9544205128202,98.92630769230618,Projected
Senegal,SEN,Africa,Africa,30.465692307692294,29.66778631365926,31.263598301725327,2030,1100.8706837606824,68.5437094017093,102.15692307692188,Projected
Senegal,SEN,Africa,Africa,30.50929230769229,29.703554987547903,31.31502962783668,2031,1102.4880854700841,69.13299829059815,105.38753846153668,Projected
Senegal,SEN,Africa,Africa,30.55289230769229,29.73897032996978,31.366814285414797,2032,1104.1054871794859,69.72228717948701,108.61815384615238,Projected
Senegal,SEN,Africa,Africa,30.596492307692287,29.774042889458787,31.418941725925787,2033,1105.7228888888876,70.31157606837587,111.84876923076808,Projected
Senegal,SEN,Africa,Africa,30.640092307692285,29.808783214591422,31.471401400793148,2034,1107.3402905982894,70.90086495726473,115.07938461538288,Projected
Senegal,SEN,Africa,Africa,30.683692307692297,29.84320181162564,31.524182803758954,2035,1108.957692307691,71.49015384615359,118.30999999999858,Projected
Senegal,SEN,Africa,Africa,30.727292307692295,29.877309106286987,31.577275509097603,2036,1110.5750940170929,72.07944273504245,121.54061538461428,Projected
Senegal,SEN,Africa,Africa,30.770892307692293,29.91111540968287,31.630669205701714,2037,1112.1924957264941,72.66873162393131,124.77123076922908,Projected
Senegal,SEN,Africa,Africa,30.81449230769229,29.944630888259955,31.684353727124627,2038,1113.809897435896,73.2580205128204,128.00184615384478,Projected
Senegal,SEN,Africa,Africa,30.85809230769229,29.977865537666737,31.73831907771784,2039,1115.4272991452976,73.84730940170925,131.23246153846048,Projected
Senegal,SEN,Africa,Africa,30.901692307692286,30.010829160340776,31.792555455043797,2040,1117.0447008546994,74.43659829059811,134.4630769230762,Projected
Senegal,SEN,Africa,Africa,30.9452923076923,30.04353134660832,31.84705326877628,2041,1118.6621025641011,75.02588717948697,137.69369230769098,Projected
Senegal,SEN,Africa,Africa,30.988892307692296,30.07598145906149,31.9018031563231,2042,1120.2795042735029,75.61517606837583,140.92430769230668,Projected
Senegal,SEN,Africa,Africa,31.032492307692294,30.108188619964512,31.956795995420077,2043,1121.8969059829046,76.20446495726469,144.1549230769224,Projected
Senegal,SEN,Africa,Africa,31.076092307692292,30.14016170143284,32.01202291395174,2044,1123.5143076923064,76.79375384615355,147.38553846153718,Projected
Senegal,SEN,Africa,Africa,31.11969230769229,30.17190931812884,32.06747529725574,2045,1125.1317094017077,77.38304273504264,150.61615384615288,Projected
Senegal,SEN,Africa,Africa,31.163292307692302,30.20343982222116,32.12314479316345,2046,1126.7491111111094,77.9723316239315,153.8467692307686,Projected
Senegal,SEN,Africa,Africa,31.2068923076923,30.234761300363004,32.179023315021595,2047,1128.3665128205112,78.56162051282035,157.07738461538338,Projected
Senegal,SEN,Africa,Africa,31.250492307692298,30.265881572455445,32.235103042929154,2048,1129.983914529913,79.15090940170921,160.30799999999908,Projected
Senegal,SEN,Africa,Africa,31.294092307692296,30.29680819197457,32.29137642341002,2049,1131.6013162393147,79.74019829059807,163.5386153846148,Projected
Senegal,SEN,Africa,Africa,31.337692307692294,30.32754844765613,32.34783616772846,2050,1133.2187179487164,80.32948717948693,166.76923076922958,Projected
Singapore,SGP,Asia,Asia,26.468369230769213,25.724321685394145,27.21241677614428,2026,761.6924307692291,10.623569230769135,87.20046153845942,Projected
Singapore,SGP,Asia,Asia,26.509815384615365,25.759668986845053,27.259961782385677,2027,762.6721264957248,10.849702564102472,90.36767521367346,Projected
Singapore,SGP,Asia,Asia,26.551261538461517,25.794635206933314,27.30788786998972,2028,763.6518222222203,11.075835897435809,93.5348888888866,Projected
Singapore,SGP,Asia,Asia,26.59270769230767,25.82923004875757,27.35618533585777,2029,764.631517948716,11.301969230769146,96.70210256410064,Projected
Singapore,SGP,Asia,Asia,26.634153846153822,25.86346341673048,27.404844275577165,2030,765.6112136752117,11.528102564102483,99.86931623931468,Projected
Singapore,SGP,Asia,Asia,26.675599999999974,25.89734536109726,27.45385463890269,2031,766.5909094017072,11.75423589743582,103.03652991452782,Projected
Singapore,SGP,Asia,Asia,26.717046153846127,25.93088602568686,27.503206282005394,2032,767.5706051282029,11.980369230769156,106.20374358974186,Projected
Singapore,SGP,Asia,Asia,26.758492307692293,25.964095599236042,27.552889016148544,2033,768.5503008546984,12.206502564102493,109.3709572649559,Projected
Singapore,SGP,Asia,Asia,26.799938461538446,25.99698427052267,27.60289265255422,2034,769.5299965811942,12.43263589743583,112.53817094016904,Projected
Singapore,SGP,Asia,Asia,26.841384615384598,26.029562187449518,27.65320704331968,2035,770.5096923076899,12.658769230769167,115.70538461538308,Projected
Singapore,SGP,Asia,Asia,26.88283076923075,26.06183942013385,27.70382211832765,2036,771.4893880341854,12.884902564102504,118.87259829059622,Projected
Singapore,SGP,Asia,Asia,26.924276923076903,26.093825927984216,27.75472791816959,2037,772.4690837606811,13.11103589743584,122.03981196581026,Projected
Singapore,SGP,Asia,Asia,26.965723076923055,26.125531530682647,27.805914623163464,2038,773.4487794871768,13.337169230769177,125.2070256410243,Projected
Singapore,SGP,Asia,Asia,27.007169230769208,26.156965882938703,27.857372578599712,2039,774.4284752136723,13.563302564102514,128.37423931623744,Projected
Singapore,SGP,Asia,Asia,27.04861538461536,26.188138452841187,27.909092316389533,2040,775.408170940168,13.789435897435851,131.54145299145148,Projected
Singapore,SGP,Asia,Asia,27.090061538461512,26.219058503602437,27.961064573320588,2041,776.3878666666637,14.015569230769188,134.70866666666552,Projected
Singapore,SGP,Asia,Asia,27.131507692307665,26.249735078468426,28.013280306146903,2042,777.3675623931592,14.241702564102525,137.87588034187866,Projected
Singapore,SGP,Asia,Asia,27.17295384615383,26.280176988554473,28.06573070375319,2043,778.347258119655,14.467835897435862,141.0430940170927,Projected
Singapore,SGP,Asia,Asia,27.214399999999983,26.31039280335937,28.118407196640597,2044,779.3269538461504,14.693969230769198,144.21030769230583,Projected
Singapore,SGP,Asia,Asia,27.255846153846136,26.340390843710246,28.171301463982026,2045,780.3066495726462,14.920102564102535,147.37752136751988,Projected
Singapore,SGP,Asia,Asia,27.297292307692288,26.370179176893835,28.22440543849074,2046,781.2863452991419,15.146235897435872,150.54473504273392,Projected
Singapore,SGP,Asia,Asia,27.33873846153844,26.39976561373785,28.277711309339033,2047,782.2660410256374,15.372369230769209,153.71194871794705,Projected
Singapore,SGP,Asia,Asia,27.380184615384593,26.4291577074164,28.331211523352785,2048,783.2457367521331,15.598502564102546,156.8791623931611,Projected
Singapore,SGP,Asia,Asia,27.421630769230745,26.458362753766064,28.384898784695427,2049,784.2254324786288,15.824635897435883,160.04637606837514,Projected
Singapore,SGP,Asia,Asia,27.463076923076898,26.487387792913033,28.438766053240762,2050,785.2051282051243,16.05076923076922,163.21358974358827,Projected
Solomon Islands,SLB,Oceania,Oceania,28.712430769230757,27.926910788643717,29.497950749817797,2026,1180.2672000000011,30.835015384615303,88.06999999999789,Projected
Solomon Islands,SLB,Oceania,Oceania,28.746143589743575,27.954184813081074,29.538102366406076,2027,1178.8928615384625,31.01815042735035,91.28649572649374,Projected
Solomon Islands,SLB,Oceania,Oceania,28.779856410256407,27.981056515077565,29.57865630543525,2028,1177.5185230769243,31.201285470085395,94.50299145298959,Projected
Solomon Islands,SLB,Oceania,Oceania,28.813569230769225,28.007536138572412,29.61960232296604,2029,1176.1441846153857,31.38442051282044,97.71948717948544,Projected
Solomon Islands,SLB,Oceania,Oceania,28.847282051282043,28.033634140039933,29.660929962524154,2030,1174.769846153847,31.567555555555487,100.93598290598129,Projected
Solomon Islands,SLB,Oceania,Oceania,28.88099487179486,28.059361129915544,29.70262861367418,2031,1173.395507692309,31.750690598290532,104.15247863247714,Projected
Solomon Islands,SLB,Oceania,Oceania,28.914707692307694,28.084727817434676,29.744687567180712,2032,1172.0211692307703,31.933825641025578,107.36897435897299,Projected
Solomon Islands,SLB,Oceania,Oceania,28.948420512820512,28.109744959243617,29.787096066397407,2033,1170.646830769232,32.116960683760624,110.58547008546884,Projected
Solomon Islands,SLB,Oceania,Oceania,28.98213333333333,28.13442331203214,29.82984335463452,2034,1169.2724923076935,32.30009572649561,113.80196581196378,Projected
Solomon Islands,SLB,Oceania,Oceania,29.015846153846148,28.158773589336537,29.87291871835576,2035,1167.8981538461549,32.48323076923066,117.01846153845963,Projected
Solomon Islands,SLB,Oceania,Oceania,29.049558974358966,28.18280642257192,29.91631152614601,2036,1166.5238153846167,32.666365811965704,120.23495726495548,Projected
Solomon Islands,SLB,Oceania,Oceania,29.0832717948718,28.206532326273916,29.96001126346968,2037,1165.149476923078,32.84950085470075,123.45145299145133,Projected
Solomon Islands,SLB,Oceania,Oceania,29.116984615384617,28.229961667463364,30.00400756330587,2038,1163.7751384615394,33.032635897435796,126.66794871794718,Projected
Solomon Islands,SLB,Oceania,Oceania,29.150697435897435,28.253104638993307,30.048290232801563,2039,1162.4008000000013,33.21577094017084,129.88444444444303,Projected
Solomon Islands,SLB,Oceania,Oceania,29.184410256410253,28.27597123669395,30.092849276126554,2040,1161.0264615384626,33.39890598290589,133.10094017093888,Projected
Solomon Islands,SLB,Oceania,Oceania,29.21812307692307,28.29857124009944,30.1376749137467,2041,1159.652123076924,33.58204102564093,136.31743589743473,Projected
Solomon Islands,SLB,Oceania,Oceania,29.251835897435903,28.320914196516878,30.18275759835493,2042,1158.2777846153858,33.76517606837598,139.53393162393058,Projected
Solomon Islands,SLB,Oceania,Oceania,29.28554871794872,28.34300940818392,30.228088027713522,2043,1156.9034461538472,33.948311111111025,142.75042735042643,Projected
Solomon Islands,SLB,Oceania,Oceania,29.31926153846154,28.364865922254353,30.273657154668726,2044,1155.529107692309,34.13144615384607,145.96692307692138,Projected
Solomon Islands,SLB,Oceania,Oceania,29.352974358974357,28.38649252334952,30.319456194599194,2045,1154.1547692307704,34.314581196581116,149.18341880341723,Projected
Solomon Islands,SLB,Oceania,Oceania,29.38668717948719,28.407897728418334,30.365476630556046,2046,1152.7804307692318,34.49771623931616,152.39991452991308,Projected
Solomon Islands,SLB,Oceania,Oceania,29.420400000000008,28.429089783655872,30.411710216344144,2047,1151.4060923076936,34.68085128205121,155.61641025640893,Projected
Solomon Islands,SLB,Oceania,Oceania,29.454112820512826,28.450076663242328,30.458148977783324,2048,1150.031753846155,34.863986324786254,158.83290598290478,Projected
Solomon Islands,SLB,Oceania,Oceania,29.487825641025644,28.470866069676603,30.504785212374685,2049,1148.6574153846163,35.0471213675213,162.04940170940063,Projected
Solomon Islands,SLB,Oceania,Oceania,29.521538461538462,28.49146543549419,30.551611487582733,2050,1147.2830769230782,35.230256410256345,165.26589743589648,Projected
Sierra Leone,SLE,Africa,Africa,29.108615384615362,28.206536723814807,30.010694045415917,2026,858.790400000001,3.1079999999999757,87.95067692307475,Projected
Sierra Leone,SLE,Africa,Africa,29.155179487179467,28.245706615302858,30.064652359056076,2027,858.2439623931634,3.13830769230767,91.16297777777618,Projected
Sierra Leone,SLE,Africa,Africa,29.20174358974357,28.28441448609424,30.119072693392905,2028,857.6975247863259,3.1686153846153573,94.3752786324767,Projected
Sierra Leone,SLE,Africa,Africa,29.248307692307677,28.322672100165963,30.17394328444939,2029,857.1510871794881,3.1989230769230517,97.58757948717721,Projected
Sierra Leone,SLE,Africa,Africa,29.29487179487178,28.36049146556694,30.22925212417662,2030,856.6046495726505,3.229230769230746,100.79988034187863,Projected
Sierra Leone,SLE,Africa,Africa,29.341435897435886,28.397884767152558,30.284987027719215,2031,856.0582119658129,3.2595384615384333,104.01218119657915,Projected
Sierra Leone,SLE,Africa,Africa,29.38799999999999,28.43486430323855,30.34113569676143,2032,855.5117743589753,3.2898461538461277,107.22448205128057,Projected
Sierra Leone,SLE,Africa,Africa,29.434564102564096,28.471442426586588,30.397685778541604,2033,854.9653367521378,3.320153846153822,110.43678290598109,Projected
Sierra Leone,SLE,Africa,Africa,29.481128205128186,28.50763149000822,30.454624920248154,2034,854.4188991453002,3.3504615384615093,113.6490837606816,Projected
Sierra Leone,SLE,Africa,Africa,29.52769230769229,28.543443796758257,30.511940818626325,2035,853.8724615384626,3.3807692307692037,116.86138461538303,Projected
Sierra Leone,SLE,Africa,Africa,29.574256410256396,28.57889155578484,30.569621264727953,2036,853.3260239316251,3.411076923076898,120.07368547008355,Projected
Sierra Leone,SLE,Africa,Africa,29.6208205128205,28.61398684181354,30.627654183827463,2037,852.7795863247875,3.4413846153845853,123.28598632478497,Projected
Sierra Leone,SLE,Africa,Africa,29.667384615384606,28.648741560166357,30.686027670602854,2038,852.2331487179499,3.4716923076922797,126.49828717948549,Projected
Sierra Leone,SLE,Africa,Africa,29.71394871794871,28.6831674161537,30.74473001974372,2039,851.6867111111123,3.501999999999974,129.710588034186,Projected
Sierra Leone,SLE,Africa,Africa,29.760512820512815,28.717275888828116,30.803749752197515,2040,851.1402735042748,3.5323076923076684,132.92288888888743,Projected
Sierra Leone,SLE,Africa,Africa,29.80707692307692,28.751078208851176,30.863075637302664,2041,850.5938358974372,3.5626153846153557,136.13518974358794,Projected
Sierra Leone,SLE,Africa,Africa,29.853641025641025,28.784585340198586,30.922696711083464,2042,850.0473982905994,3.59292307692305,139.34749059828937,Projected
Sierra Leone,SLE,Africa,Africa,29.90020512820513,28.81780796541228,30.98260229099798,2043,849.5009606837618,3.6232307692307444,142.55979145298988,Projected
Sierra Leone,SLE,Africa,Africa,29.94676923076922,28.850756474099818,31.042781987438623,2044,848.9545230769243,3.6535384615384316,145.7720923076904,Projected
Sierra Leone,SLE,Africa,Africa,29.993333333333325,28.883440954380774,31.103225712285877,2045,848.4080854700867,3.683846153846126,148.98439316239183,Projected
Sierra Leone,SLE,Africa,Africa,30.03989743589743,28.915871186983868,31.163923684810992,2046,847.8616478632491,3.7141538461538204,152.19669401709234,Projected
Sierra Leone,SLE,Africa,Africa,30.086461538461535,28.948056641708515,31.224866435214555,2047,847.3152102564115,3.7444615384615076,155.40899487179377,Projected
Sierra Leone,SLE,Africa,Africa,30.13302564102564,28.980006475976474,31.286044806074806,2048,846.768772649574,3.774769230769202,158.62129572649428,Projected
Sierra Leone,SLE,Africa,Africa,30.179589743589744,29.011729535215075,31.347449951964414,2049,846.2223350427364,3.8050769230768964,161.8335965811948,Projected
Sierra Leone,SLE,Africa,Africa,30.22615384615385,29.04323435482994,31.409073337477757,2050,845.6758974358988,3.8353846153845836,165.04589743589622,Projected
El Salvador,SLV,North America,Americas,20.94012307692306,20.101210558053868,21.779035595792255,2026,1022.5318153846156,11.185415384615283,88.02969230769122,Projected
El Salvador,SLV,North America,Americas,20.96204102564101,20.116252059618798,21.807829991663223,2027,1025.2438017094019,11.327668376068289,91.14015384615232,Projected
El Salvador,SLV,North America,Americas,20.98395897435896,20.130863892504866,21.837054056213052,2028,1027.9557880341881,11.469921367521238,94.25061538461432,Projected
El Salvador,SLV,North America,Americas,21.005876923076908,20.14505699694159,21.866696849212225,2029,1030.6677743589744,11.612174358974244,97.36107692307542,Projected
El Salvador,SLV,North America,Americas,21.027794871794857,20.158842540139762,21.89674720344995,2030,1033.3797606837607,11.75442735042725,100.47153846153742,Projected
El Salvador,SLV,North America,Americas,21.049712820512806,20.17223185373615,21.92719378728946,2031,1036.091747008547,11.896680341880256,103.58199999999852,Projected
El Salvador,SLV,North America,Americas,21.071630769230755,20.185236374883065,21.958025163578444,2032,1038.8037333333332,12.038933333333205,106.69246153846052,Projected
El Salvador,SLV,North America,Americas,21.093548717948703,20.197867591366276,21.98922984453113,2033,1041.5157196581195,12.18118632478621,109.80292307692162,Projected
El Salvador,SLV,North America,Americas,21.115466666666652,20.210136991017954,22.02079634231535,2034,1044.2277059829057,12.323439316239217,112.91338461538362,Projected
El Salvador,SLV,North America,Americas,21.1373846153846,20.222056015583615,22.052713215185587,2035,1046.939692307693,12.465692307692223,116.02384615384472,Projected
El Salvador,SLV,North America,Americas,21.15930256410255,20.233636019105738,22.08496910909936,2036,1049.6516786324792,12.607945299145172,119.13430769230672,Projected
El Salvador,SLV,North America,Americas,21.1812205128205,20.244888230802896,22.1175527948381,2037,1052.3636649572654,12.750198290598178,122.24476923076782,Projected
El Salvador,SLV,North America,Americas,21.203138461538448,20.255823722352208,22.150453200724687,2038,1055.0756512820517,12.892451282051184,125.35523076922982,Projected
El Salvador,SLV,North America,Americas,21.225056410256396,20.266453379424583,22.18365944108821,2039,1057.787637606838,13.034704273504133,128.46569230769092,Projected
El Salvador,SLV,North America,Americas,21.246974358974345,20.2767878772763,22.217160840672392,2040,1060.4996239316242,13.176957264957139,131.57615384615292,Projected
El Salvador,SLV,North America,Americas,21.268892307692294,20.286837660165702,22.250946955218886,2041,1063.2116102564105,13.319210256410145,134.68661538461402,Projected
El Salvador,SLV,North America,Americas,21.290810256410243,20.296612924339403,22.285007588481083,2042,1065.9235965811968,13.46146324786315,137.79707692307602,Projected
El Salvador,SLV,North America,Americas,21.31272820512819,20.30612360431702,22.319332805939364,2043,1068.635582905983,13.6037162393161,140.90753846153711,Projected
El Salvador,SLV,North America,Americas,21.33464615384614,20.315379362195937,22.353912945496344,2044,1071.3475692307702,13.745969230769106,144.01799999999912,Projected
El Salvador,SLV,North America,Americas,21.35656410256409,20.324389579696547,22.388738625431632,2045,1074.0595555555565,13.888222222222112,147.12846153846021,Projected
El Salvador,SLV,North America,Americas,21.378482051282038,20.333163352672837,22.42380074989124,2046,1076.7715418803427,14.030475213675118,150.23892307692222,Projected
El Salvador,SLV,North America,Americas,21.400399999999987,20.341709487821635,22.45909051217834,2047,1079.483528205129,14.172728205128067,153.34938461538331,Projected
El Salvador,SLV,North America,Americas,21.422317948717936,20.3500365013357,22.49459939610017,2048,1082.1955145299153,14.314981196581073,156.45984615384532,Projected
El Salvador,SLV,North America,Americas,21.444235897435885,20.358152619260093,22.530319175611677,2049,1084.9075008547015,14.457234188034079,159.57030769230732,Projected
El Salvador,SLV,North America,Americas,21.466153846153833,20.366065779326796,22.56624191298087,2050,1087.6194871794878,14.599487179487028,162.68076923076842,Projected
San Marino,SMR,Europe,Europe,7.170738461538434,6.482358830253118,7.85911809282375,2026,925.0362769230742,134.45929230769207,86.20433846153719,Projected
San Marino,SMR,Europe,Europe,7.2086564102563955,6.514634228586768,7.902678591926023,2027,927.6415282051257,135.70781538461506,89.4567965811948,Projected
San Marino,SMR,Europe,Europe,7.2465743589743425,6.546557057182705,7.94659166076598,2028,930.2467794871773,136.9563384615385,92.70925470085331,Projected
San Marino,SMR,Europe,Europe,7.28449230769229,6.578136293176216,7.990848322208363,2029,932.8520307692279,138.2048615384615,95.96171282051182,Projected
San Marino,SMR,Europe,Europe,7.322410256410237,6.609381099954747,8.035439412865728,2030,935.4572820512794,139.4533846153845,99.21417094016942,Projected
San Marino,SMR,Europe,Europe,7.360328205128184,6.6403007758274395,8.080355634428928,2031,938.062533333331,140.7019076923075,102.46662905982794,Projected
San Marino,SMR,Europe,Europe,7.398246153846131,6.670904705685461,8.125587602006801,2032,940.6677846153825,141.95043076923048,105.71908717948554,Projected
San Marino,SMR,Europe,Europe,7.436164102564092,6.701202315967883,8.171125889160301,2033,943.2730358974331,143.19895384615393,108.97154529914405,Projected
San Marino,SMR,Europe,Europe,7.474082051282039,6.731203033151807,8.216961069412271,2034,945.8782871794847,144.44747692307692,112.22400341880257,Projected
San Marino,SMR,Europe,Europe,7.511999999999986,6.760916245897427,8.263083754102546,2035,948.4835384615362,145.6959999999999,115.47646153846017,Projected
San Marino,SMR,Europe,Europe,7.549917948717933,6.790351270899152,8.309484626536715,2036,951.0887897435869,146.9445230769229,118.72891965811868,Projected
San Marino,SMR,Europe,Europe,7.58783589743588,6.819517322425656,8.356154472446104,2037,953.6940410256384,148.19304615384635,121.98137777777629,Projected
San Marino,SMR,Europe,Europe,7.6257538461538275,6.848423485473098,8.403084206834556,2038,956.2992923076899,149.44156923076935,125.2338358974348,Projected
San Marino,SMR,Europe,Europe,7.663671794871789,6.877078692408047,8.45026489733553,2039,958.9045435897415,150.69009230769234,128.48629401709331,Projected
San Marino,SMR,Europe,Europe,7.701589743589736,6.905491702938805,8.497687784240666,2040,961.5097948717921,151.93861538461533,131.73875213675092,Projected
San Marino,SMR,Europe,Europe,7.739507692307683,6.933671087225627,8.54534429738974,2041,964.1150461538437,153.18713846153832,134.99121025640943,Projected
San Marino,SMR,Europe,Europe,7.77742564102563,6.961625211919766,8.593226070131495,2042,966.7202974358952,154.43566153846177,138.24366837606703,Projected
San Marino,SMR,Europe,Europe,7.815343589743577,6.989362228909288,8.641324950577866,2043,969.3255487179458,155.68418461538477,141.49612649572555,Projected
San Marino,SMR,Europe,Europe,7.853261538461524,7.016890066542962,8.689633010380087,2044,971.9307999999974,156.93270769230776,144.74858461538406,Projected
San Marino,SMR,Europe,Europe,7.891179487179485,7.044216423102901,8.73814255125607,2045,974.5360512820489,158.18123076923075,148.00104273504166,Projected
San Marino,SMR,Europe,Europe,7.929097435897432,7.071348762300101,8.786846109494764,2046,977.1413025641004,159.4297538461542,151.25350085470018,Projected
San Marino,SMR,Europe,Europe,7.9670153846153795,7.098294310574249,8.83573645865651,2047,979.7465538461511,160.6782769230772,154.50595897435778,Projected
San Marino,SMR,Europe,Europe,8.004933333333327,7.125060055988467,8.884806610678186,2048,982.3518051282026,161.92680000000018,157.7584170940163,Projected
San Marino,SMR,Europe,Europe,8.042851282051274,7.151652748521731,8.934049815580815,2049,984.9570564102542,163.17532307692318,161.0108752136748,Projected
San Marino,SMR,Europe,Europe,8.08076923076922,7.1780789015743,8.98345955996414,2050,987.5623076923048,164.42384615384617,164.2633333333324,Projected
Somaliland,SOL,Africa,Africa,27.31719999999998,26.446097602317906,28.18830239768205,2026,2014.1858153846142,39.08421538461516,88.06938461538357,Projected
Somaliland,SOL,Africa,Africa,27.356194871794848,26.477952171080222,28.234437572509474,2027,2017.0193230769219,39.52757606837588,91.24868376068207,Projected
Somaliland,SOL,Africa,Africa,27.395189743589718,26.50936058436393,28.281018902815507,2028,2019.8528307692295,39.970936752136595,94.42798290598148,Projected
Somaliland,SOL,Africa,Africa,27.434184615384588,26.54033420218566,28.328035028583514,2029,2022.6863384615372,40.4142974358972,97.60728205128089,Projected
Somaliland,SOL,Africa,Africa,27.473179487179472,26.57088462025282,28.375474354106125,2030,2025.5198461538448,40.85765811965791,100.7865811965803,Projected
Somaliland,SOL,Africa,Africa,27.51217435897434,26.601023605007928,28.423325112940756,2031,2028.3533538461525,41.30101880341863,103.9658803418788,Projected
Somaliland,SOL,Africa,Africa,27.55116923076921,26.63076303245783,28.471575429080595,2032,2031.18686153846,41.744379487179344,107.14517948717821,Projected
Somaliland,SOL,Africa,Africa,27.59016410256408,26.660114831185656,28.520213373942507,2033,2034.0203692307687,42.187740170939946,110.32447863247762,Projected
Somaliland,SOL,Africa,Africa,27.62915897435895,26.689090929822736,28.569227018895166,2034,2036.8538769230763,42.63110085470066,113.50377777777703,Projected
Somaliland,SOL,Africa,Africa,27.66815384615382,26.71770320914534,28.6186044831623,2035,2039.687384615384,43.07446153846138,116.68307692307553,Projected
Somaliland,SOL,Africa,Africa,27.70714871794869,26.745963458861464,28.668333977035918,2036,2042.5208923076916,43.517822222222094,119.86237606837494,Projected
Somaliland,SOL,Africa,Africa,27.74614358974356,26.773883339065577,28.718403840421544,2037,2045.3543999999993,43.96118290598281,123.04167521367435,Projected
Somaliland,SOL,Africa,Africa,27.785138461538445,26.801474346265692,28.768802576811197,2038,2048.187907692307,44.40454358974341,126.22097435897376,Projected
Somaliland,SOL,Africa,Africa,27.824133333333315,26.828747783826337,28.819518882840292,2039,2051.0214153846146,44.84790427350413,129.40027350427226,Projected
Somaliland,SOL,Africa,Africa,27.863128205128184,26.855714736623632,28.870541673632736,2040,2053.854923076922,45.29126495726484,132.57957264957167,Projected
Somaliland,SOL,Africa,Africa,27.902123076923054,26.882386049672153,28.921860104173955,2041,2056.68843076923,45.73462564102556,135.75887179487108,Projected
Somaliland,SOL,Africa,Africa,27.941117948717924,26.908772310458275,28.973463586977573,2042,2059.5219384615375,46.17798632478616,138.9381709401705,Projected
Somaliland,SOL,Africa,Africa,27.980112820512794,26.934883834698674,29.025341806326914,2043,2062.355446153846,46.62134700854688,142.117470085469,Projected
Somaliland,SOL,Africa,Africa,28.019107692307664,26.960730655234684,29.077484729380643,2044,2065.1889538461537,47.06470769230759,145.2967692307684,Projected
Somaliland,SOL,Africa,Africa,28.058102564102548,26.986322513772336,29.12988261443276,2045,2068.0224615384614,47.50806837606831,148.47606837606781,Projected
Somaliland,SOL,Africa,Africa,28.097097435897417,27.011668855182247,29.182526016612588,2046,2070.855969230769,47.95142905982891,151.65536752136722,Projected
Somaliland,SOL,Africa,Africa,28.136092307692287,27.036778824082656,29.23540579130192,2047,2073.6894769230767,48.39478974358963,154.83466666666573,Projected
Somaliland,SOL,Africa,Africa,28.175087179487157,27.061661263440822,29.288513095533492,2048,2076.5229846153843,48.83815042735034,158.01396581196514,Projected
Somaliland,SOL,Africa,Africa,28.214082051282027,27.086324714943057,29.341839387620997,2049,2079.356492307692,49.28151111111106,161.19326495726455,Projected
Somaliland,SOL,Africa,Africa,28.253076923076897,27.110777420899737,29.395376425254057,2050,2082.1899999999996,49.724871794871774,164.37256410256305,Projected
Somalia,SOM,Africa,Africa,22.025538461538453,21.562466727805923,22.488610195270983,2026,1245.5587692307681,27.525907692307555,88.99775384615168,Projected
Somalia,SOM,Africa,Africa,22.052529914529906,21.585662447352654,22.519397381707158,2027,1247.6612991452985,27.828225641025483,92.26465299145093,Projected
Somalia,SOM,Africa,Africa,22.07952136752136,21.608620993874094,22.550421741168623,2028,1249.763829059828,28.13054358974341,95.53155213675018,Projected
Somalia,SOM,Africa,Africa,22.106512820512812,21.631348406272924,22.5816772347527,2029,1251.8663589743583,28.43286153846134,98.79845128204943,Projected
Somalia,SOM,Africa,Africa,22.133504273504265,21.653850848743307,22.613157698265223,2030,1253.9688888888877,28.735179487179266,102.06535042734777,Projected
Somalia,SOM,Africa,Africa,22.160495726495718,21.676134576241004,22.64485687675043,2031,1256.071418803418,29.037497435897308,105.33224957264702,Projected
Somalia,SOM,Africa,Africa,22.18748717948717,21.698205901965334,22.676768457009008,2032,1258.1739487179484,29.339815384615235,108.59914871794626,Projected
Somalia,SOM,Africa,Africa,22.214478632478624,21.720071167064816,22.70888609789243,2033,1260.2764786324778,29.642133333333163,111.86604786324551,Projected
Somalia,SOM,Africa,Africa,22.241470085470077,21.74173671271358,22.741203458226575,2034,1262.3790085470082,29.94445128205109,115.13294700854476,Projected
Somalia,SOM,Africa,Africa,22.26846153846153,21.76320885464635,22.77371422227671,2035,1264.4815384615376,30.24676923076902,118.39984615384401,Projected
Somalia,SOM,Africa,Africa,22.295452991452983,21.784493860186625,22.80641212271934,2036,1266.584068376068,30.54908717948706,121.66674529914326,Projected
Somalia,SOM,Africa,Africa,22.322444444444436,21.80559792775628,22.83929096113259,2037,1268.6865982905983,30.851405128204988,124.9336444444425,Projected
Somalia,SOM,Africa,Africa,22.34943589743589,21.82652716881582,22.87234462605596,2038,1270.7891282051278,31.153723076922915,128.20054358974176,Projected
Somalia,SOM,Africa,Africa,22.376427350427342,21.847287592152068,22.905567108702616,2039,1272.8916581196581,31.456041025640843,131.467442735041,Projected
Somalia,SOM,Africa,Africa,22.403418803418795,21.867885090404997,22.938952516432593,2040,1274.9941880341876,31.75835897435877,134.73434188034025,Projected
Somalia,SOM,Africa,Africa,22.430410256410248,21.8883254287059,22.972495084114595,2041,1277.096717948718,32.06067692307681,138.0012410256395,Projected
Somalia,SOM,Africa,Africa,22.4574017094017,21.90861423528596,23.006189183517442,2042,1279.1992478632474,32.36299487179474,141.26814017093784,Projected
Somalia,SOM,Africa,Africa,22.484393162393154,21.92875699390554,23.040029330880767,2043,1281.3017777777777,32.66531282051267,144.5350393162371,Projected
Somalia,SOM,Africa,Africa,22.511384615384607,21.948759037950534,23.07401019281868,2044,1283.404307692308,32.967630769230595,147.80193846153634,Projected
Somalia,SOM,Africa,Africa,22.53837606837606,21.968625546041388,23.108126590710732,2045,1285.5068376068375,33.26994871794852,151.0688376068356,Projected
Somalia,SOM,Africa,Africa,22.565367521367513,21.988361539003016,23.14237350373201,2046,1287.6093675213679,33.572266666666565,154.33573675213484,Projected
Somalia,SOM,Africa,Africa,22.592358974358966,22.00797187804833,23.1767460706696,2047,1289.7118974358973,33.87458461538449,157.60263589743408,Projected
Somalia,SOM,Africa,Africa,22.61935042735042,22.027461264034763,23.211239590666075,2048,1291.8144273504276,34.17690256410242,160.86953504273333,Projected
Somalia,SOM,Africa,Africa,22.646341880341872,22.046834237660963,23.24584952302278,2049,1293.916957264958,34.47922051282035,164.13643418803258,Projected
Somalia,SOM,Africa,Africa,22.673333333333325,22.06609518047952,23.28057148618713,2050,1296.0194871794874,34.781538461538275,167.40333333333183,Projected
Saint Pierre and Miquelon,SPM,North America,Americas,12.2090769230769,11.426363762297296,12.991790083856504,2026,759.6368923076907,14.024769230769039,86.68495384615198,Projected
Saint Pierre and Miquelon,SPM,North America,Americas,12.244222222222199,11.455093272471737,13.03335117197266,2027,760.1273743589725,14.273811965811774,89.86614700854534,Projected
Saint Pierre and Miquelon,SPM,North America,Americas,12.279367521367497,11.483421897783748,13.075313144951247,2028,760.6178564102545,14.52285470085451,93.0473401709387,Projected
Saint Pierre and Miquelon,SPM,North America,Americas,12.31451282051281,11.511359845568949,13.117665795456672,2029,761.1083384615365,14.771897435897245,96.22853333333114,Projected
Saint Pierre and Miquelon,SPM,North America,Americas,12.349658119658109,11.53891753493855,13.160398704377668,2030,761.5988205128185,15.02094017093998,99.4097264957245,Projected
Saint Pierre and Miquelon,SPM,North America,Americas,12.384803418803408,11.566105538414773,13.203501299192043,2031,762.0893025641003,15.269982905982715,102.59091965811785,Projected
Saint Pierre and Miquelon,SPM,North America,Americas,12.419948717948706,11.592934526966793,13.24696290893062,2032,762.5797846153823,15.51902564102545,105.77211282051121,Projected
Saint Pierre and Miquelon,SPM,North America,Americas,12.455094017094005,11.619415218805287,13.290772815382724,2033,763.0702666666643,15.768068376068186,108.95330598290457,Projected
Saint Pierre and Miquelon,SPM,North America,Americas,12.490239316239304,11.645558332184212,13.334920300294396,2034,763.5607487179461,16.01711111111092,112.13449914529792,Projected
Saint Pierre and Miquelon,SPM,North America,Americas,12.525384615384603,11.671374542358251,13.379394688410954,2035,764.0512307692281,16.266153846153657,115.31569230769037,Projected
Saint Pierre and Miquelon,SPM,North America,Americas,12.560529914529901,11.696874442754346,13.424185386305457,2036,764.5417128205102,16.515196581196392,118.49688547008373,Projected
Saint Pierre and Miquelon,SPM,North America,Americas,12.5956752136752,11.722068510337577,13.469281917012824,2037,765.032194871792,16.764239316239127,121.67807863247708,Projected
Saint Pierre and Miquelon,SPM,North America,Americas,12.630820512820499,11.746967075085374,13.514673950555624,2038,765.522676923074,17.01328205128192,124.85927179487044,Projected
Saint Pierre and Miquelon,SPM,North America,Americas,12.665965811965798,11.771580293429663,13.560351330501932,2039,766.013158974356,17.262324786324655,128.0404649572638,Projected
Saint Pierre and Miquelon,SPM,North America,Americas,12.701111111111096,11.795918125483558,13.606304096738635,2040,766.503641025638,17.51136752136739,131.22165811965624,Projected
Saint Pierre and Miquelon,SPM,North America,Americas,12.736256410256395,11.819990315836968,13.652522504675822,2041,766.9941230769198,17.760410256410125,134.4028512820496,Projected
Saint Pierre and Miquelon,SPM,North America,Americas,12.771401709401708,11.843806377682558,13.698997041120858,2042,767.4846051282018,18.00945299145286,137.58404444444295,Projected
Saint Pierre and Miquelon,SPM,North America,Americas,12.806547008547007,11.867375580019244,13.74571843707477,2043,767.9750871794838,18.258495726495596,140.7652376068363,Projected
Saint Pierre and Miquelon,SPM,North America,Americas,12.841692307692306,11.89070693767351,13.7926776777111,2044,768.4655692307656,18.50753846153833,143.94643076922966,Projected
Saint Pierre and Miquelon,SPM,North America,Americas,12.876837606837604,11.913809203877502,13.839866009797706,2045,768.9560512820476,18.756581196581067,147.12762393162302,Projected
Saint Pierre and Miquelon,SPM,North America,Americas,12.911982905982903,11.93669086514735,13.887274946818456,2046,769.4465333333296,19.005623931623802,150.30881709401547,Projected
Saint Pierre and Miquelon,SPM,North America,Americas,12.947128205128202,11.959360138212869,13.934896272043535,2047,769.9370153846116,19.254666666666537,153.49001025640882,Projected
Saint Pierre and Miquelon,SPM,North America,Americas,12.9822735042735,11.98182496876089,13.982722039786111,2048,770.4274974358934,19.503709401709273,156.67120341880218,Projected
Saint Pierre and Miquelon,SPM,North America,Americas,13.0174188034188,12.004093031767752,14.030744575069846,2049,770.9179794871754,19.752752136752008,159.85239658119553,Projected
Saint Pierre and Miquelon,SPM,North America,Americas,13.052564102564098,12.026171733211013,14.078956471917182,2050,771.4084615384575,20.001794871794743,163.0335897435889,Projected
Republic of Serbia,SRB,Europe,Europe,11.693569230769214,10.884259420742993,12.502879040795435,2026,1274.5986153846134,300.4139692307681,86.25716923076743,Projected
Republic of Serbia,SRB,Europe,Europe,11.736198290598267,10.920254682632581,12.552141898563953,2027,1279.40193162393,303.1671692307682,89.4606632478617,Projected
Republic of Serbia,SRB,Europe,Europe,11.778827350427335,10.95583543756342,12.60181926329125,2028,1284.2052478632468,305.9203692307683,92.66415726495597,Projected
Republic of Serbia,SRB,Europe,Europe,11.821456410256388,10.99101223971709,12.651900580795687,2029,1289.0085641025635,308.6735692307684,95.86765128205025,Projected
Republic of Serbia,SRB,Europe,Europe,11.864085470085456,11.025795862247,12.702375077923913,2030,1293.8118803418784,311.4267692307685,99.07114529914361,Projected
Republic of Serbia,SRB,Europe,Europe,11.90671452991451,11.060197236930387,12.753231822898632,2031,1298.615196581195,314.1799692307686,102.27463931623788,Projected
Republic of Serbia,SRB,Europe,Europe,11.949343589743563,11.094227397336745,12.804459782150381,2032,1303.4185128205118,316.9331692307678,105.47813333333215,Projected
Republic of Serbia,SRB,Europe,Europe,11.99197264957263,11.127897425882324,12.856047873262938,2033,1308.2218290598285,319.6863692307679,108.68162735042642,Projected
Republic of Serbia,SRB,Europe,Europe,12.034601709401684,11.161218405028093,12.907985013775276,2034,1313.0251452991433,322.43956923076803,111.88512136751979,Projected
Republic of Serbia,SRB,Europe,Europe,12.077230769230752,11.194201372774684,12.96026016568682,2035,1317.82846153846,325.19276923076814,115.08861538461406,Projected
Republic of Serbia,SRB,Europe,Europe,12.119859829059806,11.226857282514413,13.012862375605199,2036,1322.6317777777767,327.94596923076824,118.29210940170833,Projected
Republic of Serbia,SRB,Europe,Europe,12.162488888888873,11.25919696722041,13.065780810557337,2037,1327.4350940170934,330.69916923076835,121.4956034188026,Projected
Republic of Serbia,SRB,Europe,Europe,12.205117948717927,11.291231107883457,13.119004789552397,2038,1332.2384102564083,333.45236923076845,124.69909743589596,Projected
Republic of Serbia,SRB,Europe,Europe,12.247747008546995,11.322970206051785,13.172523811042204,2039,1337.041726495725,336.20556923076856,127.90259145299024,Projected
Republic of Serbia,SRB,Europe,Europe,12.290376068376048,11.354424560283839,13.226327576468258,2040,1341.8450427350417,338.95876923076867,131.1060854700845,Projected
Republic of Serbia,SRB,Europe,Europe,12.333005128205116,11.38560424629142,13.280406010118812,2041,1346.6483589743584,341.7119692307688,134.30957948717878,Projected
Republic of Serbia,SRB,Europe,Europe,12.37563418803417,11.416519100526116,13.334749275542222,2042,1351.4516752136733,344.4651692307689,137.51307350427214,Projected
Republic of Serbia,SRB,Europe,Europe,12.418263247863237,11.44717870694815,13.389347788778323,2043,1356.25499145299,347.2183692307681,140.71656752136641,Projected
Republic of Serbia,SRB,Europe,Europe,12.46089230769229,11.477592386708412,13.444192228676169,2044,1361.0583076923067,349.9715692307682,143.9200615384607,Projected
Republic of Serbia,SRB,Europe,Europe,12.503521367521358,11.50776919047453,13.499273544568187,2045,1365.8616239316234,352.7247692307683,147.12355555555496,Projected
Republic of Serbia,SRB,Europe,Europe,12.546150427350412,11.537717893135031,13.554582961565792,2046,1370.6649401709383,355.4779692307684,150.32704957264832,Projected
Republic of Serbia,SRB,Europe,Europe,12.58877948717948,11.567446990624829,13.61011198373413,2047,1375.468256410255,358.2311692307685,153.5305435897426,Projected
Republic of Serbia,SRB,Europe,Europe,12.631408547008533,11.59696469862573,13.665852395391337,2048,1380.2715726495717,360.9843692307686,156.73403760683686,Projected
Republic of Serbia,SRB,Europe,Europe,12.674037606837587,11.626278952910335,13.721796260764838,2049,1385.0748888888884,363.7375692307687,159.93753162393114,Projected
Republic of Serbia,SRB,Europe,Europe,12.716666666666654,11.655397411111863,13.777935922221445,2050,1389.878205128205,366.4907692307688,163.1410256410254,Projected
São Tomé and Principe,STP,Africa,Africa,26.67529230769229,25.91623731080249,27.434347304582086,2026,508.70341538461435,102.50563076923004,86.92646153845999,Projected
São Tomé and Principe,STP,Africa,Africa,26.711781196581185,25.94650433334067,27.4770580598217,2027,511.06819829059714,103.43886837606783,90.10822222222032,Projected
São Tomé and Principe,STP,Africa,Africa,26.748270085470068,25.976382588098687,27.52015758284145,2028,513.4329811965808,104.3721059829054,93.28998290598156,Projected
São Tomé and Principe,STP,Africa,Africa,26.78475897435895,26.005881973886865,27.563635974831037,2029,515.7977641025636,105.30534358974296,96.47174358974189,Projected
São Tomé and Principe,STP,Africa,Africa,26.821247863247848,26.035012594890045,27.60748313160565,2030,518.1625470085464,106.23858119658053,99.65350427350222,Projected
São Tomé and Principe,STP,Africa,Africa,26.85773675213673,26.063784704067025,27.651688800206436,2031,520.5273299145292,107.17181880341809,102.83526495726346,Projected
São Tomé and Principe,STP,Africa,Africa,26.894225641025628,26.092208649847993,27.696242632203262,2032,522.892112820512,108.10505641025588,106.01702564102379,Projected
São Tomé and Principe,STP,Africa,Africa,26.93071452991451,26.120294826476655,27.741134233352366,2033,525.2568957264948,109.03829401709345,109.19878632478503,Projected
São Tomé and Principe,STP,Africa,Africa,26.967203418803408,26.148053628238756,27.78635320936806,2034,527.6216786324785,109.97153162393101,112.38054700854536,Projected
São Tomé and Principe,STP,Africa,Africa,27.00369230769229,26.175495407720394,27.831889207664187,2035,529.9864615384613,110.90476923076858,115.5623076923066,Projected
São Tomé and Principe,STP,Africa,Africa,27.040181196581187,26.202630438153296,27.87773195500908,2036,532.3512444444441,111.83800683760637,118.74406837606693,Projected
São Tomé and Principe,STP,Africa,Africa,27.07667008547007,26.229468879827426,27.923871291112714,2037,534.7160273504269,112.77124444444394,121.92582905982727,Projected
São Tomé and Principe,STP,Africa,Africa,27.113158974358953,26.256020750487973,27.970297198229932,2038,537.0808102564097,113.7044820512815,125.1075897435885,Projected
São Tomé and Principe,STP,Africa,Africa,27.14964786324785,26.28229589958017,28.01699982691553,2039,539.4455931623925,114.63771965811907,128.28935042734884,Projected
São Tomé and Principe,STP,Africa,Africa,27.186136752136733,26.30830398616431,28.063969518109154,2040,541.8103760683762,115.57095726495663,131.47111111111008,Projected
São Tomé and Principe,STP,Africa,Africa,27.22262564102563,26.3340544602919,28.11119682175936,2041,544.175158974359,116.50419487179443,134.6528717948704,Projected
São Tomé and Principe,STP,Africa,Africa,27.259114529914513,26.3595565476113,28.158672512217723,2042,546.5399418803418,117.43743247863199,137.83463247863074,Projected
São Tomé and Principe,STP,Africa,Africa,27.29560341880341,26.384819236958204,28.206387600648615,2043,548.9047247863246,118.37067008546956,141.01639316239198,Projected
São Tomé and Principe,STP,Africa,Africa,27.332092307692292,26.40985127067833,28.254333344706254,2044,551.2695076923073,119.30390769230712,144.1981538461523,Projected
São Tomé and Principe,STP,Africa,Africa,27.36858119658119,26.434661137430044,28.302501255732334,2045,553.6342905982901,120.23714529914469,147.37991452991355,Projected
São Tomé and Principe,STP,Africa,Africa,27.405070085470072,26.459257067217365,28.35088310372278,2046,555.9990735042738,121.17038290598248,150.56167521367388,Projected
São Tomé and Principe,STP,Africa,Africa,27.44155897435897,26.483647028412555,28.399470920305383,2047,558.3638564102566,122.10362051282004,153.74343589743512,Projected
São Tomé and Principe,STP,Africa,Africa,27.478047863247852,26.50783872653735,28.448256999958353,2048,560.7286393162394,123.03685811965761,156.92519658119545,Projected
São Tomé and Principe,STP,Africa,Africa,27.514536752136735,26.53183960458549,28.49723389968798,2049,563.0934222222222,123.97009572649517,160.10695726495578,Projected
São Tomé and Principe,STP,Africa,Africa,27.551025641025632,26.555656844682634,28.54639443736863,2050,565.458205128205,124.90333333333274,163.28871794871702,Projected
Suriname,SUR,South America,Americas,28.40261538461538,27.5689574491317,29.23627332009906,2026,1503.2783384615386,30.400276923076888,87.68199999999888,Projected
Suriname,SUR,South America,Americas,28.433094017094014,27.592602705533437,29.27358532865459,2027,1502.835394871795,30.596280341880345,90.93100854700788,Projected
Suriname,SUR,South America,Americas,28.463572649572647,27.615820984514162,29.311324314631133,2028,1502.3924512820513,30.792283760683745,94.18001709401597,Projected
Suriname,SUR,South America,Americas,28.49405128205128,27.638623157778554,29.349479406324008,2029,1501.9495076923079,30.988287179487145,97.42902564102496,Projected
Suriname,SUR,South America,Americas,28.524529914529914,27.66102032259084,29.38803950646899,2030,1501.5065641025642,31.184290598290602,100.67803418803305,Projected
Suriname,SUR,South America,Americas,28.555008547008548,27.68302373961135,29.426993354405745,2031,1501.0636205128208,31.380294017094002,103.92704273504205,Projected
Suriname,SUR,South America,Americas,28.58548717948718,27.70464477435504,29.466329584619324,2032,1500.620676923077,31.57629743589746,107.17605128205014,Projected
Suriname,SUR,South America,Americas,28.615965811965815,27.725894842653183,29.506036781278446,2033,1500.1777333333334,31.77230085470086,110.42505982905914,Projected
Suriname,SUR,South America,Americas,28.646444444444448,27.746785360383164,29.546103528505732,2034,1499.7347897435898,31.96830427350426,113.67406837606723,Projected
Suriname,SUR,South America,Americas,28.67692307692308,27.767327697624374,29.58651845622179,2035,1499.291846153846,32.164307692307716,116.92307692307622,Projected
Suriname,SUR,South America,Americas,28.707401709401715,27.787533137302507,29.627270281500923,2036,1498.8489025641027,32.360311111111116,120.17208547008522,Projected
Suriname,SUR,South America,Americas,28.73788034188034,27.80741283830119,29.668347845459493,2037,1498.405958974359,32.55631452991457,123.42109401709331,Projected
Suriname,SUR,South America,Americas,28.768358974358975,27.826977802949372,29.709740145768578,2038,1497.9630153846156,32.75231794871797,126.67010256410231,Projected
Suriname,SUR,South America,Americas,28.79883760683761,27.846238848734853,29.751436364940364,2039,1497.520071794872,32.94832136752137,129.9191111111104,Projected
Suriname,SUR,South America,Americas,28.829316239316242,27.86520658404874,29.793425894583745,2040,1497.0771282051282,33.14432478632483,133.1681196581194,Projected
Suriname,SUR,South America,Americas,28.859794871794875,27.88389138773109,29.83569835585866,2041,1496.6341846153846,33.34032820512823,136.41712820512748,Projected
Suriname,SUR,South America,Americas,28.89027350427351,27.902303392163653,29.878243616383365,2042,1496.191241025641,33.53633162393169,139.66613675213648,Projected
Suriname,SUR,South America,Americas,28.920752136752142,27.920452469640534,29.92105180386375,2043,1495.7482974358975,33.73233504273509,142.91514529914457,Projected
Suriname,SUR,South America,Americas,28.951230769230776,27.938348221739936,29.964113316721615,2044,1495.305353846154,33.92833846153849,146.16415384615357,Projected
Suriname,SUR,South America,Americas,28.98170940170941,27.955999971419242,30.007418831999576,2045,1494.8624102564104,34.124341880341944,149.41316239316166,Projected
Suriname,SUR,South America,Americas,29.012188034188043,27.97341675755996,30.050959310816125,2046,1494.4194666666667,34.320345299145345,152.66217094017065,Projected
Suriname,SUR,South America,Americas,29.042666666666676,27.99060733169759,30.094726001635763,2047,1493.976523076923,34.5163487179488,155.91117948717874,Projected
Suriname,SUR,South America,Americas,29.07314529914531,28.007580156683165,30.138710441607454,2048,1493.5335794871794,34.7123521367522,159.16018803418774,Projected
Suriname,SUR,South America,Americas,29.103623931623943,28.024343407037378,30.182904456210508,2049,1493.090635897436,34.9083555555556,162.40919658119674,Projected
Suriname,SUR,South America,Americas,29.134102564102577,28.04090497077371,30.227300157431443,2050,1492.6476923076923,35.10435897435906,165.65820512820483,Projected
Slovakia,SVK,Europe,Europe,11.455599999999976,10.494193830773769,12.417006169226182,2026,1513.793261538463,445.48544615384344,87.19249230769128,Projected
Slovakia,SVK,Europe,Europe,11.49419145299143,10.52490477350155,12.46347813248131,2027,1512.0701128205142,449.5068752136731,90.27669401709318,Projected
Slovakia,SVK,Europe,Europe,11.532782905982884,10.55512330956083,12.510442502404938,2028,1510.3469641025658,453.5283042735018,93.36089572649416,Projected
Slovakia,SVK,Europe,Europe,11.571374358974339,10.584861976616642,12.557886741332036,2029,1508.623815384617,457.54973333333055,96.44509743589606,Projected
Slovakia,SVK,Europe,Europe,11.609965811965793,10.614133572457911,12.605798051473675,2030,1506.9006666666683,461.5711623931602,99.52929914529795,Projected
Slovakia,SVK,Europe,Europe,11.648557264957248,10.642951083308176,12.654163446606319,2031,1505.1775179487195,465.5925914529889,102.61350085469985,Projected
Slovakia,SVK,Europe,Europe,11.687148717948702,10.671327616313343,12.70296981958406,2032,1503.4543692307707,469.61402051281857,105.69770256410175,Projected
Slovakia,SVK,Europe,Europe,11.725740170940156,10.699276336646019,12.752204005234294,2033,1501.731220512822,473.6354495726473,108.78190427350364,Projected
Slovakia,SVK,Europe,Europe,11.764331623931596,10.726810409531964,12.801852838331229,2034,1500.0080717948736,477.65687863247604,111.86610598290463,Projected
Slovakia,SVK,Europe,Europe,11.80292307692305,10.753942947380999,12.851903206465103,2035,1498.2849230769248,481.6783076923057,114.95030769230652,Projected
Slovakia,SVK,Europe,Europe,11.841514529914505,10.780686962093922,12.902342097735088,2036,1496.561774358976,485.6997367521344,118.03450940170842,Projected
Slovakia,SVK,Europe,Europe,11.88010598290596,10.807055322521501,12.953156643290418,2037,1494.8386256410272,489.72116581196406,121.11871111111031,Projected
Slovakia,SVK,Europe,Europe,11.918697435897414,10.833060716969662,13.004334154825166,2038,1493.1154769230784,493.7425948717928,124.20291282051221,Projected
Slovakia,SVK,Europe,Europe,11.957288888888868,10.85871562057846,13.055862157199277,2039,1491.3923282051296,497.7640239316215,127.2871145299141,Projected
Slovakia,SVK,Europe,Europe,11.995880341880323,10.884032267349669,13.107728416410977,2040,1489.6691794871813,501.78545299145026,130.3713162393151,Projected
Slovakia,SVK,Europe,Europe,12.034471794871777,10.909022626558018,13.159920963185536,2041,1487.9460307692325,505.8068820512808,133.455517948717,Projected
Slovakia,SVK,Europe,Europe,12.073063247863232,10.933698383253102,13.212428112473361,2042,1486.2228820512837,509.82831111110954,136.53971965811888,Projected
Slovakia,SVK,Europe,Europe,12.111654700854686,10.958070922541513,13.26523847916786,2043,1484.499733333335,513.8497401709383,139.62392136752078,Projected
Slovakia,SVK,Europe,Europe,12.150246153846126,10.982151317329917,13.318340990362335,2044,1482.7765846153861,517.871169230767,142.70812307692267,Projected
Slovakia,SVK,Europe,Europe,12.18883760683758,11.00595031920884,13.371724894466322,2045,1481.0534358974373,521.8925982905957,145.79232478632457,Projected
Slovakia,SVK,Europe,Europe,12.227429059829035,11.029478352161629,13.425379767496441,2046,1479.330287179489,525.9140273504263,148.87652649572556,Projected
Slovakia,SVK,Europe,Europe,12.26602051282049,11.052745508793253,13.479295516847726,2047,1477.6071384615402,529.935456410255,151.96072820512745,Projected
Slovakia,SVK,Europe,Europe,12.304611965811944,11.07576154878672,13.533462382837168,2048,1475.8839897435914,533.9568854700838,155.04492991452935,Projected
Slovakia,SVK,Europe,Europe,12.343203418803398,11.098535899311486,13.58787093829531,2049,1474.1608410256426,537.9783145299125,158.12913162393124,Projected
Slovakia,SVK,Europe,Europe,12.381794871794852,11.121077657125946,13.642512086463759,2050,1472.4376923076939,541.9997435897412,161.21333333333314,Projected
Slovenia,SVN,Europe,Europe,7.108892307692301,6.2976683366903705,7.920116278694231,2026,1246.5931076923061,37.5222461538458,83.32319999999709,Projected
Slovenia,SVN,Europe,Europe,7.140177777777772,6.322304318729845,7.9580512368257,2027,1252.2240786324764,37.82363760683734,86.52110085469849,Projected
Slovenia,SVN,Europe,Europe,7.171463247863244,6.346524813428218,7.99640168229827,2028,1257.8550495726486,38.12502905982876,89.71900170939898,Projected
Slovenia,SVN,Europe,Europe,7.202748717948715,6.370340399929603,8.035157035967828,2029,1263.4860205128189,38.42642051282019,92.91690256410038,Projected
Slovenia,SVN,Europe,Europe,7.234034188034187,6.3937618768677975,8.074306499200576,2030,1269.116991452991,38.72781196581161,96.11480341880088,Projected
Slovenia,SVN,Europe,Europe,7.265319658119658,6.416800201875659,8.113839114363659,2031,1274.7479623931613,39.02920341880315,99.31270427350228,Projected
Slovenia,SVN,Europe,Europe,7.29660512820513,6.439466434619006,8.153743821791254,2032,1280.3789333333334,39.330594871794574,102.51060512820277,Projected
Slovenia,SVN,Europe,Europe,7.327890598290601,6.461771683725954,8.194009512855247,2033,1286.0099042735037,39.631986324786,105.70850598290417,Projected
Slovenia,SVN,Europe,Europe,7.359176068376065,6.483727057869475,8.234625078882656,2034,1291.640875213674,39.93337777777742,108.90640683760466,Projected
Slovenia,SVN,Europe,Europe,7.390461538461537,6.505343621157012,8.275579455766062,2035,1297.2718461538461,40.23476923076896,112.10430769230516,Projected
Slovenia,SVN,Europe,Europe,7.421747008547008,6.526632352887615,8.316861664206401,2036,1302.9028170940164,40.536160683760386,115.30220854700656,Projected
Slovenia,SVN,Europe,Europe,7.45303247863248,6.547604111656286,8.358460845608674,2037,1308.5337880341885,40.83755213675181,118.50010940170705,Projected
Slovenia,SVN,Europe,Europe,7.484317948717951,6.568269603716265,8.400366293719637,2038,1314.1647589743588,41.138943589743235,121.69801025640845,Projected
Slovenia,SVN,Europe,Europe,7.515603418803423,6.588639355453781,8.442567482153065,2039,1319.7957299145291,41.44033504273477,124.89591111110894,Projected
Slovenia,SVN,Europe,Europe,7.546888888888894,6.608723689785218,8.48505408799257,2040,1325.4267008547013,41.7417264957262,128.09381196581035,Projected
Slovenia,SVN,Europe,Europe,7.5781743589743655,6.628532706253192,8.52781601169554,2041,1331.0576717948716,42.04311794871762,131.29171282051084,Projected
Slovenia,SVN,Europe,Europe,7.609459829059837,6.648076264574269,8.570843393545404,2042,1336.6886427350437,42.34450940170905,134.48961367521133,Projected
Slovenia,SVN,Europe,Europe,7.640745299145308,6.667363971376403,8.614126626914214,2043,1342.319613675214,42.645900854700585,137.68751452991273,Projected
Slovenia,SVN,Europe,Europe,7.672030769230773,6.686405169856682,8.657656368604863,2044,1347.9505846153843,42.94729230769201,140.88541538461322,Projected
Slovenia,SVN,Europe,Europe,7.703316239316244,6.705208932089146,8.701423546543342,2045,1353.5815555555564,43.248683760683434,144.08331623931463,Projected
Slovenia,SVN,Europe,Europe,7.734601709401716,6.723784053716514,8.745419365086917,2046,1359.2125264957267,43.55007521367486,147.28121709401512,Projected
Slovenia,SVN,Europe,Europe,7.765887179487194,6.7421390507680625,8.789635308206325,2047,1364.8434974358988,43.8514666666664,150.47911794871652,Projected
Slovenia,SVN,Europe,Europe,7.7971726495726585,6.760282158357152,8.834063140788164,2048,1370.4744683760691,44.15285811965782,153.677018803417,Projected
Slovenia,SVN,Europe,Europe,7.828458119658123,6.778221331025888,8.878694908290358,2049,1376.1054393162394,44.454249572649246,156.8749196581175,Projected
Slovenia,SVN,Europe,Europe,7.859743589743601,6.7959642445191495,8.923522934968053,2050,1381.7364102564115,44.755641025640784,160.0728205128189,Projected
Sweden,SWE,Europe,Europe,8.357323076923073,7.760223836603127,8.95442231724302,2026,1796.7533230769236,4.576892307692329,88.26193846153637,Projected
Sweden,SWE,Europe,Europe,8.39114188034187,7.789148302079866,8.993135458603874,2027,1797.3201504273507,4.579425641025664,91.41148376068213,Projected
Sweden,SWE,Europe,Europe,8.42496068376068,7.817766949207306,9.032154418314054,2028,1797.8869777777782,4.581958974358999,94.56102905982698,Projected
Sweden,SWE,Europe,Europe,8.458779487179477,7.846087564736232,9.071471409622722,2029,1798.4538051282057,4.584492307692334,97.71057435897274,Projected
Sweden,SWE,Europe,Europe,8.492598290598288,7.874118096972275,9.1110784842243,2030,1799.0206324786332,4.587025641025669,100.86011965811758,Projected
Sweden,SWE,Europe,Europe,8.526417094017084,7.901866611251849,9.15096757678232,2031,1799.5874598290602,4.589558974359004,104.00966495726334,Projected
Sweden,SWE,Europe,Europe,8.560235897435895,7.929341248012514,9.191130546859275,2032,1800.1542871794877,4.592092307692339,107.1592102564091,Projected
Sweden,SWE,Europe,Europe,8.594054700854691,7.956550183730336,9.231559217979047,2033,1800.7211145299152,4.594625641025674,110.30875555555394,Projected
Sweden,SWE,Europe,Europe,8.627873504273502,7.983501594914465,9.27224541363254,2034,1801.2879418803423,4.597158974359009,113.4583008546997,Projected
Sweden,SWE,Europe,Europe,8.661692307692299,8.010203625271636,9.313180990112961,2035,1801.8547692307698,4.599692307692344,116.60784615384455,Projected
Sweden,SWE,Europe,Europe,8.69551111111111,8.03666435608567,9.35435786613655,2036,1802.4215965811973,4.6022256410256785,119.7573914529903,Projected
Sweden,SWE,Europe,Europe,8.729329914529906,8.062891779796423,9.395768049263388,2037,1802.9884239316248,4.604758974359013,122.90693675213515,Projected
Sweden,SWE,Europe,Europe,8.763148717948717,8.088893776713075,9.437403659184358,2038,1803.5552512820518,4.607292307692348,126.05648205128091,Projected
Sweden,SWE,Europe,Europe,8.796967521367513,8.114678094754101,9.479256947980925,2039,1804.1220786324793,4.609825641025683,129.20602735042576,Projected
Sweden,SWE,Europe,Europe,8.830786324786324,8.140252332074608,9.52132031749804,2040,1804.6889059829068,4.612358974359018,132.3555726495715,Projected
Sweden,SWE,Europe,Europe,8.86460512820512,8.165623922415971,9.56358633399427,2041,1805.2557333333339,4.614892307692353,135.50511794871636,Projected
Sweden,SWE,Europe,Europe,8.898423931623931,8.190800122996302,9.60604774025156,2042,1805.8225606837614,4.6174256410256875,138.65466324786212,Projected
Sweden,SWE,Europe,Europe,8.932242735042728,8.215788004748457,9.648697465336998,2043,1806.3893880341889,4.619958974359023,141.80420854700697,Projected
Sweden,SWE,Europe,Europe,8.966061538461538,8.240594444707769,9.691528632215308,2044,1806.956215384616,4.622492307692358,144.95375384615272,Projected
Sweden,SWE,Europe,Europe,8.999880341880335,8.265226120350102,9.734534563410568,2045,1807.5230427350434,4.625025641025693,148.10329914529757,Projected
Sweden,SWE,Europe,Europe,9.033699145299146,8.289689505684851,9.77770878491344,2046,1808.089870085471,4.627558974359028,151.25284444444333,Projected
Sweden,SWE,Europe,Europe,9.067517948717942,8.313990868912622,9.821045028523262,2047,1808.6566974358984,4.630092307692363,154.40238974358817,Projected
Sweden,SWE,Europe,Europe,9.101336752136753,8.338136271466684,9.864537232806821,2048,1809.2235247863255,4.632625641025697,157.55193504273393,Projected
Sweden,SWE,Europe,Europe,9.135155555555563,8.362131568266514,9.908179542844612,2049,1809.790352136753,4.635158974359032,160.7014803418797,Projected
Sweden,SWE,Europe,Europe,9.16897435897436,8.385982409023637,9.951966308925083,2050,1810.3571794871805,4.637692307692367,163.85102564102453,Projected
eSwatini,SWZ,Africa,Africa,26.934553846153825,26.135902646898927,27.733205045408724,2026,818.160984615386,36.88719999999978,86.32504615384369,Projected
eSwatini,SWZ,Africa,Africa,26.97295384615382,26.16775621608302,27.778151476224622,2027,816.0107726495744,37.22482735042718,89.61239999999816,Projected
eSwatini,SWZ,Africa,Africa,27.011353846153817,26.19920073736529,27.823506954942342,2028,813.8605606837627,37.56245470085446,92.89975384615173,Projected
eSwatini,SWZ,Africa,Africa,27.049753846153813,26.230246625928768,27.869261066378858,2029,811.7103487179502,37.900082051281856,96.18710769230529,Projected
eSwatini,SWZ,Africa,Africa,27.088153846153823,26.260904513044405,27.91540317926324,2030,809.5601367521385,38.23770940170925,99.47446153845976,Projected
eSwatini,SWZ,Africa,Africa,27.12655384615382,26.291185186517932,27.961922505789705,2031,807.409924786326,38.575336752136536,102.76181538461333,Projected
eSwatini,SWZ,Africa,Africa,27.164953846153814,26.32109953460672,28.00880815770091,2032,805.2597128205143,38.91296410256393,106.04916923076689,Projected
eSwatini,SWZ,Africa,Africa,27.203353846153824,26.35065849377159,28.05604919853606,2033,803.1095008547027,39.25059145299133,109.33652307692137,Projected
eSwatini,SWZ,Africa,Africa,27.24175384615382,26.379873000517495,28.103634691790145,2034,800.9592888888901,39.58821880341861,112.62387692307493,Projected
eSwatini,SWZ,Africa,Africa,27.280153846153816,26.408753947474572,28.15155374483306,2035,798.8090769230785,39.92584615384601,115.9112307692285,Projected
eSwatini,SWZ,Africa,Africa,27.31855384615381,26.437312143778986,28.199795548528638,2036,796.6588649572668,40.26347350427329,119.19858461538297,Projected
eSwatini,SWZ,Africa,Africa,27.35695384615382,26.465558279733585,28.248349412574058,2037,794.5086529914543,40.60110085470069,122.48593846153653,Projected
eSwatini,SWZ,Africa,Africa,27.395353846153817,26.49350289566049,28.297204796647144,2038,792.3584410256426,40.938728205128086,125.77329230769101,Projected
eSwatini,SWZ,Africa,Africa,27.433753846153813,26.521156354802535,28.34635133750509,2039,790.20822905983,41.27635555555537,129.06064615384457,Projected
eSwatini,SWZ,Africa,Africa,27.472153846153823,26.548528820086172,28.395778872221474,2040,788.0580170940184,41.613982905982766,132.34799999999814,Projected
eSwatini,SWZ,Africa,Africa,27.51055384615382,26.57563023452602,28.445477457781617,2041,785.9078051282067,41.95161025641016,135.6353538461526,Projected
eSwatini,SWZ,Africa,Africa,27.548953846153815,26.602470305027637,28.495437387279992,2042,783.7575931623942,42.289237606837446,138.92270769230618,Projected
eSwatini,SWZ,Africa,Africa,27.587353846153825,26.62905848933046,28.545649202977188,2043,781.6073811965825,42.62686495726484,142.21006153845974,Projected
eSwatini,SWZ,Africa,Africa,27.62575384615382,26.655403985825824,28.596103706481816,2044,779.4571692307709,42.964492307692126,145.49741538461421,Projected
eSwatini,SWZ,Africa,Africa,27.664153846153816,26.681515725984042,28.64679196632359,2045,777.3069572649583,43.30211965811952,148.78476923076778,Projected
eSwatini,SWZ,Africa,Africa,27.702553846153812,26.707402369128378,28.697705323179246,2046,775.1567452991467,43.63974700854692,152.07212307692134,Projected
eSwatini,SWZ,Africa,Africa,27.740953846153822,26.73307229930226,28.748835393005383,2047,773.0065333333341,43.9773743589742,155.35947692307582,Projected
eSwatini,SWZ,Africa,Africa,27.779353846153818,26.75853362398697,28.800174068320665,2048,770.8563213675225,44.3150017094016,158.64683076922938,Projected
eSwatini,SWZ,Africa,Africa,27.817753846153813,26.783794174440967,28.85171351786666,2049,768.7061094017108,44.652629059828996,161.93418461538295,Projected
eSwatini,SWZ,Africa,Africa,27.856153846153823,26.808861507446444,28.903446184861203,2050,766.5558974358983,44.99025641025628,165.22153846153742,Projected
Sint Maarten,SXM,North America,Americas,16.153846153846153,15.429628723282459,16.878063584409848,2026,1847.7146769230758,2.37550769230765,89.61547692307522,Projected
Sint Maarten,SXM,North America,Americas,16.186239316239316,15.456085577924153,16.91639305455448,2027,1849.6746529914517,2.413323076923035,92.87206495726332,Projected
Sint Maarten,SXM,North America,Americas,16.21863247863248,15.482171507660567,16.95509344960439,2028,1851.634629059828,2.45113846153842,96.12865299145142,Projected
Sint Maarten,SXM,North America,Americas,16.25102564102564,15.507895956986493,16.994155325064792,2029,1853.594605128204,2.488953846153805,99.38524102563952,Projected
Sint Maarten,SXM,North America,Americas,16.283418803418805,15.533268566345384,17.033569040492225,2030,1855.5545811965803,2.5267692307691902,102.64182905982761,Projected
Sint Maarten,SXM,North America,Americas,16.315811965811967,15.558299118126564,17.07332481349737,2031,1857.5145572649562,2.5645846153845753,105.89841709401571,Projected
Sint Maarten,SXM,North America,Americas,16.34820512820513,15.582997485808937,17.11341277060132,2032,1859.4745333333321,2.6023999999999603,109.15500512820381,Projected
Sint Maarten,SXM,North America,Americas,16.380598290598293,15.607373586582327,17.15382299461426,2033,1861.4345094017085,2.6402153846153453,112.41159316239191,Projected
Sint Maarten,SXM,North America,Americas,16.412991452991456,15.631437337676607,17.194545568306303,2034,1863.3944854700844,2.6780307692307304,115.66818119658001,Projected
Sint Maarten,SXM,North America,Americas,16.44538461538462,15.655198616535914,17.23557061423332,2035,1865.3544615384603,2.7158461538461154,118.9247692307672,Projected
Sint Maarten,SXM,North America,Americas,16.47777777777778,15.678667224892,17.276888330663564,2036,1867.3144376068367,2.7536615384615004,122.1813572649553,Projected
Sint Maarten,SXM,North America,Americas,16.510170940170944,15.701852856718476,17.318489023623414,2037,1869.2744136752126,2.7914769230768854,125.4379452991434,Projected
Sint Maarten,SXM,North America,Americas,16.542564102564107,15.724765069986374,17.36036313514184,2038,1871.2343897435885,2.8292923076922705,128.6945333333315,Projected
Sint Maarten,SXM,North America,Americas,16.57495726495727,15.74741326209106,17.402501267823478,2039,1873.1943658119649,2.8671076923076555,131.9511213675196,Projected
Sint Maarten,SXM,North America,Americas,16.607350427350433,15.769806648780897,17.44489420591997,2040,1875.1543418803408,2.9049230769230405,135.2077094017077,Projected
Sint Maarten,SXM,North America,Americas,16.639743589743595,15.79195424638807,17.48753293309912,2041,1877.1143179487167,2.9427384615384113,138.4642974358958,Projected
Sint Maarten,SXM,North America,Americas,16.67213675213676,15.813864857140885,17.53040864713263,2042,1879.074294017093,2.9805538461537964,141.72088547008389,Projected
Sint Maarten,SXM,North America,Americas,16.70452991452992,15.835547057323652,17.57351277173619,2043,1881.034270085469,3.0183692307691814,144.97747350427198,Projected
Sint Maarten,SXM,North America,Americas,16.736923076923084,15.857009188043675,17.61683696580249,2044,1882.9942461538453,3.0561846153845664,148.23406153846008,Projected
Sint Maarten,SXM,North America,Americas,16.769316239316247,15.878259348364072,17.66037313026842,2045,1884.9542222222212,3.0939999999999515,151.49064957264818,Projected
Sint Maarten,SXM,North America,Americas,16.80170940170941,15.899305390564857,17.70411341285396,2046,1886.9141982905971,3.1318153846153365,154.74723760683628,Projected
Sint Maarten,SXM,North America,Americas,16.834102564102572,15.920154917302087,17.74805021090306,2047,1888.8741743589735,3.1696307692307215,158.00382564102438,Projected
Sint Maarten,SXM,North America,Americas,16.866495726495735,15.940815280445117,17.792176172546355,2048,1890.8341504273494,3.2074461538461065,161.26041367521248,Projected
Sint Maarten,SXM,North America,Americas,16.898888888888898,15.961293581384242,17.836484196393553,2049,1892.7941264957253,3.2452615384614916,164.51700170940057,Projected
Sint Maarten,SXM,North America,Americas,16.93128205128206,15.981596672614486,17.880967429949635,2050,1894.7541025641017,3.2830769230768766,167.77358974358867,Projected
Syria,SYR,Asia,Asia,18.935446153846147,18.15136821398976,19.719524093702535,2026,1970.218615384617,21.8072307692307,89.67246153846008,Projected
Syria,SYR,Asia,Asia,18.951832478632465,18.16132756290434,19.74233739436059,2027,1969.9143247863262,21.904717948717888,92.85714529914367,Projected
Syria,SYR,Asia,Asia,18.96821880341879,18.170885327952952,19.765552278884627,2028,1969.6100341880358,22.002205128205077,96.04182905982725,Projected
Syria,SYR,Asia,Asia,18.984605128205114,18.180051734269234,19.789158522140994,2029,1969.3057435897454,22.099692307692237,99.22651282051174,Projected
Syria,SYR,Asia,Asia,19.00099145299144,18.188837219131724,19.813145686851154,2030,1969.0014529914547,22.197179487179426,102.41119658119533,Projected
Syria,SYR,Asia,Asia,19.017377777777764,18.197252373497427,19.8375031820581,2031,1968.697162393164,22.294666666666615,105.59588034187891,Projected
Syria,SYR,Asia,Asia,19.03376410256409,18.205307886941974,19.862220318186203,2032,1968.3928717948736,22.392153846153775,108.7805641025625,Projected
Syria,SYR,Asia,Asia,19.050150427350413,18.21301449636486,19.887286358335967,2033,1968.0885811965832,22.489641025640964,111.96524786324699,Projected
Syria,SYR,Asia,Asia,19.066536752136738,18.220382938708944,19.91269056556453,2034,1967.7842905982925,22.587128205128153,115.14993162393057,Projected
Syria,SYR,Asia,Asia,19.082923076923063,18.22742390784284,19.938422246003284,2035,1967.480000000002,22.684615384615313,118.33461538461415,Projected
Syria,SYR,Asia,Asia,19.099309401709387,18.234148015664736,19.96447078775404,2036,1967.1757094017116,22.7821025641025,121.51929914529774,Projected
Syria,SYR,Asia,Asia,19.115695726495712,18.240565757407882,19.990825695583542,2037,1966.871418803421,22.87958974358969,124.70398290598132,Projected
Syria,SYR,Asia,Asia,19.132082051282037,18.246687481061596,20.017476621502478,2038,1966.5671282051303,22.97707692307685,127.88866666666581,Projected
Syria,SYR,Asia,Asia,19.14846837606836,18.25252336076708,20.044413391369645,2039,1966.2628376068399,23.07456410256404,131.0733504273494,Projected
Syria,SYR,Asia,Asia,19.164854700854686,18.258083374004414,20.07162602770496,2040,1965.9585470085494,23.17205128205123,134.25803418803298,Projected
Syria,SYR,Asia,Asia,19.18124102564101,18.263377282354682,20.09910476892734,2041,1965.6542564102588,23.26953846153839,137.44271794871656,Projected
Syria,SYR,Asia,Asia,19.197627350427336,18.268414615598225,20.126840085256447,2042,1965.3499658119683,23.367025641025577,140.62740170940106,Projected
Syria,SYR,Asia,Asia,19.21401367521366,18.273204658895896,20.154822691531425,2043,1965.045675213678,23.464512820512766,143.81208547008464,Projected
Syria,SYR,Asia,Asia,19.230399999999985,18.277756442792878,20.183043557207093,2044,1964.7413846153872,23.561999999999927,146.99676923076822,Projected
Syria,SYR,Asia,Asia,19.24678632478631,18.282078735783905,20.211493913788715,2045,1964.4370940170966,23.659487179487115,150.1814529914518,Projected
Syria,SYR,Asia,Asia,19.263172649572635,18.28618003918264,20.24016525996263,2046,1964.1328034188064,23.756974358974304,153.3661367521363,Projected
Syria,SYR,Asia,Asia,19.27955897435896,18.290068584046,20.26904936467192,2047,1963.8285128205157,23.854461538461464,156.55082051281988,Projected
Syria,SYR,Asia,Asia,19.295945299145284,18.29375232991534,20.29813826837523,2048,1963.524222222225,23.951948717948653,159.73550427350347,Projected
Syria,SYR,Asia,Asia,19.31233162393161,18.297238965149475,20.327424282713743,2049,1963.2199316239346,24.049435897435842,162.92018803418705,Projected
Syria,SYR,Asia,Asia,19.328717948717934,18.30053590863941,20.356899988796457,2050,1962.9156410256442,24.146923076923002,166.10487179487063,Projected
Turks and Caicos Islands,TCA,North America,Americas,13.786830769230733,13.005991492468336,14.567670045993129,2026,1133.0037538461547,39.87412307692284,83.7842769230756,Projected
Turks and Caicos Islands,TCA,North America,Americas,13.825883760683723,13.038644054912476,14.61312346645497,2027,1134.7767384615395,40.29816068376044,86.99239999999827,Projected
Turks and Caicos Islands,TCA,North America,Americas,13.864936752136714,13.070896692247734,14.658976812025694,2028,1136.5497230769242,40.722198290598044,90.20052307692094,Projected
Turks and Caicos Islands,TCA,North America,Americas,13.903989743589705,13.102759587372464,14.705219899806945,2029,1138.322707692309,41.146235897435645,93.40864615384453,Projected
Turks and Caicos Islands,TCA,North America,Americas,13.943042735042695,13.134243134453637,14.751842335631753,2030,1140.0956923076938,41.57027350427336,96.6167692307672,Projected
Turks and Caicos Islands,TCA,North America,Americas,13.9820957264957,13.165357880701928,14.798833572289473,2031,1141.8686769230785,41.99431111111096,99.82489230769079,Projected
Turks and Caicos Islands,TCA,North America,Americas,14.021148717948691,13.196114471539246,14.846182964358135,2032,1143.6416615384633,42.41834871794856,103.03301538461346,Projected
Turks and Caicos Islands,TCA,North America,Americas,14.060201709401682,13.226523599515945,14.893879819287418,2033,1145.414646153848,42.84238632478616,106.24113846153705,Projected
Turks and Caicos Islands,TCA,North America,Americas,14.099254700854672,13.25659595722554,14.941913444483804,2034,1147.1876307692328,43.26642393162376,109.44926153845972,Projected
Turks and Caicos Islands,TCA,North America,Americas,14.138307692307663,13.286342194365222,14.990273190250104,2035,1148.9606153846175,43.69046153846136,112.65738461538331,Projected
Turks and Caicos Islands,TCA,North America,Americas,14.177360683760654,13.315772879000335,15.038948488520973,2036,1150.7336000000023,44.114499145298964,115.86550769230598,Projected
Turks and Caicos Islands,TCA,North America,Americas,14.216413675213644,13.344898463013182,15.087928887414106,2037,1152.506584615387,44.538536752136565,119.07363076922957,Projected
Turks and Caicos Islands,TCA,North America,Americas,14.255466666666635,13.373729251650326,15.137204081682944,2038,1154.2795692307718,44.962574358974166,122.28175384615224,Projected
Turks and Caicos Islands,TCA,North America,Americas,14.294519658119626,13.402275377028301,15.18676393921095,2039,1156.0525538461566,45.38661196581177,125.48987692307583,Projected
Turks and Caicos Islands,TCA,North America,Americas,14.333572649572616,13.430546775414836,15.236598523730397,2040,1157.8255384615413,45.81064957264937,128.6979999999985,Projected
Turks and Caicos Islands,TCA,North America,Americas,14.372625641025607,13.458553168070436,15.286698113980778,2041,1159.598523076926,46.23468717948697,131.90612307692209,Projected
Turks and Caicos Islands,TCA,North America,Americas,14.411678632478598,13.486304045412334,15.337053219544861,2042,1161.3715076923108,46.65872478632468,135.11424615384476,Projected
Turks and Caicos Islands,TCA,North America,Americas,14.450731623931603,13.51380865424869,15.387654593614515,2043,1163.1444923076956,47.082762393162284,138.32236923076835,Projected
Turks and Caicos Islands,TCA,North America,Americas,14.489784615384593,13.541075987823664,15.438493242945523,2044,1164.9174769230804,47.506799999999885,141.53049230769102,Projected
Turks and Caicos Islands,TCA,North America,Americas,14.528837606837584,13.568114778413403,15.489560435261765,2045,1166.6904615384651,47.930837606837486,144.7386153846146,Projected
Turks and Caicos Islands,TCA,North America,Americas,14.567890598290575,13.594933492216578,15.540847704364571,2046,1168.4634461538499,48.354875213675086,147.94673846153728,Projected
Turks and Caicos Islands,TCA,North America,Americas,14.606943589743565,13.621540326291429,15.592346853195702,2047,1170.2364307692346,48.77891282051269,151.15486153846086,Projected
Turks and Caicos Islands,TCA,North America,Americas,14.645996581196556,13.647943207302117,15.644049955090995,2048,1172.0094153846194,49.20295042735029,154.36298461538354,Projected
Turks and Caicos Islands,TCA,North America,Americas,14.685049572649547,13.674149791850411,15.695949353448682,2049,1173.7824000000041,49.62698803418789,157.5711076923062,Projected
Turks and Caicos Islands,TCA,North America,Americas,14.724102564102537,13.700167468183311,15.748037660021764,2050,1175.555384615389,50.05102564102549,160.7792307692298,Projected
Chad,TCD,Africa,Africa,20.546523076923066,19.74656784775264,21.34647830609349,2026,1822.372184615383,8.437076923076916,85.04547692307642,Projected
Chad,TCD,Africa,Africa,20.590994871794848,19.78448252285991,21.397507220729786,2027,1826.6890700854683,8.519623931623926,88.11138119658062,Projected
Chad,TCD,Africa,Africa,20.635466666666645,19.82198748217594,21.44894585115735,2028,1831.0059555555536,8.602170940170936,91.17728547008483,Projected
Chad,TCD,Africa,Africa,20.67993846153844,19.85909315788954,21.500783765187343,2029,1835.3228410256406,8.684717948717946,94.24318974358903,Projected
Chad,TCD,Africa,Africa,20.724410256410238,19.895810198630297,21.55301031419018,2030,1839.6397264957259,8.767264957264956,97.30909401709323,Projected
Chad,TCD,Africa,Africa,20.768882051282034,19.93214940981819,21.605614692745878,2031,1843.9566119658111,8.849811965811966,100.37499829059743,Projected
Chad,TCD,Africa,Africa,20.81335384615383,19.968121697488815,21.658585994818846,2032,1848.2734974358964,8.932358974358976,103.44090256410163,Projected
Chad,TCD,Africa,Africa,20.857825641025627,20.00373801595993,21.711913266091326,2033,1852.5903829059816,9.014905982905987,106.50680683760584,Projected
Chad,TCD,Africa,Africa,20.902297435897424,20.03900931959353,21.76558555220132,2034,1856.9072683760687,9.097452991452997,109.57271111111004,Projected
Chad,TCD,Africa,Africa,20.94676923076922,20.07394651880512,21.81959194273332,2035,1861.224153846154,9.180000000000007,112.63861538461515,Projected
Chad,TCD,Africa,Africa,20.991241025641017,20.108560440379918,21.873921610902116,2036,1865.5410393162392,9.262547008547017,115.70451965811935,Projected
Chad,TCD,Africa,Africa,21.035712820512813,20.142861792075784,21.928563848949842,2037,1869.8579247863245,9.345094017094027,118.77042393162355,Projected
Chad,TCD,Africa,Africa,21.08018461538461,20.176861131425,21.98350809934422,2038,1874.1748102564097,9.427641025641066,121.83632820512776,Projected
Chad,TCD,Africa,Africa,21.124656410256407,20.210568838591385,22.038743981921428,2039,1878.491695726495,9.510188034188076,124.90223247863196,Projected
Chad,TCD,Africa,Africa,21.169128205128203,20.243995093095307,22.0942613171611,2040,1882.808581196582,9.592735042735086,127.96813675213616,Projected
Chad,TCD,Africa,Africa,21.213599999999985,20.27714985418626,22.15005014581371,2041,1887.1254666666673,9.675282051282096,131.03404102564036,Projected
Chad,TCD,Africa,Africa,21.258071794871782,20.310042844619147,22.206100745124417,2042,1891.4423521367526,9.757829059829106,134.09994529914457,Projected
Chad,TCD,Africa,Africa,21.30254358974358,20.342683537575894,22.262403641911263,2043,1895.7592376068378,9.840376068376116,137.16584957264877,Projected
Chad,TCD,Africa,Africa,21.347015384615375,20.375081146466904,22.318949622763846,2044,1900.076123076923,9.922923076923126,140.23175384615388,Projected
Chad,TCD,Africa,Africa,21.39148717948717,20.407244617345686,22.375729741628657,2045,1904.3930085470083,10.005470085470137,143.29765811965808,Projected
Chad,TCD,Africa,Africa,21.435958974358968,20.439182623674377,22.43273532504356,2046,1908.7098940170954,10.088017094017147,146.36356239316228,Projected
Chad,TCD,Africa,Africa,21.480430769230765,20.470903563185768,22.48995797527576,2047,1913.0267794871806,10.170564102564157,149.42946666666649,Projected
Chad,TCD,Africa,Africa,21.52490256410256,20.50241555659898,22.547389571606143,2048,1917.343664957266,10.253111111111167,152.4953709401707,Projected
Chad,TCD,Africa,Africa,21.569374358974358,20.53372644795927,22.605022269989444,2049,1921.6605504273512,10.335658119658177,155.5612752136749,Projected
Chad,TCD,Africa,Africa,21.613846153846154,20.564843806387454,22.662848501304854,2050,1925.9774358974364,10.418205128205187,158.6271794871791,Projected
Togo,TGO,Africa,Africa,23.135599999999968,22.33740185510353,23.933798144896407,2026,812.8410461538447,96.21692307692251,85.44359999999779,Projected
Togo,TGO,Africa,Africa,23.178635897435868,22.373895035345964,23.983376759525772,2027,814.5878188034176,97.18931623931576,88.63925128204846,Projected
Togo,TGO,Africa,Africa,23.221671794871767,22.409979399728968,24.033364190014566,2028,816.33459145299,98.161709401709,91.83490256410005,Projected
Togo,TGO,Africa,Africa,23.264707692307667,22.445665357527304,24.08375002708803,2029,818.0813641025629,99.13410256410202,95.03055384615163,Projected
Togo,TGO,Africa,Africa,23.307743589743566,22.480963533981065,24.134523645506068,2030,819.8281367521354,100.10649572649527,98.22620512820231,Projected
Togo,TGO,Africa,Africa,23.350779487179466,22.515884710776362,24.18567426358257,2031,821.5749094017083,101.07888888888851,101.4218564102539,Projected
Togo,TGO,Africa,Africa,23.393815384615365,22.550439769993922,24.23719099923681,2032,823.3216820512807,102.05128205128153,104.61750769230548,Projected
Togo,TGO,Africa,Africa,23.43685128205125,22.58463964189057,24.289062922211933,2033,825.0684547008532,103.02367521367478,107.81315897435707,Projected
Togo,TGO,Africa,Africa,23.47988717948715,22.618495256767304,24.341279102206997,2034,826.8152273504261,103.99606837606802,111.00881025640774,Projected
Togo,TGO,Africa,Africa,23.52292307692305,22.652017501075132,24.393828652770967,2035,828.5619999999985,104.96846153846104,114.20446153845933,Projected
Togo,TGO,Africa,Africa,23.56595897435895,22.68521717781847,24.44670077089943,2036,830.3087726495714,105.94085470085429,117.40011282051091,Projected
Togo,TGO,Africa,Africa,23.60899487179485,22.71810497123582,24.499884772353877,2037,832.0555452991439,106.91324786324753,120.59576410256159,Projected
Togo,TGO,Africa,Africa,23.65203076923075,22.75069141567008,24.553370122791417,2038,833.8023179487168,107.88564102564055,123.79141538461317,Projected
Togo,TGO,Africa,Africa,23.695066666666648,22.782986868485256,24.60714646484804,2039,835.5490905982892,108.8580341880338,126.98706666666476,Projected
Togo,TGO,Africa,Africa,23.738102564102547,22.81500148684263,24.661203641362466,2040,837.2958632478621,109.83042735042704,130.18271794871544,Projected
Togo,TGO,Africa,Africa,23.781138461538447,22.84674520811642,24.715531714960473,2041,839.0426358974346,110.80282051282006,133.37836923076702,Projected
Togo,TGO,Africa,Africa,23.824174358974346,22.8782277337057,24.770120984242993,2042,840.789408547007,111.77521367521331,136.5740205128186,Projected
Togo,TGO,Africa,Africa,23.86721025641023,22.909458515984745,24.824961996835718,2043,842.53618119658,112.74760683760655,139.7696717948702,Projected
Togo,TGO,Africa,Africa,23.91024615384613,22.940446748126934,24.88004555956533,2044,844.2829538461524,113.71999999999957,142.96532307692087,Projected
Togo,TGO,Africa,Africa,23.95328205128203,22.97120135653595,24.93536274602811,2045,846.0297264957253,114.69239316239282,146.16097435897245,Projected
Togo,TGO,Africa,Africa,23.99631794871793,23.001730995622857,24.990904901813003,2046,847.7764991452977,115.66478632478606,149.35662564102404,Projected
Togo,TGO,Africa,Africa,24.03935384615383,23.032044044675015,25.046663647632645,2047,849.5232717948707,116.63717948717908,152.55227692307471,Projected
Togo,TGO,Africa,Africa,24.08238974358973,23.062148606574556,25.102630880604902,2048,851.2700444444431,117.60957264957233,155.7479282051263,Projected
Togo,TGO,Africa,Africa,24.12542564102563,23.092052508137463,25.158798773913794,2049,853.0168170940156,118.58196581196557,158.94357948717789,Projected
Togo,TGO,Africa,Africa,24.16846153846153,23.121763301859144,25.215159775063913,2050,854.7635897435885,119.55435897435859,162.13923076922856,Projected
Thailand,THA,Asia,Asia,7.0451384615384285,6.373069210262518,7.717207712814339,2026,860.4897538461544,227.75193846153752,83.41806153846028,Projected
Thailand,THA,Asia,Asia,7.0987384615384315,6.4211603537541,7.776316569322763,2027,860.0568581196586,229.7771247863243,86.59902905982744,Projected
Thailand,THA,Asia,Asia,7.15233846153842,6.468907281250788,7.835769641826053,2028,859.6239623931629,231.80231111111016,89.77999658119461,Projected
Thailand,THA,Asia,Asia,7.205938461538423,6.516318757184774,7.895558165892073,2029,859.1910666666671,233.82749743589693,92.96096410256268,Projected
Thailand,THA,Asia,Asia,7.259538461538426,6.563403727827346,7.955673195249506,2030,858.7581709401713,235.8526837606828,96.14193162392985,Projected
Thailand,THA,Asia,Asia,7.313138461538429,6.610171271174684,8.0161056519021745,2031,858.3252752136757,237.87787008546957,99.32289914529792,Projected
Thailand,THA,Asia,Asia,7.366738461538432,6.656630549753528,8.076846373323336,2032,857.8923794871799,239.90305641025543,102.50386666666509,Projected
Thailand,THA,Asia,Asia,7.420338461538435,6.702790766654082,8.13788615642279,2033,857.4594837606842,241.9282427350422,105.68483418803316,Projected
Thailand,THA,Asia,Asia,7.473938461538424,6.748661125003702,8.199215798073146,2034,857.0265880341884,243.95342905982898,108.86580170940033,Projected
Thailand,THA,Asia,Asia,7.527538461538427,6.794250791008866,8.260826132067988,2035,856.5936923076927,245.97861538461484,112.0467692307675,Projected
Thailand,THA,Asia,Asia,7.58113846153843,6.839568860615393,8.322708062461466,2036,856.160796581197,248.0038017094016,115.22773675213557,Projected
Thailand,THA,Asia,Asia,7.634738461538433,6.884624329770237,8.38485259330663,2037,855.7279008547013,250.02898803418748,118.40870427350274,Projected
Thailand,THA,Asia,Asia,7.688338461538436,6.929426068210804,8.447250854866066,2038,855.2950051282055,252.05417435897425,121.58967179487081,Projected
Thailand,THA,Asia,Asia,7.741938461538439,6.973982796661289,8.509894126415588,2039,854.8621094017097,254.07936068376011,124.77063931623798,Projected
Thailand,THA,Asia,Asia,7.7955384615384276,7.018303067278581,8.572773855798273,2040,854.429213675214,256.1045470085469,127.95160683760605,Projected
Thailand,THA,Asia,Asia,7.8491384615384305,7.062395247162658,8.635881675914204,2041,853.9963179487183,258.12973333333275,131.13257435897322,Projected
Thailand,THA,Asia,Asia,7.9027384615384335,7.106267504726379,8.699209418350488,2042,853.5634222222226,260.1549196581195,134.31354188034038,Projected
Thailand,THA,Asia,Asia,7.9563384615384365,7.149927798708007,8.762749124368867,2043,853.1305264957268,262.1801059829054,137.49450940170846,Projected
Thailand,THA,Asia,Asia,8.00993846153844,7.193383869603015,8.826493053473865,2044,852.6976307692311,264.20529230769216,140.67547692307562,Projected
Thailand,THA,Asia,Asia,8.063538461538442,7.236643233291378,8.890433689785507,2045,852.2647350427353,266.230478632478,143.8564444444437,Projected
Thailand,THA,Asia,Asia,8.117138461538431,7.2797131766398815,8.954563746436982,2046,851.8318393162397,268.2556649572648,147.03741196581086,Projected
Thailand,THA,Asia,Asia,8.170738461538434,7.322600754865879,9.01887616821099,2047,851.3989435897439,270.28085128205066,150.21837948717894,Projected
Thailand,THA,Asia,Asia,8.224338461538437,7.36531279045819,9.083364132618684,2048,850.96604786324815,272.30603760683744,153.3993470085461,Projected
Thailand,THA,Asia,Asia,8.27793846153844,7.407855873462646,9.148021049614234,2049,850.5331521367524,274.3312239316242,156.58031452991327,Projected
Thailand,THA,Asia,Asia,8.331538461538443,7.450236362951819,9.212840560125068,2050,850.1002564102566,276.3564102564101,159.76128205128134,Projected
Tajikistan,TJK,Asia,Asia,19.462307692307668,18.772377725995785,20.15223765861955,2026,1694.9643384615356,59.56501538461521,85.5023076923062,Projected
Tajikistan,TJK,Asia,Asia,19.501282051282026,18.8056968267091,20.196867275854952,2027,1698.7616683760662,60.10062905982886,88.7337606837591,Projected
Tajikistan,TJK,Asia,Asia,19.540256410256383,18.83866256364435,20.241850256868418,2028,1702.5589982905958,60.636242735042515,91.965213675212,Projected
Tajikistan,TJK,Asia,Asia,19.579230769230755,18.871283934154686,20.287177604306823,2029,1706.3563282051255,61.17185641025617,95.1966666666649,Projected
Tajikistan,TJK,Asia,Asia,19.618205128205112,18.903570122264867,20.332840134145357,2030,1710.153658119656,61.70747008547005,98.4281196581187,Projected
Tajikistan,TJK,Asia,Asia,19.65717948717947,18.93553044722524,20.3788285271337,2031,1713.9509880341857,62.2430837606837,101.6595726495716,Projected
Tajikistan,TJK,Asia,Asia,19.696153846153827,18.967174315063172,20.42513337724448,2032,1717.7483179487153,62.77869743589736,104.8910256410245,Projected
Tajikistan,TJK,Asia,Asia,19.735128205128184,18.998511173447486,20.471745236808882,2033,1721.545647863246,63.31431111111101,108.1224786324774,Projected
Tajikistan,TJK,Asia,Asia,19.77410256410254,19.02955047008516,20.518654658119925,2034,1725.3429777777756,63.849924786324664,111.3539316239303,Projected
Tajikistan,TJK,Asia,Asia,19.8130769230769,19.060301614781057,20.56585223137274,2035,1729.1403076923052,64.38553846153832,114.58538461538319,Projected
Tajikistan,TJK,Asia,Asia,19.852051282051256,19.090773945212195,20.613328618890318,2036,1732.9376376068349,64.92115213675197,117.81683760683609,Projected
Tajikistan,TJK,Asia,Asia,19.891025641025628,19.120976696399186,20.66107458565207,2037,1736.7349675213654,65.45676581196585,121.04829059828899,Projected
Tajikistan,TJK,Asia,Asia,19.929999999999986,19.150918973798944,20.709081026201027,2038,1740.532297435895,65.9923794871795,124.2797435897428,Projected
Tajikistan,TJK,Asia,Asia,19.968974358974343,19.180609729895078,20.757338988053608,2039,1744.3296273504247,66.52799316239316,127.51119658119569,Projected
Tajikistan,TJK,Asia,Asia,20.0079487179487,19.21005774412411,20.80583969177329,2040,1748.1269572649553,67.06360683760681,130.7426495726486,Projected
Tajikistan,TJK,Asia,Asia,20.046923076923058,19.23927160594758,20.854574547898537,2041,1751.924287179485,67.59922051282047,133.97410256410149,Projected
Tajikistan,TJK,Asia,Asia,20.085897435897415,19.268259700859694,20.903535170935136,2042,1755.7216170940146,68.13483418803412,137.20555555555438,Projected
Tajikistan,TJK,Asia,Asia,20.124871794871773,19.297030199107812,20.952713390635733,2043,1759.5189470085452,68.67044786324777,140.43700854700728,Projected
Tajikistan,TJK,Asia,Asia,20.16384615384613,19.325591046896538,21.002101260795722,2044,1763.3162769230748,69.20606153846143,143.66846153846018,Projected
Tajikistan,TJK,Asia,Asia,20.2028205128205,19.353949959845686,21.051691065795318,2045,1767.1136068376045,69.74167521367531,146.89991452991399,Projected
Tajikistan,TJK,Asia,Asia,20.24179487179486,19.382114418475652,21.101475325114066,2046,1770.9109367521341,70.27728888888896,150.13136752136688,Projected
Tajikistan,TJK,Asia,Asia,20.280769230769216,19.410091665501163,21.15144679603727,2047,1774.7082666666647,70.81290256410261,153.36282051281978,Projected
Tajikistan,TJK,Asia,Asia,20.319743589743574,19.437888704723512,21.201598474763635,2048,1778.5055965811944,71.34851623931627,156.59427350427268,Projected
Tajikistan,TJK,Asia,Asia,20.35871794871793,19.465512301323653,21.25192359611221,2049,1782.302926495724,71.88412991452992,159.82572649572558,Projected
Tajikistan,TJK,Asia,Asia,20.39769230769229,19.492968983371,21.302415632013577,2050,1786.1002564102546,72.41974358974358,163.05717948717847,Projected
Turkmenistan,TKM,Asia,Asia,21.845415384615364,20.95172986104823,22.7391009081825,2026,586.8927999999994,36.14947692307669,85.02403076922928,Projected
Turkmenistan,TKM,Asia,Asia,21.884164102564085,20.983153165278587,22.785175039849584,2027,586.053719658119,36.5215179487177,88.24182222222043,Projected
Turkmenistan,TKM,Asia,Asia,21.922912820512806,21.014118747553926,22.831706893471686,2028,585.2146393162384,36.89355897435871,91.4596136752125,Projected
Turkmenistan,TKM,Asia,Asia,21.961661538461527,21.04463826239665,22.878684814526405,2029,584.375558974358,37.26559999999972,94.67740512820365,Projected
Turkmenistan,TKM,Asia,Asia,22.000410256410234,21.074723606130128,22.92609690669034,2030,583.5364786324776,37.63764102564073,97.8951965811948,Projected
Turkmenistan,TKM,Asia,Asia,22.039158974358955,21.10438685023922,22.97393109847869,2031,582.6973982905972,38.00968205128186,101.11298803418686,Projected
Turkmenistan,TKM,Asia,Asia,22.077907692307676,21.13364017861343,23.022175206001922,2032,581.8583179487168,38.38172307692287,104.330779487178,Projected
Turkmenistan,TKM,Asia,Asia,22.116656410256397,21.162495829081625,23.07081699143117,2033,581.0192376068362,38.75376410256388,107.54857094016916,Projected
Turkmenistan,TKM,Asia,Asia,22.155405128205118,21.190966039522106,23.11984421688813,2034,580.1801572649558,39.12580512820489,110.76636239316122,Projected
Turkmenistan,TKM,Asia,Asia,22.194153846153824,21.21906299871748,23.16924469359017,2035,579.3410769230754,39.4978461538459,113.98415384615237,Projected
Turkmenistan,TKM,Asia,Asia,22.232902564102545,21.246798802021186,23.219006326183905,2036,578.501996581195,39.86988717948691,117.20194529914443,Projected
Turkmenistan,TKM,Asia,Asia,22.271651282051266,21.27418541181291,23.269117152289624,2037,577.6629162393144,40.24192820512792,120.41973675213558,Projected
Turkmenistan,TKM,Asia,Asia,22.310399999999987,21.301234622644916,23.319565377355058,2038,576.823835897434,40.613969230769044,123.63752820512673,Projected
Turkmenistan,TKM,Asia,Asia,22.349148717948708,21.327958030918857,23.37033940497856,2039,575.9847555555536,40.986010256410054,126.85531965811879,Projected
Turkmenistan,TKM,Asia,Asia,22.38789743589743,21.354367008883653,23.421427862911205,2040,575.1456752136733,41.358051282051065,130.07311111110994,Projected
Turkmenistan,TKM,Asia,Asia,22.426646153846136,21.38047268270833,23.47281962498394,2041,574.3065948717929,41.730092307692075,133.2909025641011,Projected
Turkmenistan,TKM,Asia,Asia,22.465394871794857,21.406285914357404,23.52450382923231,2042,573.4675145299123,42.102133333333086,136.50869401709315,Projected
Turkmenistan,TKM,Asia,Asia,22.504143589743578,21.43181728698007,23.576469892507085,2043,572.6284341880319,42.474174358974096,139.7264854700843,Projected
Turkmenistan,TKM,Asia,Asia,22.5428923076923,21.45707709351674,23.628707521867856,2044,571.7893538461515,42.84621538461511,142.94427692307636,Projected
Turkmenistan,TKM,Asia,Asia,22.58164102564102,21.482075328224873,23.681206723057166,2045,570.9502735042711,43.21825641025623,146.1620683760675,Projected
Turkmenistan,TKM,Asia,Asia,22.620389743589726,21.506821680831155,23.733957806348297,2046,570.1111931623905,43.59029743589724,149.37985982905866,Projected
Turkmenistan,TKM,Asia,Asia,22.659138461538447,21.53132553302594,23.786951390050955,2047,569.2721128205101,43.96233846153825,152.59765128205072,Projected
Turkmenistan,TKM,Asia,Asia,22.697887179487168,21.55559595702832,23.840178401946016,2048,568.4330324786297,44.33437948717926,155.81544273504187,Projected
Turkmenistan,TKM,Asia,Asia,22.73663589743589,21.57964171596583,23.893630078905947,2049,567.5939521367493,44.70642051282027,159.03323418803302,Projected
Turkmenistan,TKM,Asia,Asia,22.77538461538461,21.60347126582882,23.9472979649404,2050,566.7548717948689,45.07846153846128,162.25102564102508,Projected
East Timor,TLS,Asia,Asia,27.38738461538459,26.393659209960926,28.381110020808254,2026,1485.0105538461548,26.101753846153713,85.61606153845969,Projected
East Timor,TLS,Asia,Asia,27.43288888888887,26.43101805699783,28.43475972077991,2027,1484.2688854700864,26.34863589743577,88.85708034187883,Projected
East Timor,TLS,Asia,Asia,27.478393162393147,26.467867944313074,28.48891838047322,2028,1483.5272170940182,26.595517948717827,92.09809914529797,Projected
East Timor,TLS,Asia,Asia,27.52389743589741,26.504221831045733,28.543573040749088,2029,1482.7855487179497,26.842399999999827,95.3391179487162,Projected
East Timor,TLS,Asia,Asia,27.56940170940169,26.54009294520331,28.598710473600068,2030,1482.0438803418813,27.089282051281884,98.58013675213533,Projected
East Timor,TLS,Asia,Asia,27.614905982905967,26.575494709562406,28.654317256249527,2031,1481.302211965813,27.33616410256394,101.82115555555447,Projected
East Timor,TLS,Asia,Asia,27.66041025641023,26.610440671887,28.71037984093346,2032,1480.5605435897446,27.583046153846,105.0621743589727,Projected
East Timor,TLS,Asia,Asia,27.70591452991451,26.644944439918476,28.76688461991054,2033,1479.8188752136762,27.829928205128056,108.30319316239184,Projected
East Timor,TLS,Asia,Asia,27.751418803418787,26.679019621453122,28.82381798538445,2034,1479.077206837608,28.076810256410113,111.54421196581097,Projected
East Timor,TLS,Asia,Asia,27.79692307692305,26.71267976969576,28.88116638415034,2035,1478.3355384615395,28.32369230769217,114.7852307692292,Projected
East Timor,TLS,Asia,Asia,27.84242735042733,26.745938333963494,28.938916366891164,2036,1477.5938700854713,28.570574358974227,118.02624957264834,Projected
East Timor,TLS,Asia,Asia,27.887931623931607,26.778808615714482,28.997054632148732,2037,1476.8522017094028,28.817456410256284,121.26726837606748,Projected
East Timor,TLS,Asia,Asia,27.93343589743587,26.811303729792726,29.055568065079015,2038,1476.1105333333344,29.06433846153834,124.5082871794857,Projected
East Timor,TLS,Asia,Asia,27.97894017094015,26.843436570710494,29.114443771169803,2039,1475.3688649572662,29.311220512820398,127.74930598290484,Projected
East Timor,TLS,Asia,Asia,28.024444444444427,26.875219783735464,29.17366910515339,2040,1474.6271965811977,29.558102564102455,130.99032478632398,Projected
East Timor,TLS,Asia,Asia,28.06994871794869,26.906665740509034,29.233231695388348,2041,1473.8855282051293,29.804984615384512,134.2313435897422,Projected
East Timor,TLS,Asia,Asia,28.11545299145297,26.937786518892835,29.293119464013103,2042,1473.143859829061,30.051866666666513,137.47236239316135,Projected
East Timor,TLS,Asia,Asia,28.160957264957247,26.968593886722363,29.35332064319213,2043,1472.4021914529926,30.29874871794857,140.71338119658049,Projected
East Timor,TLS,Asia,Asia,28.20646153846151,26.9990992891381,29.41382378778492,2044,1471.6605230769244,30.545630769230627,143.9543999999987,Projected
East Timor,TLS,Asia,Asia,28.25196581196579,27.02931383916282,29.474617784768757,2045,1470.918854700856,30.792512820512684,147.19541880341785,Projected
East Timor,TLS,Asia,Asia,28.297470085470067,27.05924831119907,29.535691859741064,2046,1470.1771863247875,31.03939487179474,150.436437606837,Projected
East Timor,TLS,Asia,Asia,28.34297435897433,27.08891313713118,29.597035580817483,2047,1469.4355179487193,31.286276923076798,153.67745641025522,Projected
East Timor,TLS,Asia,Asia,28.38847863247861,27.11831840472984,29.658638860227377,2048,1468.6938495726508,31.533158974358855,156.91847521367436,Projected
East Timor,TLS,Asia,Asia,28.433982905982887,27.14747385807418,29.720491953891596,2049,1467.9521811965824,31.780041025640912,160.1594940170935,Projected
East Timor,TLS,Asia,Asia,28.47948717948715,27.176388899724937,29.782585459249365,2050,1467.2105128205142,32.02692307692297,163.40051282051172,Projected
Tonga,TON,Oceania,Oceania,26.018799999999985,25.363776449939042,26.673823550060927,2026,1704.0886769230767,15.737015384615347,89.46815384615275,Projected
Tonga,TON,Oceania,Oceania,26.056317948717933,25.395925263348282,26.716710634087583,2027,1705.8775247863243,15.871210256410222,92.59502564102422,Projected
Tonga,TON,Oceania,Oceania,26.09383589743588,25.427738591117425,26.759933203754336,2028,1707.6663726495724,16.005405128205098,95.7218974358957,Projected
Tonga,TON,Oceania,Oceania,26.13135384615383,25.459224975386228,26.80348271692143,2029,1709.45522051282,16.139599999999973,98.84876923076808,Projected
Tonga,TON,Oceania,Oceania,26.168871794871777,25.490393135521593,26.84735045422196,2030,1711.244068376068,16.27379487179485,101.97564102563956,Projected
Tonga,TON,Oceania,Oceania,26.206389743589725,25.521251919274366,26.891527567905083,2031,1713.0329162393161,16.407989743589724,105.10251282051104,Projected
Tonga,TON,Oceania,Oceania,26.243907692307673,25.55181025678201,26.936005127833337,2032,1714.8217641025637,16.542184615384542,108.22938461538342,Projected
Tonga,TON,Oceania,Oceania,26.28142564102562,25.582077117716615,26.980774164334626,2033,1716.6106119658118,16.676379487179418,111.3562564102549,Projected
Tonga,TON,Oceania,Oceania,26.318943589743583,25.61206147178654,27.025825707700626,2034,1718.3994598290599,16.810574358974293,114.48312820512729,Projected
Tonga,TON,Oceania,Oceania,26.35646153846153,25.641772252715587,27.071150824207475,2035,1720.1883076923075,16.944769230769168,117.60999999999876,Projected
Tonga,TON,Oceania,Oceania,26.39397948717948,25.671218325749006,27.11674064860995,2036,1721.9771555555556,17.078964102564044,120.73687179487024,Projected
Tonga,TON,Oceania,Oceania,26.431497435897427,25.700408458669436,27.162586413125418,2037,1723.7660034188032,17.21315897435892,123.86374358974263,Projected
Tonga,TON,Oceania,Oceania,26.469015384615375,25.729351296251018,27.208679472979732,2038,1725.5548512820512,17.347353846153794,126.9906153846141,Projected
Tonga,TON,Oceania,Oceania,26.506533333333323,25.7580553380341,27.255011328632545,2039,1727.3436991452993,17.48154871794867,130.1174871794865,Projected
Tonga,TON,Oceania,Oceania,26.54405128205127,25.786528919267123,27.30157364483542,2040,1729.132547008547,17.615743589743545,133.24435897435797,Projected
Tonga,TON,Oceania,Oceania,26.58156923076922,25.814780194835166,27.348358266703272,2041,1730.921394871795,17.74993846153842,136.37123076922944,Projected
Tonga,TON,Oceania,Oceania,26.619087179487167,25.842817125975543,27.39535723299879,2042,1732.7102427350426,17.884133333333295,139.49810256410183,Projected
Tonga,TON,Oceania,Oceania,26.656605128205115,25.870647469568933,27.442562786841297,2043,1734.4990905982906,18.01832820512817,142.6249743589733,Projected
Tonga,TON,Oceania,Oceania,26.694123076923063,25.898278769788522,27.489967384057604,2044,1736.2879384615387,18.152523076923046,145.75184615384478,Projected
Tonga,TON,Oceania,Oceania,26.73164102564101,25.92571835188892,27.5375636993931,2045,1738.0767863247863,18.28671794871792,148.87871794871717,Projected
Tonga,TON,Oceania,Oceania,26.76915897435896,25.952973317920033,27.585344630797884,2046,1739.8656341880344,18.420912820512797,152.00558974358864,Projected
Tonga,TON,Oceania,Oceania,26.806676923076907,25.980050544157617,27.633303301996197,2047,1741.654482051282,18.555107692307672,155.13246153846103,Projected
Tonga,TON,Oceania,Oceania,26.844194871794855,26.006956680051626,27.681433063538083,2048,1743.44332991453,18.689302564102547,158.2593333333325,Projected
Tonga,TON,Oceania,Oceania,26.881712820512803,26.03369814850448,27.729727492521125,2049,1745.2321777777781,18.823497435897423,161.38620512820398,Projected
Tonga,TON,Oceania,Oceania,26.91923076923075,26.060281147303506,27.778180391157996,2050,1747.0210256410257,18.957692307692298,164.51307692307637,Projected
Trinidad and Tobago,TTO,North America,Americas,22.75221538461536,21.960287578938978,23.544143190291745,2026,976.40049230769,12.170123076922948,90.72332307692068,Projected
Trinidad and Tobago,TTO,North America,Americas,22.786396581196563,21.987977455409613,23.584815706983512,2027,981.6596170940156,12.368964102564007,93.86536410256213,Projected
Trinidad and Tobago,TTO,North America,Americas,22.82057777777775,22.015261727521775,23.625893828033725,2028,986.9187418803413,12.56780512820501,97.00740512820357,Projected
Trinidad and Tobago,TTO,North America,Americas,22.85475897435895,22.042150722778974,23.66736722593893,2029,992.1778666666651,12.766646153846068,100.14944615384411,Projected
Trinidad and Tobago,TTO,North America,Americas,22.888940170940153,22.06865498295347,23.709225358926837,2030,997.4369914529907,12.96548717948707,103.29148717948556,Projected
Trinidad and Tobago,TTO,North America,Americas,22.92312136752134,22.094785205034555,23.751457530008125,2031,1002.6961162393145,13.164328205128072,106.4335282051261,Projected
Trinidad and Tobago,TTO,North America,Americas,22.95730256410254,22.120552185617527,23.794052942587555,2032,1007.9552410256401,13.363169230769131,109.57556923076754,Projected
Trinidad and Tobago,TTO,North America,Americas,22.991483760683742,22.145966769095285,23.8370007522722,2033,1013.214365811964,13.562010256410133,112.71761025640808,Projected
Trinidad and Tobago,TTO,North America,Americas,23.02566495726493,22.171039799904538,23.88029011462532,2034,1018.4734905982896,13.760851282051192,115.85965128204953,Projected
Trinidad and Tobago,TTO,North America,Americas,23.05984615384613,22.19578207897653,23.92391022871573,2035,1023.7326153846152,13.959692307692194,119.00169230769097,Projected
Trinidad and Tobago,TTO,North America,Americas,23.094027350427332,22.2202043244514,23.967850376403263,2036,1028.991740170939,14.158533333333253,122.14373333333151,Projected
Trinidad and Tobago,TTO,North America,Americas,23.12820854700852,22.244317136636347,24.01209995738069,2037,1034.2508649572646,14.357374358974255,125.28577435897296,Projected
Trinidad and Tobago,TTO,North America,Americas,23.16238974358972,22.268130967120523,24.056648520058918,2038,1039.5099897435884,14.556215384615314,128.4278153846135,Projected
Trinidad and Tobago,TTO,North America,Americas,23.196570940170922,22.291656091904436,24.101485788437408,2039,1044.769114529914,14.755056410256316,131.56985641025494,Projected
Trinidad and Tobago,TTO,North America,Americas,23.230752136752123,22.314902588358596,24.14660168514565,2040,1050.028239316238,14.953897435897318,134.71189743589548,Projected
Trinidad and Tobago,TTO,North America,Americas,23.26493333333331,22.337880315792997,24.191986350873623,2041,1055.2873641025635,15.152738461538377,137.85393846153693,Projected
Trinidad and Tobago,TTO,North America,Americas,23.29911452991451,22.36059889939626,24.237630160432765,2042,1060.5464888888891,15.351579487179379,140.99597948717837,Projected
Trinidad and Tobago,TTO,North America,Americas,23.333295726495713,22.383067717288426,24.283523735703,2043,1065.805613675213,15.550420512820438,144.1380205128189,Projected
Trinidad and Tobago,TTO,North America,Americas,23.3674769230769,22.405295890424775,24.329657955729026,2044,1071.0647384615386,15.74926153846144,147.28006153846036,Projected
Trinidad and Tobago,TTO,North America,Americas,23.4016581196581,22.42729227508663,24.376023964229574,2045,1076.3238632478624,15.948102564102498,150.4221025641009,Projected
Trinidad and Tobago,TTO,North America,Americas,23.435839316239303,22.449065457699287,24.42261317477932,2046,1081.582988034188,16.1469435897435,153.56414358974234,Projected
Trinidad and Tobago,TTO,North America,Americas,23.47002051282049,22.470623751725622,24.469417273915358,2047,1086.8421128205118,16.34578461538456,156.70618461538288,Projected
Trinidad and Tobago,TTO,North America,Americas,23.50420170940169,22.491975196394655,24.516428222408727,2048,1092.1012376068375,16.54462564102556,159.84822564102433,Projected
Trinidad and Tobago,TTO,North America,Americas,23.538382905982893,22.513127557037883,24.563638254927902,2049,1097.360362393163,16.743466666666563,162.99026666666578,Projected
Trinidad and Tobago,TTO,North America,Americas,23.57256410256408,22.534088326821184,24.611039878306975,2050,1102.619487179487,16.942307692307622,166.1323076923063,Projected
Tunisia,TUN,Africa,Africa,31.627753846153844,30.906707353455634,32.34880033885205,2026,1098.2126769230763,15.0610461538461,90.34938461538331,Projected
Tunisia,TUN,Africa,Africa,31.662858119658118,30.935901310937215,32.38981492837902,2027,1097.0634735042727,15.08841709401704,93.54235897435774,Projected
Tunisia,TUN,Africa,Africa,31.697962393162392,30.96472596758355,32.43119881874123,2028,1095.914270085469,15.115788034187972,96.73533333333216,Projected
Tunisia,TUN,Africa,Africa,31.733066666666666,30.993190726537343,32.47294260679599,2029,1094.7650666666655,15.143158974358911,99.92830769230659,Projected
Tunisia,TUN,Africa,Africa,31.76817094017094,31.021305186032,32.515036694309885,2030,1093.6158632478619,15.170529914529851,103.12128205128101,Projected
Tunisia,TUN,Africa,Africa,31.803275213675214,31.049079085625305,32.557471341725126,2031,1092.4666598290582,15.19790085470079,106.31425641025544,Projected
Tunisia,TUN,Africa,Africa,31.838379487179488,31.07652225556579,32.600236718793184,2032,1091.3174564102546,15.225271794871723,109.50723076922986,Projected
Tunisia,TUN,Africa,Africa,31.87348376068376,31.103644569621526,32.64332295174599,2033,1090.1682529914515,15.252642735042663,112.70020512820429,Projected
Tunisia,TUN,Africa,Africa,31.908588034188035,31.130455901600456,32.686720166775615,2034,1089.0190495726479,15.280013675213603,115.89317948717871,Projected
Tunisia,TUN,Africa,Africa,31.94369230769231,31.156966085698983,32.730418529685636,2035,1087.8698461538443,15.307384615384535,119.08615384615223,Projected
Tunisia,TUN,Africa,Africa,31.97879658119657,31.18318488073261,32.77440828166053,2036,1086.7206427350407,15.334755555555475,122.27912820512665,Projected
Tunisia,TUN,Africa,Africa,32.01390085470084,31.20912193823056,32.818679771171126,2037,1085.571439316237,15.362126495726415,125.47210256410108,Projected
Tunisia,TUN,Africa,Africa,32.04900512820512,31.234786774314912,32.86322348209532,2038,1084.4222358974334,15.389497435897354,128.6650769230755,Projected
Tunisia,TUN,Africa,Africa,32.08410940170939,31.260188745235162,32.90803005818362,2039,1083.2730324786303,15.416868376068287,131.85805128204993,Projected
Tunisia,TUN,Africa,Africa,32.119213675213665,31.285337026389126,32.9530903240382,2040,1082.1238290598267,15.444239316239226,135.05102564102435,Projected
Tunisia,TUN,Africa,Africa,32.15431794871794,31.310240594631583,32.99839530280429,2041,1080.974625641023,15.471610256410166,138.24399999999878,Projected
Tunisia,TUN,Africa,Africa,32.18942222222221,31.33490821365087,33.043936230793555,2042,1079.8254222222195,15.498981196581106,141.4369743589732,Projected
Tunisia,TUN,Africa,Africa,32.22452649572649,31.3593484221806,33.08970456927238,2043,1078.6762188034158,15.526352136752038,144.62994871794763,Projected
Tunisia,TUN,Africa,Africa,32.25963076923076,31.383569524807093,33.13569201365443,2044,1077.5270153846122,15.553723076922978,147.82292307692205,Projected
Tunisia,TUN,Africa,Africa,32.294735042735034,31.407579585132265,33.18189050033781,2045,1076.377811965809,15.581094017093918,151.01589743589648,Projected
Tunisia,TUN,Africa,Africa,32.32983931623931,31.431386421055436,33.22829221142318,2046,1075.2286085470055,15.608464957264857,154.2088717948709,Projected
Tunisia,TUN,Africa,Africa,32.36494358974358,31.454997601944942,33.27488957754222,2047,1074.0794051282019,15.63583589743579,157.40184615384533,Projected
Tunisia,TUN,Africa,Africa,32.400047863247856,31.47842044748047,33.32167527901524,2048,1072.9302017093983,15.66320683760673,160.59482051281975,Projected
Tunisia,TUN,Africa,Africa,32.43515213675213,31.501662027959348,33.36864224554491,2049,1071.7809982905947,15.69057777777767,163.78779487179418,Projected
Tunisia,TUN,Africa,Africa,32.470256410256404,31.524729165873403,33.415783654639405,2050,1070.631794871791,15.717948717948602,166.9807692307686,Projected
Turkey,TUR,Asia,Asia,9.846492307692287,8.772428603663464,10.92055601172111,2026,1262.9544307692315,5.568523076923057,91.02883076922899,Projected
Turkey,TUR,Asia,Asia,9.877514529914507,8.794646877758069,10.960382182070944,2027,1262.2156136752144,5.592345299145279,94.29603760683585,Projected
Turkey,TUR,Asia,Asia,9.908536752136733,8.816315044991304,11.000758459282162,2028,1261.4767965811973,5.616167521367501,97.56324444444272,Projected
Turkey,TUR,Asia,Asia,9.939558974358953,8.837447112191258,11.041670836526647,2029,1260.7379794871802,5.639989743589723,100.83045128204958,Projected
Turkey,TUR,Asia,Asia,9.970581196581172,8.858057376791232,11.083105016371112,2030,1259.9991623931633,5.663811965811945,104.09765811965644,Projected
Turkey,TUR,Asia,Asia,10.001603418803398,8.878160346739907,11.12504649086689,2031,1259.2603452991461,5.687634188034167,107.36486495726331,Projected
Turkey,TUR,Asia,Asia,10.032625641025618,8.897770665077985,11.16748061697325,2032,1258.521528205129,5.711456410256389,110.63207179487017,Projected
Turkey,TUR,Asia,Asia,10.063647863247837,8.916903039672457,11.210392686823218,2033,1257.782711111112,5.735278632478611,113.89927863247703,Projected
Turkey,TUR,Asia,Asia,10.094670085470064,8.93557217844971,11.253767992490417,2034,1257.0438940170948,5.759100854700833,117.1664854700839,Projected
Turkey,TUR,Asia,Asia,10.125692307692283,8.953792730331159,11.297591885053407,2035,1256.3050769230776,5.782923076923055,120.43369230769076,Projected
Turkey,TUR,Asia,Asia,10.15671452991451,8.971579231951619,11.3418498278774,2036,1255.5662598290605,5.806745299145277,123.70089914529763,Projected
Turkey,TUR,Asia,Asia,10.187736752136729,8.988946060133244,11.386527444140214,2037,1254.8274427350434,5.830567521367499,126.96810598290449,Projected
Turkey,TUR,Asia,Asia,10.218758974358948,9.005907389997121,11.431610558720775,2038,1254.0886256410263,5.854389743589728,130.23531282051135,Projected
Turkey,TUR,Asia,Asia,10.249781196581175,9.022477158519711,11.477085234642638,2039,1253.3498085470092,5.87821196581195,133.50251965811822,Projected
Turkey,TUR,Asia,Asia,10.280803418803394,9.038669033282586,11.522937804324203,2040,1252.610991452992,5.902034188034172,136.76972649572508,Projected
Turkey,TUR,Asia,Asia,10.311825641025614,9.054496386119597,11.56915489593163,2041,1251.872174358975,5.925856410256394,140.03693333333194,Projected
Turkey,TUR,Asia,Asia,10.34284786324784,9.06997227133397,11.61572345516171,2042,1251.133357264958,5.949678632478616,143.3041401709388,Projected
Turkey,TUR,Asia,Asia,10.37387008547006,9.085109408138601,11.662630762801518,2043,1250.394540170941,5.973500854700838,146.57134700854567,Projected
Turkey,TUR,Asia,Asia,10.404892307692286,9.099920166962923,11.70986444842165,2044,1249.6557230769238,5.99732307692306,149.83855384615254,Projected
Turkey,TUR,Asia,Asia,10.435914529914506,9.114416559268346,11.757412500560665,2045,1248.9169059829067,6.021145299145282,153.1057606837594,Projected
Turkey,TUR,Asia,Asia,10.466936752136725,9.128610230520174,11.805263273753276,2046,1248.1780888888895,6.044967521367504,156.37296752136626,Projected
Turkey,TUR,Asia,Asia,10.497958974358951,9.142512455974412,11.85340549274349,2047,1247.4392717948724,6.068789743589726,159.64017435897313,Projected
Turkey,TUR,Asia,Asia,10.52898119658117,9.156134138953306,11.901828254209036,2048,1246.7004547008553,6.0926119658119475,162.90738119658,Projected
Turkey,TUR,Asia,Asia,10.56000341880339,9.169485811301639,11.950521026305141,2049,1245.9616376068382,6.1164341880341695,166.17458803418685,Projected
Turkey,TUR,Asia,Asia,10.591025641025617,9.18257763573558,11.999473646315653,2050,1245.222820512821,6.1402564102563915,169.44179487179372,Projected
Tuvalu,TUV,Oceania,Oceania,26.094492307692306,25.236375488244164,26.952609127140448,2026,1116.8543384615396,3.71790769230779,84.38033846153667,Projected
Tuvalu,TUV,Oceania,Oceania,26.126335042735036,25.261184361200765,26.991485724269307,2027,1116.5166256410266,3.6271829059830054,87.55307008546879,Projected
Tuvalu,TUV,Oceania,Oceania,26.15817777777778,25.285553729546557,27.030801826009004,2028,1116.178912820514,3.5364581196582208,90.7258017094,Projected
Tuvalu,TUV,Oceania,Oceania,26.19002051282051,25.309494783953657,27.070546241687364,2029,1115.8412000000012,3.445733333333436,93.89853333333213,Projected
Tuvalu,TUV,Oceania,Oceania,26.22186324786324,25.33301894727153,27.11070754845495,2030,1115.5034871794883,3.3550085470086515,97.07126495726334,Projected
Tuvalu,TUV,Oceania,Oceania,26.253705982905984,25.356137810539646,27.151274155272322,2031,1115.1657743589756,3.264283760683867,100.24399658119546,Projected
Tuvalu,TUV,Oceania,Oceania,26.285548717948714,25.378863072728414,27.192234363169014,2032,1114.8280615384629,3.173558974359082,103.41672820512667,Projected
Tuvalu,TUV,Oceania,Oceania,26.317391452991444,25.401206484600856,27.233576421382033,2033,1114.49034871795,3.0828341880342975,106.5894598290588,Projected
Tuvalu,TUV,Oceania,Oceania,26.34923418803419,25.423179796967446,27.27528857910093,2034,1114.1526358974374,2.992109401709513,109.76219145299001,Projected
Tuvalu,TUV,Oceania,Oceania,26.381076923076918,25.44479471349695,27.317359132656886,2035,1113.8149230769245,2.9013846153847282,112.93492307692213,Projected
Tuvalu,TUV,Oceania,Oceania,26.412919658119662,25.466062848147477,27.359776468091848,2036,1113.4772102564118,2.8106598290599436,116.10765470085335,Projected
Tuvalu,TUV,Oceania,Oceania,26.444762393162392,25.4869956871957,27.402529099129083,2037,1113.139497435899,2.719935042735159,119.28038632478547,Projected
Tuvalu,TUV,Oceania,Oceania,26.476605128205122,25.507604555770474,27.44560570063977,2038,1112.8017846153862,2.6292102564103743,122.45311794871668,Projected
Tuvalu,TUV,Oceania,Oceania,26.508447863247866,25.52790058873639,27.488995137759343,2039,1112.4640717948735,2.5384854700855897,125.6258495726488,Projected
Tuvalu,TUV,Oceania,Oceania,26.540290598290596,25.54789470572659,27.5326864908546,2040,1112.1263589743608,2.447760683760805,128.79858119658002,Projected
Tuvalu,TUV,Oceania,Oceania,26.572133333333326,25.567597590088344,27.57666907657831,2041,1111.7886461538478,2.3570358974360204,131.97131282051214,Projected
Tuvalu,TUV,Oceania,Oceania,26.60397606837607,25.58701967147972,27.62093246527242,2042,1111.4509333333351,2.2663111111112357,135.14404444444335,Projected
Tuvalu,TUV,Oceania,Oceania,26.6358188034188,25.606171111840325,27.665466494997276,2043,1111.1132205128224,2.175586324786451,138.31677606837548,Projected
Tuvalu,TUV,Oceania,Oceania,26.667661538461545,25.62506179445133,27.71026128247176,2044,1110.7755076923095,2.0848615384616664,141.4895076923067,Projected
Tuvalu,TUV,Oceania,Oceania,26.699504273504274,25.643701315798495,27.755307231210054,2045,1110.437794871797,1.9941367521368818,144.6622393162388,Projected
Tuvalu,TUV,Oceania,Oceania,26.731347008547004,25.662098979957193,27.800595037136816,2046,1110.100082051284,1.9034119658120972,147.83497094017002,Projected
Tuvalu,TUV,Oceania,Oceania,26.76318974358975,25.680263795226278,27.84611569195322,2047,1109.7623692307714,1.8126871794873125,151.00770256410215,Projected
Tuvalu,TUV,Oceania,Oceania,26.79503247863248,25.698204472750298,27.89186048451466,2048,1109.4246564102586,1.7219623931625279,154.18043418803336,Projected
Tuvalu,TUV,Oceania,Oceania,26.82687521367521,25.71592942688413,27.937821000466286,2049,1109.0869435897457,1.6312376068377432,157.35316581196457,Projected
Tuvalu,TUV,Oceania,Oceania,26.858717948717953,25.733446777069524,27.98398912036638,2050,1108.749230769233,1.5405128205129586,160.5258974358967,Projected
Taiwan,TWN,Asia,Asia,3.7555692307692183,2.8992606305503736,4.611877830988063,2026,767.2656000000013,26.295446153845887,91.08495384615253,Projected
Taiwan,TWN,Asia,Asia,3.7789162393162314,2.9155885987282923,4.6422438799041705,2027,766.4849606837622,26.548670085469894,94.35922393162218,Projected
Taiwan,TWN,Asia,Asia,3.8022632478632374,2.9314779884171736,4.673048507309302,2028,765.7043213675229,26.801894017093787,97.63349401709274,Projected
Taiwan,TWN,Asia,Asia,3.8256102564102505,2.9469399667082556,4.704280546112246,2029,764.9236820512835,27.05511794871768,100.9077641025624,Projected
Taiwan,TWN,Asia,Asia,3.8489572649572565,2.961985932380803,4.73592859753371,2030,764.1430427350442,27.308341880341686,104.18203418803296,Projected
Taiwan,TWN,Asia,Asia,3.8723042735042696,2.97662745204971,4.767981094958829,2031,763.3624034188051,27.56156581196558,107.45630427350261,Projected
Taiwan,TWN,Asia,Asia,3.8956512820512756,2.990876200033394,4.800426364069157,2032,762.5817641025658,27.814789743589472,110.73057435897317,Projected
Taiwan,TWN,Asia,Asia,3.9189982905982816,3.0047439023337197,4.833252678862843,2033,761.8011247863265,28.06801367521348,114.00484444444282,Projected
Taiwan,TWN,Asia,Asia,3.9423452991452947,3.0182422849999107,4.866448313290679,2034,761.0204854700874,28.32123760683737,117.27911452991339,Projected
Taiwan,TWN,Asia,Asia,3.9656923076923007,3.03138302703884,4.900001588345762,2035,760.239846153848,28.574461538461378,120.55338461538304,Projected
Taiwan,TWN,Asia,Asia,3.989039316239314,3.044177717935725,4.933900914542903,2036,759.4592068376087,28.82768547008527,123.8276547008536,Projected
Taiwan,TWN,Asia,Asia,4.01238632478632,3.0566378197634396,4.9681348298092,2037,758.6785675213696,29.080909401709164,127.10192478632325,Projected
Taiwan,TWN,Asia,Asia,4.035733333333333,3.068774633786575,5.00269203288009,2038,757.8979282051303,29.33413333333317,130.3761948717938,Projected
Taiwan,TWN,Asia,Asia,4.059080341880339,3.0805992714063803,5.0375614123542976,2039,757.1172888888909,29.587357264957063,133.65046495726347,Projected
Taiwan,TWN,Asia,Asia,4.082427350427352,3.092122629246238,5.072732071608466,2040,756.3366495726518,29.840581196580956,136.92473504273403,Projected
Taiwan,TWN,Asia,Asia,4.105774358974358,3.1033553681415,5.108193349807216,2041,755.5560102564125,30.093805128204963,140.19900512820368,Projected
Taiwan,TWN,Asia,Asia,4.129121367521364,3.114307895772905,5.143934839269823,2042,754.7753709401732,30.347029059828856,143.47327521367424,Projected
Taiwan,TWN,Asia,Asia,4.152468376068377,3.1249903526669107,5.179946399469843,2043,753.9947316239338,30.60025299145275,146.7475452991439,Projected
Taiwan,TWN,Asia,Asia,4.175815384615383,3.135412601278647,5.216218167952119,2044,753.2140923076947,30.853476923076755,150.02181538461446,Projected
Taiwan,TWN,Asia,Asia,4.199162393162396,3.1455842178722544,5.252740568452538,2045,752.4334529914554,31.106700854700648,153.2960854700841,Projected
Taiwan,TWN,Asia,Asia,4.222509401709402,3.155514486917579,5.289504316501226,2046,751.6528136752161,31.35992478632454,156.57035555555467,Projected
Taiwan,TWN,Asia,Asia,4.245856410256415,3.1652123977312288,5.326500422781602,2047,750.872174358977,31.613148717948548,159.84462564102432,Projected
Taiwan,TWN,Asia,Asia,4.269203418803421,3.1746866431016985,5.363720194505144,2048,750.0915350427376,31.86637264957244,163.11889572649488,Projected
Taiwan,TWN,Asia,Asia,4.292550427350427,3.1839456196531657,5.401155235047689,2049,749.3108957264983,32.11959658119633,166.39316581196545,Projected
Taiwan,TWN,Asia,Asia,4.3158974358974405,3.1929974297181327,5.438797442076748,2050,748.5302564102592,32.37282051282034,169.6674358974351,Projected
United Republic of Tanzania,TZA,Africa,Africa,29.30809230769229,28.48438172972723,30.131802885657354,2026,982.3299384615384,30.867107692307627,90.53113846153792,Projected
United Republic of Tanzania,TZA,Africa,Africa,29.357466666666653,28.527004249706035,30.18792908362727,2027,982.8820991452992,31.16566837606831,93.70518290598193,Projected
United Republic of Tanzania,TZA,Africa,Africa,29.406841025641,28.56920488703576,30.24447716424624,2028,983.4342598290598,31.464229059828995,96.87922735042685,Projected
United Republic of Tanzania,TZA,Africa,Africa,29.456215384615362,28.610994383697953,30.30143638553277,2029,983.9864205128206,31.76278974358968,100.05327179487085,Projected
United Republic of Tanzania,TZA,Africa,Africa,29.505589743589724,28.652383704542267,30.35879578263718,2030,984.5385811965814,32.06135042735036,103.22731623931577,Projected
United Republic of Tanzania,TZA,Africa,Africa,29.554964102564085,28.693383975864794,30.416544229263376,2031,985.090741880342,32.359911111111046,106.40136068375978,Projected
United Republic of Tanzania,TZA,Africa,Africa,29.604338461538447,28.734006427565102,30.47467049551179,2032,985.6429025641028,32.65847179487173,109.5754051282047,Projected
United Republic of Tanzania,TZA,Africa,Africa,29.65371282051281,28.774262339258698,30.53316330176692,2033,986.1950632478633,32.957032478632414,112.7494495726487,Projected
United Republic of Tanzania,TZA,Africa,Africa,29.70308717948717,28.81416299060665,30.59201136836769,2034,986.7472239316241,33.2555931623931,115.92349401709362,Projected
United Republic of Tanzania,TZA,Africa,Africa,29.75246153846153,28.853719616018502,30.65120346090456,2035,987.299384615385,33.55415384615378,119.09753846153762,Projected
United Republic of Tanzania,TZA,Africa,Africa,29.80183589743588,28.892943363790025,30.710728431081733,2036,987.8515452991455,33.85271452991458,122.27158290598254,Projected
United Republic of Tanzania,TZA,Africa,Africa,29.85121025641024,28.93184525965505,30.770575253165433,2037,988.4037059829063,34.15127521367526,125.44562735042655,Projected
United Republic of Tanzania,TZA,Africa,Africa,29.900584615384602,28.970436174660726,30.83073305610848,2038,988.9558666666669,34.449835897435946,128.61967179487146,Projected
United Republic of Tanzania,TZA,Africa,Africa,29.949958974358964,29.00872679721863,30.8911911514993,2039,989.5080273504277,34.74839658119663,131.79371623931547,Projected
United Republic of Tanzania,TZA,Africa,Africa,29.999333333333325,29.04672760913862,30.95193905752803,2040,990.0601880341883,35.046957264957314,134.9677606837604,Projected
United Republic of Tanzania,TZA,Africa,Africa,30.048707692307687,29.08444886541857,31.012966519196805,2041,990.6123487179491,35.345517948718,138.1418051282044,Projected
United Republic of Tanzania,TZA,Africa,Africa,30.09808205128205,29.121900577538796,31.0742635250253,2042,991.1645094017099,35.64407863247868,141.3158495726493,Projected
United Republic of Tanzania,TZA,Africa,Africa,30.14745641025641,29.15909249999541,31.13582032051741,2043,991.7166700854705,35.942639316239365,144.48989401709332,Projected
United Republic of Tanzania,TZA,Africa,Africa,30.196830769230758,29.19603411979883,31.197627418662684,2044,992.2688307692313,36.24120000000005,147.66393846153824,Projected
United Republic of Tanzania,TZA,Africa,Africa,30.24620512820512,29.232734648663254,31.259675607746985,2045,992.8209914529918,36.53976068376073,150.83798290598224,Projected
United Republic of Tanzania,TZA,Africa,Africa,30.29557948717948,29.269203017616594,31.321955956742368,2046,993.3731521367527,36.83832136752142,154.01202735042716,Projected
United Republic of Tanzania,TZA,Africa,Africa,30.344953846153842,29.305447873769452,31.384459818538232,2047,993.9253128205132,37.1368820512821,157.18607179487117,Projected
United Republic of Tanzania,TZA,Africa,Africa,30.394328205128204,29.34147757899259,31.44717883126382,2048,994.477473504274,37.435442735042784,160.36011623931608,Projected
United Republic of Tanzania,TZA,Africa,Africa,30.443702564102566,29.37730021026683,31.5101049179383,2049,995.0296341880348,37.73400341880347,163.534160683761,Projected
United Republic of Tanzania,TZA,Africa,Africa,30.493076923076927,29.412923561484455,31.5732302846694,2050,995.5817948717954,38.03256410256415,166.708205128205,Projected
Uganda,UGA,Africa,Africa,23.70276923076922,22.853228241244345,24.552310220294096,2026,1791.997692307692,24.19144615384613,87.37587692307534,Projected
Uganda,UGA,Africa,Africa,23.745367521367513,22.888862964620316,24.60187207811471,2027,1799.012649572649,24.410157264957206,90.54423247863087,Projected
Uganda,UGA,Africa,Africa,23.78796581196579,22.924062575697434,24.651869048234147,2028,1806.027606837606,24.62886837606834,93.71258803418641,Projected
Uganda,UGA,Africa,Africa,23.830564102564082,22.958838153310776,24.70229005181739,2029,1813.0425641025631,24.847579487179473,96.88094358974195,Projected
Uganda,UGA,Africa,Africa,23.873162393162374,22.993201006152336,24.753123780172412,2030,1820.057521367522,25.06629059829055,100.04929914529748,Projected
Uganda,UGA,Africa,Africa,23.915760683760666,23.027162609423286,24.804358758098047,2031,1827.072478632479,25.285001709401683,103.21765470085302,Projected
Uganda,UGA,Africa,Africa,23.95835897435896,23.06073454517714,24.855983403540776,2032,1834.087435897436,25.503712820512817,106.38601025640855,Projected
Uganda,UGA,Africa,Africa,24.00095726495725,23.09392844674237,24.90798608317213,2033,1841.1023931623931,25.722423931623894,109.55436581196409,Projected
Uganda,UGA,Africa,Africa,24.043555555555542,23.126755947494438,24.960355163616647,2034,1848.1173504273502,25.941135042735027,112.72272136751963,Projected
Uganda,UGA,Africa,Africa,24.086153846153834,23.159228634138255,25.013079058169414,2035,1855.132307692309,26.15984615384616,115.89107692307516,Projected
Uganda,UGA,Africa,Africa,24.128752136752112,23.191358004564552,25.066146268939672,2036,1862.147264957266,26.378557264957294,119.0594324786307,Projected
Uganda,UGA,Africa,Africa,24.171350427350404,23.223155430258757,25.11954542444205,2037,1869.1622222222231,26.59726837606837,122.22778803418623,Projected
Uganda,UGA,Africa,Africa,24.213948717948696,23.254632123168847,25.173265312728546,2038,1876.1771794871802,26.815979487179504,125.39614358974177,Projected
Uganda,UGA,Africa,Africa,24.25654700854699,23.285799106880038,25.22729491021394,2039,1883.1921367521372,27.034690598290638,128.5644991452982,Projected
Uganda,UGA,Africa,Africa,24.29914529914528,23.316667191897086,25.281623406393475,2040,1890.2070940170943,27.253401709401714,131.73285470085375,Projected
Uganda,UGA,Africa,Africa,24.341743589743572,23.34724695480024,25.336240224686904,2041,1897.2220512820531,27.472112820512848,134.90121025640929,Projected
Uganda,UGA,Africa,Africa,24.384341880341864,23.377548721015856,25.391135039667873,2042,1904.2370085470102,27.69082393162398,138.06956581196482,Projected
Uganda,UGA,Africa,Africa,24.426940170940156,23.407582550927387,25.446297790952926,2043,1911.2519658119672,27.909535042735058,141.23792136752036,Projected
Uganda,UGA,Africa,Africa,24.469538461538434,23.437358229044634,25.501718694032235,2044,1918.2669230769243,28.12824615384619,144.4062769230759,Projected
Uganda,UGA,Africa,Africa,24.512136752136726,23.466885255948256,25.557388248325196,2045,1925.2818803418813,28.346957264957325,147.57463247863143,Projected
Uganda,UGA,Africa,Africa,24.554735042735018,23.496172842730726,25.61329724273931,2046,1932.2968376068402,28.56566837606846,150.74298803418696,Projected
Uganda,UGA,Africa,Africa,24.59733333333331,23.525229907663924,25.669436759002696,2047,1939.3117948717972,28.784379487179535,153.9113435897425,Projected
Uganda,UGA,Africa,Africa,24.639931623931602,23.554065074835187,25.725798173028018,2048,1946.3267521367543,29.00309059829067,157.07969914529804,Projected
Uganda,UGA,Africa,Africa,24.682529914529894,23.582686674508164,25.782373154551625,2049,1953.3417094017113,29.221801709401802,160.24805470085357,Projected
Uganda,UGA,Africa,Africa,24.725128205128186,23.611102744980688,25.839153665275685,2050,1960.3566666666684,29.44051282051288,163.4164102564091,Projected
Ukraine,UKR,Europe,Europe,8.385199999999983,7.6802933648876826,9.090106635112285,2026,719.6703384615339,47.88679999999988,85.877199999999,Projected
Ukraine,UKR,Europe,Europe,8.429887179487167,7.7192025244799,9.140571834494436,2027,724.8768307692262,48.32718974358954,89.04106666666576,Projected
Ukraine,UKR,Europe,Europe,8.474574358974351,7.757750649642641,9.19139806830606,2028,730.0833230769185,48.76757948717932,92.20493333333161,Projected
Ukraine,UKR,Europe,Europe,8.519261538461521,7.795946933039258,9.242576143883785,2029,735.2898153846108,49.207969230769095,95.36879999999837,Projected
Ukraine,UKR,Europe,Europe,8.563948717948705,7.833800758056965,9.294096677840445,2030,740.4963076923032,49.64835897435887,98.53266666666514,Projected
Ukraine,UKR,Europe,Europe,8.608635897435889,7.871321646243903,9.345950148627875,2031,745.7027999999955,50.08874871794853,101.6965333333319,Projected
Ukraine,UKR,Europe,Europe,8.653323076923073,7.908519207808966,9.39812694603718,2032,750.9092923076878,50.52913846153831,104.86039999999866,Projected
Ukraine,UKR,Europe,Europe,8.698010256410242,7.945403095506425,9.45061741731406,2033,756.1157846153801,50.969528205128086,108.02426666666543,Projected
Ukraine,UKR,Europe,Europe,8.742697435897426,7.981982962129583,9.503411909665271,2034,761.3222769230724,51.40991794871786,111.18813333333219,Projected
Ukraine,UKR,Europe,Europe,8.78738461538461,8.018268421746816,9.556500809022404,2035,766.5287692307647,51.850307692307524,114.35199999999895,Projected
Ukraine,UKR,Europe,Europe,8.83207179487178,8.054269014732943,9.609874575010616,2036,771.735261538457,52.2906974358973,117.51586666666572,Projected
Ukraine,UKR,Europe,Europe,8.876758974358964,8.089994176577987,9.663523772139941,2037,776.9417538461494,52.731087179487076,120.67973333333248,Projected
Ukraine,UKR,Europe,Europe,8.921446153846148,8.12545321039577,9.717439097296525,2038,782.1482461538417,53.17147692307685,123.84359999999924,Projected
Ukraine,UKR,Europe,Europe,8.966133333333332,8.16065526300611,9.771611403660554,2039,787.354738461534,53.611866666666515,127.007466666666,Projected
Ukraine,UKR,Europe,Europe,9.010820512820501,8.195609304425304,9.8260317212157,2040,792.5612307692263,54.05225641025629,130.17133333333277,Projected
Ukraine,UKR,Europe,Europe,9.055507692307685,8.23032411057083,9.88069127404454,2041,797.7677230769186,54.49264615384607,133.33519999999953,Projected
Ukraine,UKR,Europe,Europe,9.10019487179487,8.264808248965181,9.935581494624557,2042,802.97421538461094,54.93303589743584,136.49906666666539,Projected
Ukraine,UKR,Europe,Europe,9.144882051282039,8.299070067211503,9.990694035352575,2043,808.1807076923033,55.373425641025506,139.66293333333215,Projected
Ukraine,UKR,Europe,Europe,9.189569230769223,8.333117684006828,10.046020777531618,2044,813.3871999999956,55.81381538461528,142.8267999999989,Projected
Ukraine,UKR,Europe,Europe,9.234256410256407,8.366958982457914,10.1015538380549,2045,818.5936923076879,56.25420512820506,145.99066666666567,Projected
Ukraine,UKR,Europe,Europe,9.27894358974359,8.40060160546874,10.157285574018442,2046,823.8001846153802,56.694594871794834,149.15453333333244,Projected
Ukraine,UKR,Europe,Europe,9.32363076923076,8.434052952975376,10.213208585486145,2047,829.0066769230725,57.1349846153845,152.3183999999992,Projected
Ukraine,UKR,Europe,Europe,9.368317948717944,8.467320180814308,10.26931571662158,2048,834.2131692307648,57.57537435897427,155.48226666666596,Projected
Ukraine,UKR,Europe,Europe,9.413005128205128,8.500410201021774,10.325600055388483,2049,839.4196615384571,58.01576410256405,158.64613333333273,Projected
Ukraine,UKR,Europe,Europe,9.457692307692298,8.53332968337538,10.382054932009217,2050,844.6261538461495,58.45615384615371,161.8099999999995,Projected
Uruguay,URY,South America,Americas,24.504953846153832,23.83021681863739,25.179690873670275,2026,1504.8453230769233,20.42492307692305,83.21375384615203,Projected
Uruguay,URY,South America,Americas,24.540847863247855,23.86058011183882,25.221115614656888,2027,1504.8872273504276,20.565829059829014,86.3292170940149,Projected
Uruguay,URY,South America,Americas,24.576741880341864,23.890597822681325,25.262885938002402,2028,1504.9291316239319,20.706735042735033,89.44468034187867,Projected
Uruguay,URY,South America,Americas,24.612635897435887,23.920278750387478,25.304993044484295,2029,1504.971035897436,20.847641025640996,92.56014358974153,Projected
Uruguay,URY,South America,Americas,24.648529914529895,23.94963187674073,25.34742795231906,2030,1505.0129401709403,20.98854700854696,95.6756068376053,Projected
Uruguay,URY,South America,Americas,24.68442393162392,23.978666315772372,25.390181547475464,2031,1505.0548444444446,21.12945299145298,98.79107008546816,Projected
Uruguay,URY,South America,Americas,24.72031794871794,24.007391266379738,25.433244631056144,2032,1505.096748717949,21.270358974358942,101.90653333333194,Projected
Uruguay,URY,South America,Americas,24.75621196581195,24.035815968184647,25.476607963439253,2033,1505.138652991453,21.41126495726496,105.0219965811948,Projected
Uruguay,URY,South America,Americas,24.792105982905973,24.063949660846273,25.520262304965673,2034,1505.1805572649573,21.552170940170924,108.13745982905857,Projected
Uruguay,URY,South America,Americas,24.82799999999998,24.091801546956265,25.564198453043698,2035,1505.2224615384616,21.693076923076944,111.25292307692143,Projected
Uruguay,URY,South America,Americas,24.863894017094005,24.119380758566802,25.608407275621207,2036,1505.264365811966,21.833982905982907,114.3683863247843,Projected
Uruguay,URY,South America,Americas,24.899788034188028,24.146696327334197,25.652879741041858,2037,1505.30627008547,21.97488888888887,117.48384957264807,Projected
Uruguay,URY,South America,Americas,24.935682051282036,24.173757158204236,25.697606944359837,2038,1505.3481743589743,22.11579487179489,120.59931282051093,Projected
Uruguay,URY,South America,Americas,24.97157606837606,24.200572006518012,25.742580130234106,2039,1505.3900786324787,22.256700854700853,123.7147760683747,Projected
Uruguay,URY,South America,Americas,25.007470085470068,24.227149458380165,25.78779071255997,2040,1505.431982905983,22.397606837606872,126.83023931623757,Projected
Uruguay,URY,South America,Americas,25.04336410256409,24.253497914103836,25.833230291024346,2041,1505.473887179487,22.538512820512835,129.94570256410134,Projected
Uruguay,URY,South America,Americas,25.0792581196581,24.279625574526353,25.878890664789846,2042,1505.5157914529914,22.6794188034188,133.0611658119642,Projected
Uruguay,URY,South America,Americas,25.115152136752123,24.30554042997819,25.924763843526055,2043,1505.5576957264957,22.820324786324818,136.17662905982797,Projected
Uruguay,URY,South America,Americas,25.151046153846146,24.331250251680668,25.970842056011623,2044,1505.5996,22.96123076923078,139.29209230769084,Projected
Uruguay,URY,South America,Americas,25.186940170940154,24.35676258534801,26.017117756532297,2045,1505.6415042735043,23.1021367521368,142.4075555555546,Projected
Uruguay,URY,South America,Americas,25.222834188034177,24.38208474677223,26.063583629296126,2046,1505.6834085470084,23.243042735042764,145.52301880341747,Projected
Uruguay,URY,South America,Americas,25.258728205128186,24.407223819176277,26.110232591080095,2047,1505.7253128205127,23.383948717948783,148.63848205128124,Projected
Uruguay,URY,South America,Americas,25.29462222222221,24.432186652130863,26.157057792313555,2048,1505.767217094017,23.524854700854746,151.7539452991441,Projected
Uruguay,URY,South America,Americas,25.330516239316232,24.45697986184096,26.204052616791504,2049,1505.8091213675211,23.66576068376071,154.86940854700697,Projected
Uruguay,URY,South America,Americas,25.36641025641024,24.481609832621448,26.251210680199033,2050,1505.8510256410254,23.80666666666673,157.98487179487074,Projected
United States of America,USA,North America,Americas,23.653969230769214,22.983754435105062,24.324184026433365,2026,1306.6885846153818,167.54879999999912,85.28427692307469,Projected
United States of America,USA,North America,Americas,23.690588034188018,23.01487958272556,24.366296485650476,2027,1311.9775965811932,169.04623247863174,88.48692991452754,Projected
United States of America,USA,North America,Americas,23.727206837606822,23.04566146415402,24.408752211059625,2028,1317.2666085470064,170.54366495726435,91.68958290598039,Projected
United States of America,USA,North America,Americas,23.763825641025626,23.07610881963871,24.451542462412544,2029,1322.5556205128178,172.04109743589652,94.89223589743324,Projected
United States of America,USA,North America,Americas,23.80044444444443,23.106230570765288,24.494658318123573,2030,1327.8446324786291,173.53852991452914,98.094888888887,Projected
United States of America,USA,North America,Americas,23.837063247863234,23.136035770480817,24.538090725245652,2031,1333.1336444444423,175.03596239316175,101.29754188033985,Projected
United States of America,USA,North America,Americas,23.87368205128204,23.165533556029676,24.581830546534402,2032,1338.4226564102537,176.53339487179392,104.5001948717927,Projected
United States of America,USA,North America,Americas,23.910300854700843,23.194733105107776,24.62586860429391,2033,1343.711668376065,178.03082735042653,107.70284786324555,Projected
United States of America,USA,North America,Americas,23.946919658119647,23.22364359544809,24.670195720791202,2034,1349.0006803418783,179.52825982905915,110.9055008546984,Projected
United States of America,USA,North America,Americas,23.98353846153845,23.25227416796456,24.71480275511234,2035,1354.2896923076896,181.02569230769177,114.10815384615216,Projected
United States of America,USA,North America,Americas,24.020157264957255,23.280633893504366,24.759680636410145,2036,1359.578704273501,182.52312478632393,117.31080683760501,Projected
United States of America,USA,North America,Americas,24.05677606837606,23.308731743191746,24.804820393560373,2037,1364.8677162393124,184.02055726495655,120.51345982905787,Projected
United States of America,USA,North America,Americas,24.09339487179485,23.336576562289633,24.850213181300067,2038,1370.1567282051255,185.51798974358917,123.71611282051072,Projected
United States of America,USA,North America,Americas,24.130013675213654,23.364177047458956,24.895850302968352,2039,1375.445740170937,187.0154222222218,126.91876581196357,Projected
United States of America,USA,North America,Americas,24.166632478632458,23.391541727258453,24.941723230006463,2040,1380.7347521367483,188.51285470085395,130.12141880341642,Projected
United States of America,USA,North America,Americas,24.203251282051262,23.418678945700545,24.98782361840198,2041,1386.0237641025615,190.01028717948657,133.32407179487018,Projected
United States of America,USA,North America,Americas,24.239870085470066,23.445596848658827,25.034143322281306,2042,1391.3127760683728,191.50771965811919,136.52672478632303,Projected
United States of America,USA,North America,Americas,24.27648888888887,23.472303372910833,25.080674404866908,2043,1396.6017880341842,193.00515213675135,139.72937777777588,Projected
United States of America,USA,North America,Americas,24.313107692307675,23.49880623759352,25.12740914702183,2044,1401.8907999999974,194.50258461538397,142.93203076922873,Projected
United States of America,USA,North America,Americas,24.34972649572648,23.525112937848128,25.17434005360483,2045,1407.1798119658088,196.00001709401658,146.13468376068158,Projected
United States of America,USA,North America,Americas,24.386345299145283,23.551230740434637,25.22145985785593,2046,1412.4688239316201,197.4974495726492,149.33733675213534,Projected
United States of America,USA,North America,Americas,24.422964102564087,23.57716668110276,25.268761524025415,2047,1417.7578358974333,198.99488205128137,152.5399897435882,Projected
United States of America,USA,North America,Americas,24.45958290598289,23.602927563515884,25.3162382484499,2048,1423.0468478632447,200.49231452991398,155.74264273504104,Projected
United States of America,USA,North America,Americas,24.496201709401696,23.628519959535783,25.36388345926761,2049,1428.335859829056,201.9897470085466,158.9452957264939,Projected
United States of America,USA,North America,Americas,24.5328205128205,23.653950210688297,25.411690814952703,2050,1433.6248717948693,203.48717948717876,162.14794871794675,Projected
Uzbekistan,UZB,Asia,Asia,23.956092307692295,23.217644135893323,24.694540479491266,2026,1840.169999999998,5.257353846153791,86.42803076922883,Projected
Uzbekistan,UZB,Asia,Asia,23.993723076923068,23.249221950001356,24.73822420384478,2027,1841.9504273504251,5.307100854700792,89.68392478632268,Projected
Uzbekistan,UZB,Asia,Asia,24.031353846153827,23.28042155059694,24.782286141710713,2028,1843.7308547008527,5.356847863247793,92.93981880341744,Projected
Uzbekistan,UZB,Asia,Asia,24.0689846153846,23.31125256775751,24.82671666301169,2029,1845.5112820512797,5.406594871794809,96.19571282051129,Projected
Uzbekistan,UZB,Asia,Asia,24.106615384615374,23.34172483135947,24.871505937871277,2030,1847.2917094017068,5.45634188034181,99.45160683760514,Projected
Uzbekistan,UZB,Asia,Asia,24.144246153846147,23.37184831601432,24.916643991677976,2031,1849.0721367521344,5.5060888888888115,102.70750085469899,Projected
Uzbekistan,UZB,Asia,Asia,24.181876923076906,23.401633089213018,24.962120756940795,2032,1850.8525641025615,5.555835897435827,105.96339487179375,Projected
Uzbekistan,UZB,Asia,Asia,24.21950769230768,23.431089263016403,25.007926121598956,2033,1852.632991452989,5.605582905982828,109.2192888888876,Projected
Uzbekistan,UZB,Asia,Asia,24.257138461538453,23.460226949526103,25.054049973550804,2034,1854.413418803416,5.655329914529844,112.47518290598146,Projected
Uzbekistan,UZB,Asia,Asia,24.294769230769226,23.48905622027624,25.100482241262213,2035,1856.1938461538437,5.705076923076845,115.7310769230753,Projected
Uzbekistan,UZB,Asia,Asia,24.332399999999986,23.5175870696008,25.14721293039917,2036,1857.9742735042707,5.7548239316238465,118.98697094016916,Projected
Uzbekistan,UZB,Asia,Asia,24.37003076923076,23.545829381958256,25.19423215650326,2037,1859.7547008546983,5.804570940170862,122.24286495726392,Projected
Uzbekistan,UZB,Asia,Asia,24.407661538461532,23.573792903132016,25.24153017379105,2038,1861.5351282051254,5.854317948717863,125.49875897435777,Projected
Uzbekistan,UZB,Asia,Asia,24.44529230769229,23.601487215174554,25.28909740021003,2039,1863.315555555553,5.904064957264879,128.75465299145162,Projected
Uzbekistan,UZB,Asia,Asia,24.482923076923065,23.62892171492204,25.33692443892409,2040,1865.09598290598,5.95381196581188,132.01054700854547,Projected
Uzbekistan,UZB,Asia,Asia,24.520553846153838,23.656105595875943,25.385002096431734,2041,1866.8764102564076,6.0035589743588815,135.26644102563932,Projected
Uzbekistan,UZB,Asia,Asia,24.55818461538461,23.683047833226755,25.433321397542468,2042,1868.6568376068346,6.053305982905897,138.52233504273408,Projected
Uzbekistan,UZB,Asia,Asia,24.59581538461537,23.709757171781206,25.481873597449535,2043,1870.4372649572622,6.103052991452898,141.77822905982794,Projected
Uzbekistan,UZB,Asia,Asia,24.633446153846144,23.736242116547878,25.53065019114441,2044,1872.2176923076893,6.1527999999999,145.0341230769218,Projected
Uzbekistan,UZB,Asia,Asia,24.671076923076917,23.762510925734993,25.57964292041884,2045,1873.9981196581168,6.202547008546915,148.29001709401564,Projected
Uzbekistan,UZB,Asia,Asia,24.70870769230769,23.788571605918442,25.62884377869694,2046,1875.778547008544,6.2522940170939165,151.5459111111104,Projected
Uzbekistan,UZB,Asia,Asia,24.74633846153845,23.81443190914509,25.67824501393181,2047,1877.5589743589715,6.302041025640932,154.80180512820425,Projected
Uzbekistan,UZB,Asia,Asia,24.783969230769223,23.840099331747208,25.72783912979124,2048,1879.3394017093985,6.351788034187933,158.0576991452981,Projected
Uzbekistan,UZB,Asia,Asia,24.821599999999997,23.86558111465612,25.777618885343873,2049,1881.1198290598256,6.401535042734935,161.31359316239195,Projected
Uzbekistan,UZB,Asia,Asia,24.859230769230756,23.890884245017116,25.827577293444396,2050,1882.9002564102532,6.45128205128195,164.5694871794858,Projected
Vatican,VAT,Europe,Europe,12.45415384615383,11.419708995515403,13.488598696792256,2026,398.32612307692125,78.87679999999978,91.77916923076646,Projected
Vatican,VAT,Europe,Europe,12.491555555555536,11.448631506921927,13.534479604189144,2027,402.44566495726303,79.5968478632476,95.03406495726267,Projected
Vatican,VAT,Europe,Europe,12.528957264957256,11.47702420319002,13.580890326724493,2028,406.5652068376048,80.31689572649566,98.28896068375798,Projected
Vatican,VAT,Europe,Europe,12.566358974358963,11.504900574479635,13.62781737423829,2029,410.6847487179466,81.03694358974349,101.54385641025328,Projected
Vatican,VAT,Europe,Europe,12.603760683760669,11.532274390836452,13.675246976684885,2030,414.8042905982884,81.75699145299131,104.7987521367495,Projected
Vatican,VAT,Europe,Europe,12.641162393162375,11.55915962505626,13.72316516126849,2031,418.9238324786302,82.47703931623914,108.05364786324571,Projected
Vatican,VAT,Europe,Europe,12.678564102564096,11.585570380043778,13.771557825084413,2032,423.04337435897196,83.1970871794872,111.30854358974102,Projected
Vatican,VAT,Europe,Europe,12.715965811965802,11.611520821138713,13.82041080279289,2033,427.16291623931374,83.91713504273503,114.56343931623633,Projected
Vatican,VAT,Europe,Europe,12.753367521367508,11.637025113738021,13.869709928996995,2034,431.28245811965553,84.63718290598285,117.81833504273254,Projected
Vatican,VAT,Europe,Europe,12.790769230769214,11.662097366410197,13.919441095128231,2035,435.4019999999973,85.35723076923068,121.07323076922876,Projected
Vatican,VAT,Europe,Europe,12.828170940170935,11.686751579579033,13.969590300762837,2036,439.5215418803391,86.07727863247851,124.32812649572406,Projected
Vatican,VAT,Europe,Europe,12.865572649572641,11.711001599750626,14.020143699394657,2037,443.6410837606809,86.79732649572657,127.58302222221937,Projected
Vatican,VAT,Europe,Europe,12.902974358974348,11.734861079170155,14.07108763877854,2038,447.76062564102267,87.5173743589744,130.83791794871559,Projected
Vatican,VAT,Europe,Europe,12.940376068376068,11.75834344072258,14.122408696029556,2039,451.88016752136446,88.23742222222222,134.0928136752118,Projected
Vatican,VAT,Europe,Europe,12.977777777777774,11.78146184783509,14.17409370772046,2040,455.99970940170806,88.95747008547005,137.3477094017071,Projected
Vatican,VAT,Europe,Europe,13.01517948717948,11.804229179096382,14.22612979526258,2041,460.11925128204985,89.67751794871788,140.6026051282024,Projected
Vatican,VAT,Europe,Europe,13.052581196581187,11.826658007277224,14.27850438588515,2042,464.23879316239163,90.39756581196593,143.85750085469863,Projected
Vatican,VAT,Europe,Europe,13.089982905982907,11.84876058241853,14.331205229547285,2043,468.3583350427334,91.11761367521376,147.11239658119484,Projected
Vatican,VAT,Europe,Europe,13.127384615384614,11.870548818643204,14.384220412126023,2044,472.4778769230752,91.83766153846159,150.36729230769015,Projected
Vatican,VAT,Europe,Europe,13.16478632478632,11.892034284347417,14.437538365225222,2045,476.597418803417,92.55770940170942,153.62218803418546,Projected
Vatican,VAT,Europe,Europe,13.202188034188026,11.913228195431643,14.49114787294441,2046,480.71696068375877,93.27775726495747,156.87708376068167,Projected
Vatican,VAT,Europe,Europe,13.239589743589747,11.934141411242933,14.54503807593656,2047,484.83650256410056,93.9978051282053,160.1319794871779,Projected
Vatican,VAT,Europe,Europe,13.276991452991453,11.954784432914039,14.599198473068867,2048,488.95604444444234,94.71785299145313,163.3868752136732,Projected
Vatican,VAT,Europe,Europe,13.31439316239316,11.975167403802914,14.653618920983405,2049,493.0755863247841,95.43790085470096,166.6417709401685,Projected
Vatican,VAT,Europe,Europe,13.35179487179488,11.99530011175489,14.70828963183487,2050,497.1951282051259,96.15794871794878,169.89666666666471,Projected
Saint Vincent and the Grenadines,VCT,North America,Americas,17.21015384615383,16.493365814242267,17.926941878065392,2026,778.8522153846134,4.711507692307709,87.96406153846056,Projected
Saint Vincent and the Grenadines,VCT,North America,Americas,17.25406837606836,16.531404934134308,17.976731818002413,2027,780.8231487179469,4.6960068376068556,91.23085811965666,Projected
Saint Vincent and the Grenadines,VCT,North America,Americas,17.29798290598289,16.569076934261453,18.02688887770433,2028,782.7940820512799,4.6805059829059985,94.49765470085367,Projected
Saint Vincent and the Grenadines,VCT,North America,Americas,17.341897435897422,16.606391162231954,18.07740370956289,2029,784.7650153846134,4.665005128205145,97.76445128204978,Projected
Saint Vincent and the Grenadines,VCT,North America,Americas,17.385811965811953,16.643357159592597,18.12826677203131,2030,786.7359487179465,4.6495042735042915,101.03124786324679,Projected
Saint Vincent and the Grenadines,VCT,North America,Americas,17.429726495726484,16.679984608379865,18.179468383073104,2031,788.70688205128,4.634003418803438,104.2980444444438,Projected
Saint Vincent and the Grenadines,VCT,North America,Americas,17.473641025641,16.71628328078538,18.230998770496623,2032,790.677815384613,4.6185025641025845,107.56484102563991,Projected
Saint Vincent and the Grenadines,VCT,North America,Americas,17.517555555555532,16.752262992263297,18.282848118847767,2033,792.6487487179465,4.6030017094017275,110.83163760683692,Projected
Saint Vincent and the Grenadines,VCT,North America,Americas,17.561470085470063,16.787933558307394,18.335006612632732,2034,794.6196820512796,4.587500854700874,114.09843418803302,Projected
Saint Vincent and the Grenadines,VCT,North America,Americas,17.605384615384594,16.823304755033842,18.387464475735346,2035,796.5906153846131,4.5720000000000205,117.36523076923004,Projected
Saint Vincent and the Grenadines,VCT,North America,Americas,17.649299145299125,16.85838628362314,18.44021200697511,2036,798.5615487179462,4.556499145299167,120.63202735042614,Projected
Saint Vincent and the Grenadines,VCT,North America,Americas,17.693213675213656,16.893187738603086,18.493239611824226,2037,800.5324820512797,4.54099829059831,123.89882393162316,Projected
Saint Vincent and the Grenadines,VCT,North America,Americas,17.737128205128187,16.927718579894073,18.5465378303623,2038,802.5034153846132,4.5254974358974565,127.16562051281926,Projected
Saint Vincent and the Grenadines,VCT,North America,Americas,17.781042735042718,16.961988108488107,18.600097361597328,2039,804.4743487179462,4.509996581196603,130.43241709401627,Projected
Saint Vincent and the Grenadines,VCT,North America,Americas,17.82495726495725,16.996005445593614,18.653909084320883,2040,806.4452820512797,4.4944957264957495,133.6992136752133,Projected
Saint Vincent and the Grenadines,VCT,North America,Americas,17.86887179487178,17.029779515048563,18.707964074694996,2041,808.4162153846128,4.478994871794896,136.9660102564094,Projected
Saint Vincent and the Grenadines,VCT,North America,Americas,17.91278632478631,17.063319028783425,18.762253620789195,2042,810.3871487179463,4.463494017094039,140.2328068376064,Projected
Saint Vincent and the Grenadines,VCT,North America,Americas,17.95670085470084,17.09663247510253,18.81676923429915,2043,812.3580820512793,4.447993162393185,143.4996034188025,Projected
Saint Vincent and the Grenadines,VCT,North America,Americas,18.000615384615372,17.129728109545777,18.871502659684968,2044,814.3290153846128,4.432492307692332,146.76639999999952,Projected
Saint Vincent and the Grenadines,VCT,North America,Americas,18.044529914529903,17.162613948091877,18.92644588096793,2045,816.2999487179459,4.416991452991478,150.03319658119563,Projected
Saint Vincent and the Grenadines,VCT,North America,Americas,18.088444444444434,17.195297762468083,18.981591126420785,2046,818.2708820512794,4.401490598290621,153.29999316239264,Projected
Saint Vincent and the Grenadines,VCT,North America,Americas,18.132358974358965,17.22778707733845,19.03693087137948,2047,820.2418153846124,4.385989743589768,156.56678974358874,Projected
Saint Vincent and the Grenadines,VCT,North America,Americas,18.176273504273496,17.260089169153044,19.092457839393948,2048,822.2127487179459,4.370488888888914,159.83358632478576,Projected
Saint Vincent and the Grenadines,VCT,North America,Americas,18.220188034188027,17.29221106645241,19.148165001923644,2049,824.1836820512794,4.354988034188061,163.10038290598277,Projected
Saint Vincent and the Grenadines,VCT,North America,Americas,18.264102564102558,17.32415955143511,19.204045576770007,2050,826.1546153846125,4.339487179487207,166.36717948717887,Projected
Venezuela,VEN,South America,Americas,20.9452923076923,20.229380124984214,21.661204490400383,2026,868.7775076923062,17.357630769230695,85.82184615384449,Projected
Venezuela,VEN,South America,Americas,20.97494358974358,20.253163176224934,21.69672400326223,2027,869.8007418803404,17.55389401709391,89.05976068375912,Projected
Venezuela,VEN,South America,Americas,21.004594871794865,20.276579556287423,21.732610187302306,2028,870.8239760683746,17.75015726495718,92.29767521367376,Projected
Venezuela,VEN,South America,Americas,21.034246153846148,20.29963860135802,21.768853706334276,2029,871.8472102564087,17.946420512820453,95.53558974358748,Projected
Venezuela,VEN,South America,Americas,21.06389743589743,20.322349841324606,21.805445030470256,2030,872.8704444444425,18.142683760683667,98.77350427350211,Projected
Venezuela,VEN,South America,Americas,21.093548717948714,20.344722946393112,21.842374489504316,2031,873.8936786324766,18.33894700854694,102.01141880341675,Projected
Venezuela,VEN,South America,Americas,21.123199999999997,20.366767676814444,21.87963232318555,2032,874.9169128205108,18.53521025641021,105.24933333333138,Projected
Venezuela,VEN,South America,Americas,21.15285128205128,20.388493836049157,21.917208728053403,2033,875.940147008545,18.731473504273424,108.48724786324601,Projected
Venezuela,VEN,South America,Americas,21.182502564102563,20.4099112275974,21.955093900607725,2034,876.9633811965791,18.927736752136695,111.72516239316064,Projected
Venezuela,VEN,South America,Americas,21.212153846153846,20.431029615629832,21.99327807667786,2035,877.9866153846133,19.123999999999967,114.96307692307528,Projected
Venezuela,VEN,South America,Americas,21.24180512820513,20.451858689473,22.03175156693726,2036,879.0098495726475,19.32026324786318,118.20099145298991,Projected
Venezuela,VEN,South America,Americas,21.271456410256413,20.47240803193106,22.070504788581765,2037,880.0330837606816,19.516526495726453,121.43890598290454,Projected
Venezuela,VEN,South America,Americas,21.301107692307696,20.492687091365262,22.10952829325013,2038,881.0563179487158,19.712789743589724,124.67682051281918,Projected
Venezuela,VEN,South America,Americas,21.33075897435897,20.512705157402642,22.1488127913153,2039,882.07955213675,19.90905299145294,127.91473504273381,Projected
Venezuela,VEN,South America,Americas,21.360410256410255,20.532471340106362,22.188349172714148,2040,883.1027863247841,20.10531623931621,131.15264957264844,Projected
Venezuela,VEN,South America,Americas,21.390061538461538,20.55199455241027,22.228128524512805,2041,884.1260205128183,20.301579487179424,134.39056410256308,Projected
Venezuela,VEN,South America,Americas,21.41971282051282,20.57128349559966,22.268142145425983,2042,885.149254700852,20.497842735042695,137.6284786324768,Projected
Venezuela,VEN,South America,Americas,21.449364102564104,20.59034664760693,22.30838155752128,2043,886.1724888888862,20.694105982905967,140.86639316239143,Projected
Venezuela,VEN,South America,Americas,21.479015384615387,20.609192253884462,22.348838515346312,2044,887.1957230769203,20.89036923076918,144.10430769230607,Projected
Venezuela,VEN,South America,Americas,21.50866666666667,20.627828320616192,22.389505012717148,2045,888.2189572649545,21.086632478632453,147.3422222222207,Projected
Venezuela,VEN,South America,Americas,21.538317948717953,20.64626261003302,22.430373287402887,2046,889.2421914529887,21.282895726495724,150.58013675213533,Projected
Venezuela,VEN,South America,Americas,21.567969230769236,20.664502637604564,22.47143582393391,2047,890.2654256410228,21.47915897435894,153.81805128204996,Projected
Venezuela,VEN,South America,Americas,21.59762051282052,20.682555670889727,22.512685354751312,2048,891.288659829057,21.67542222222221,157.0559658119646,Projected
Venezuela,VEN,South America,Americas,21.627271794871803,20.70042872984082,22.554114859902786,2049,892.3118940170912,21.87168547008548,160.29388034187923,Projected
Venezuela,VEN,South America,Americas,21.656923076923086,20.718128588369193,22.595717565476978,2050,893.3351282051253,22.067948717948696,163.53179487179386,Projected
British Virgin Islands,VGB,North America,Americas,18.425815384615362,17.480786343775694,19.37084442545503,2026,622.2672307692302,13.697076923076906,88.084892307691,Projected
British Virgin Islands,VGB,North America,Americas,18.475220512820485,17.522445202720036,19.427995822920934,2027,622.0954017094011,13.853555555555545,91.39072478632352,Projected
British Virgin Islands,VGB,North America,Americas,18.524625641025622,17.563620042925447,19.485631239125798,2028,621.923572649572,14.010034188034126,94.69655726495603,Projected
British Virgin Islands,VGB,North America,Americas,18.574030769230745,17.60432318848337,19.54373834997812,2029,621.7517435897429,14.166512820512764,98.00238974358854,Projected
British Virgin Islands,VGB,North America,Americas,18.623435897435883,17.644567219178082,19.602304575693683,2030,621.5799145299138,14.322991452991403,101.30822222222105,Projected
British Virgin Islands,VGB,North America,Americas,18.672841025641006,17.684364900018537,19.661317151263475,2031,621.4080854700846,14.479470085470041,104.61405470085356,Projected
British Virgin Islands,VGB,North America,Americas,18.72224615384613,17.723729114876217,19.72076319281604,2032,621.2362564102556,14.63594871794868,107.91988717948607,Projected
British Virgin Islands,VGB,North America,Americas,18.771651282051266,17.762672804660866,19.780629759441666,2033,621.0644273504265,14.792427350427317,111.22571965811858,Projected
British Virgin Islands,VGB,North America,Americas,18.82105641025639,17.801208910334434,19.840903910178344,2034,620.8925982905973,14.948905982905956,114.53155213675109,Projected
British Virgin Islands,VGB,North America,Americas,18.870461538461527,17.83935032094265,19.901572755980403,2035,620.7207692307683,15.105384615384594,117.8373846153836,Projected
British Virgin Islands,VGB,North America,Americas,18.91986666666665,17.877109826734326,19.962623506598973,2036,620.5489401709392,15.261863247863232,121.14321709401611,Projected
British Virgin Islands,VGB,North America,Americas,18.969271794871773,17.914500077345068,20.024043512398478,2037,620.37711111111,15.41834188034187,124.44904957264862,Projected
British Virgin Islands,VGB,North America,Americas,19.01867692307691,17.95153354494115,20.08582030121267,2038,620.2052820512811,15.574820512820509,127.75488205128113,Projected
British Virgin Islands,VGB,North America,Americas,19.068082051282033,17.988222492154105,20.147941610409962,2039,620.0334529914519,15.731299145299147,131.06071452991364,Projected
British Virgin Islands,VGB,North America,Americas,19.11748717948717,18.024578944584935,20.210395414389406,2040,619.8616239316228,15.887777777777785,134.36654700854615,Projected
British Virgin Islands,VGB,North America,Americas,19.166892307692294,18.060614667617045,20.273169947767542,2041,619.6897948717938,16.044256410256423,137.67237948717866,Projected
British Virgin Islands,VGB,North America,Americas,19.21629743589743,18.096341147250413,20.33625372454445,2042,619.5179658119646,16.20073504273506,140.97821196581117,Projected
British Virgin Islands,VGB,North America,Americas,19.265702564102554,18.131769574651358,20.39963555355375,2043,619.3461367521355,16.3572136752137,144.28404444444368,Projected
British Virgin Islands,VGB,North America,Americas,19.315107692307677,18.166910834104502,20.463304550510852,2044,619.1743076923065,16.513692307692338,147.5898769230762,Projected
British Virgin Islands,VGB,North America,Americas,19.364512820512815,18.20177549405178,20.52725014697385,2045,619.0024786324773,16.670170940170976,150.8957094017087,Projected
British Virgin Islands,VGB,North America,Americas,19.413917948717938,18.236373800908584,20.59146209652729,2046,618.8306495726482,16.826649572649615,154.2015418803412,Projected
British Virgin Islands,VGB,North America,Americas,19.463323076923075,18.27071567535685,20.6559304784893,2047,618.6588205128191,16.983128205128253,157.50737435897372,Projected
British Virgin Islands,VGB,North America,Americas,19.512728205128198,18.304810710827688,20.720645699428708,2048,618.48699145299,17.13960683760689,160.81320683760623,Projected
British Virgin Islands,VGB,North America,Americas,19.56213333333332,18.338668173902903,20.78559849276374,2049,618.3151623931609,17.29608547008553,164.11903931623874,Projected
British Virgin Islands,VGB,North America,Americas,19.61153846153846,18.372297006381654,20.850779916695263,2050,618.1433333333318,17.452564102564168,167.42487179487125,Projected
United States Virgin Islands,VIR,North America,Americas,15.4436,14.532275685572765,16.354924314427237,2026,1548.6440307692308,2.4816307692307618,88.43292307692082,Projected
United States Virgin Islands,VIR,North America,Americas,15.45848205128205,14.539687740464885,16.377276362099217,2027,1548.8160102564102,2.424116239316234,91.60900854700594,Projected
United States Virgin Islands,VIR,North America,Americas,15.473364102564105,14.54663303928246,16.400095165845748,2028,1548.9879897435899,2.3666017094017064,94.78509401709198,Projected
United States Virgin Islands,VIR,North America,Americas,15.488246153846156,14.553123466574762,16.423368841117547,2029,1549.1599692307693,2.3090871794871646,97.9611794871771,Projected
United States Virgin Islands,VIR,North America,Americas,15.50312820512821,14.559171153464513,16.447085256791908,2030,1549.3319487179488,2.251572649572637,101.13726495726314,Projected
United States Virgin Islands,VIR,North America,Americas,15.51801025641026,14.564788409693044,16.471232103127477,2031,1549.5039282051284,2.1940581196581093,104.31335042734827,Projected
United States Virgin Islands,VIR,North America,Americas,15.532892307692315,14.569987659624942,16.495796955759687,2032,1549.6759076923079,2.1365435897435816,107.4894358974334,Projected
United States Virgin Islands,VIR,North America,Americas,15.547774358974365,14.574781382628736,16.520767335319995,2033,1549.8478871794873,2.0790290598290397,110.66552136751943,Projected
United States Virgin Islands,VIR,North America,Americas,15.562656410256416,14.57918205812337,16.546130762389463,2034,1550.0198666666668,2.021514529914512,113.84160683760456,Projected
United States Virgin Islands,VIR,North America,Americas,15.57753846153847,14.583202115463102,16.57187480761384,2035,1550.1918461538462,1.9639999999999844,117.0176923076906,Projected
United States Virgin Islands,VIR,North America,Americas,15.59242051282052,14.586853888728953,16.59798713691209,2036,1550.3638256410259,1.9064854700854426,120.19377777777572,Projected
United States Virgin Islands,VIR,North America,Americas,15.607302564102575,14.590149576403709,16.62445555180144,2037,1550.5358051282053,1.848970940170915,123.36986324786085,Projected
United States Virgin Islands,VIR,North America,Americas,15.622184615384626,14.593101205830301,16.65126802493895,2038,1550.7077846153848,1.7914564102563872,126.54594871794689,Projected
United States Virgin Islands,VIR,North America,Americas,15.637066666666676,14.595720602290102,16.678412731043252,2039,1550.8797641025644,1.7339418803418596,129.722034188032,Projected
United States Virgin Islands,VIR,North America,Americas,15.65194871794873,14.598019362487642,16.705878073409817,2040,1551.0517435897439,1.6764273504273177,132.89811965811805,Projected
United States Virgin Islands,VIR,North America,Americas,15.666830769230781,14.600008832190646,16.733652706270917,2041,1551.2237230769233,1.61891282051279,136.07420512820318,Projected
United States Virgin Islands,VIR,North America,Americas,15.681712820512836,14.601700087747648,16.761725553278023,2042,1551.395702564103,1.5613982905982624,139.2502905982892,Projected
United States Virgin Islands,VIR,North America,Americas,15.696594871794886,14.603103921188893,16.79008582240088,2043,1551.5676820512824,1.5038837606837205,142.42637606837434,Projected
United States Virgin Islands,VIR,North America,Americas,15.711476923076937,14.60423082860793,16.818723017545945,2044,1551.7396615384619,1.4463692307691929,145.60246153845947,Projected
United States Virgin Islands,VIR,North America,Americas,15.726358974358991,14.605091001520224,16.847626947197757,2045,1551.9116410256413,1.3888547008546652,148.7785470085455,Projected
United States Virgin Islands,VIR,North America,Americas,15.741241025641042,14.605694320899905,16.87678773038218,2046,1552.0836205128207,1.3313401709401376,151.95463247863063,Projected
United States Virgin Islands,VIR,North America,Americas,15.756123076923096,14.606050353604978,16.906195800241214,2047,1552.2556000000004,1.2738256410255957,155.13071794871666,Projected
United States Virgin Islands,VIR,North America,Americas,15.771005128205147,14.606168350914153,16.93584190549614,2048,1552.4275794871799,1.216311111111068,158.3068034188018,Projected
United States Virgin Islands,VIR,North America,Americas,15.785887179487197,14.606057248913984,16.96571711006041,2049,1552.5995589743593,1.1587965811965404,161.48288888888692,Projected
United States Virgin Islands,VIR,North America,Americas,15.800769230769252,14.60572567049184,16.995812791046664,2050,1552.771538461539,1.1012820512819985,164.65897435897296,Projected
Vietnam,VNM,Asia,Asia,40.84049230769227,40.01860393140464,41.662380683979904,2026,1066.8078769230738,22.8983384615384,85.31341538461402,Projected
Vietnam,VNM,Asia,Asia,40.87218119658117,40.04355591762716,41.700806475535174,2027,1068.9819076923045,23.11317264957262,88.46785641025508,Projected
Vietnam,VNM,Asia,Asia,40.90387008547006,40.068086954483846,41.739653216456276,2028,1071.1559384615352,23.32800683760678,91.62229743589614,Projected
Vietnam,VNM,Asia,Asia,40.93555897435894,40.092207760192935,41.77891018852495,2029,1073.329969230766,23.542841025640996,94.7767384615372,Projected
Vietnam,VNM,Asia,Asia,40.967247863247835,40.115929275347824,41.818566451147845,2030,1075.5039999999967,23.757675213675213,97.93117948717827,Projected
Vietnam,VNM,Asia,Asia,40.998936752136714,40.13926260163114,41.85861090264229,2031,1077.6780307692275,23.972509401709374,101.08562051281933,Projected
Vietnam,VNM,Asia,Asia,41.03062564102561,40.16221894409983,41.89903233795139,2032,1079.8520615384582,24.18734358974359,104.2400615384604,Projected
Vietnam,VNM,Asia,Asia,41.0623145299145,40.18480955741678,41.93981950241223,2033,1082.026092307689,24.40217777777775,107.39450256410146,Projected
Vietnam,VNM,Asia,Asia,41.09400341880338,40.207045696290315,41.98096114131645,2034,1084.2001230769197,24.61701196581197,110.54894358974252,Projected
Vietnam,VNM,Asia,Asia,41.125692307692276,40.228938570277414,42.02244604510714,2035,1086.3741538461504,24.83184615384613,113.70338461538358,Projected
Vietnam,VNM,Asia,Asia,41.15738119658117,40.250499303011715,42.064263090150625,2036,1088.5481846153812,25.046680341880347,116.85782564102465,Projected
Vietnam,VNM,Asia,Asia,41.18907008547005,40.27173889583604,42.10640127510406,2037,1090.722215384612,25.261514529914564,120.01226666666571,Projected
Vietnam,VNM,Asia,Asia,41.220758974358944,40.29266819574878,42.148849752969106,2038,1092.8962461538426,25.476348717948724,123.16670769230677,Projected
Vietnam,VNM,Asia,Asia,41.25244786324782,40.31329786751673,42.191597858978916,2039,1095.0702769230734,25.69118290598294,126.32114871794784,Projected
Vietnam,VNM,Asia,Asia,41.28413675213672,40.333638369762056,42.23463513451138,2040,1097.2443076923032,25.906017094017102,129.4755897435889,Projected
Vietnam,VNM,Asia,Asia,41.31582564102561,40.35369993479663,42.27795134725459,2041,1099.418338461534,26.12085128205132,132.63003076922996,Projected
Vietnam,VNM,Asia,Asia,41.34751452991449,40.37349255195351,42.32153650787547,2042,1101.5923692307647,26.335685470085537,135.78447179487102,Projected
Vietnam,VNM,Asia,Asia,41.379203418803385,40.39302595415006,42.36538088345671,2043,1103.7663999999954,26.550519658119697,138.9389128205121,Projected
Vietnam,VNM,Asia,Asia,41.41089230769228,40.41230960740966,42.4094750079749,2044,1105.9404307692262,26.765353846153914,142.09335384615315,Projected
Vietnam,VNM,Asia,Asia,41.44258119658116,40.43135270306843,42.45380969009389,2045,1108.114461538457,26.980188034188075,145.2477948717942,Projected
Vietnam,VNM,Asia,Asia,41.47427008547005,40.45016415239722,42.498376018542885,2046,1110.2884923076876,27.195022222222292,148.40223589743528,Projected
Vietnam,VNM,Asia,Asia,41.50595897435893,40.46875258337759,42.54316536534028,2047,1112.4625230769184,27.409856410256452,151.55667692307634,Projected
Vietnam,VNM,Asia,Asia,41.53764786324783,40.48712633938229,42.58816938711336,2048,1114.6365538461491,27.62469059829067,154.7111179487174,Projected
Vietnam,VNM,Asia,Asia,41.56933675213672,40.50529347952436,42.63338002474908,2049,1116.8105846153799,27.839524786324887,157.86555897435846,Projected
Vietnam,VNM,Asia,Asia,41.6010256410256,40.52326178045452,42.67878950159668,2050,1118.9846153846106,28.054358974359047,161.01999999999953,Projected
Vanuatu,VUT,Oceania,Oceania,30.974369230769216,30.063873726169405,31.884864735369028,2026,1081.0085230769248,12.24320000000003,86.61455384615238,Projected
Vanuatu,VUT,Oceania,Oceania,31.003439316239305,30.08548060888638,31.92139802359223,2027,1080.9172170940187,12.285972649572685,89.83004786324636,Projected
Vanuatu,VUT,Oceania,Oceania,31.032509401709387,30.106621160023156,31.958397643395617,2028,1080.8259111111129,12.32874529914534,93.04554188034035,Projected
Vanuatu,VUT,Oceania,Oceania,31.061579487179475,30.127307253320534,31.995851721038417,2029,1080.734605128207,12.371517948717994,96.26103589743434,Projected
Vanuatu,VUT,Oceania,Oceania,31.090649572649557,30.147551008868493,32.033748136430624,2030,1080.6432991453012,12.414290598290634,99.47652991452833,Projected
Vanuatu,VUT,Oceania,Oceania,31.119719658119646,30.167364725213204,32.07207459102609,2031,1080.5519931623953,12.457063247863289,102.69202393162232,Projected
Vanuatu,VUT,Oceania,Oceania,31.148789743589727,30.18676081541982,32.11081867175963,2032,1080.4606871794895,12.499835897435943,105.9075179487163,Projected
Vanuatu,VUT,Oceania,Oceania,31.177859829059816,30.205751747507446,32.14996791061218,2033,1080.3693811965836,12.542608547008598,109.12301196581029,Projected
Vanuatu,VUT,Oceania,Oceania,31.206929914529898,30.22434998954552,32.18950983951427,2034,1080.2780752136778,12.585381196581253,112.33850598290428,Projected
Vanuatu,VUT,Oceania,Oceania,31.235999999999986,30.242567959584353,32.22943204041562,2035,1080.1867692307717,12.628153846153907,115.55399999999827,Projected
Vanuatu,VUT,Oceania,Oceania,31.265070085470068,30.26041798048765,32.26972219045249,2036,1080.0954632478658,12.670926495726562,118.76949401709226,Projected
Vanuatu,VUT,Oceania,Oceania,31.294140170940157,30.27791223964421,32.310368102236104,2037,1080.00415726496,12.713699145299216,121.98498803418624,Projected
Vanuatu,VUT,Oceania,Oceania,31.323210256410245,30.295062753458623,32.35135775936187,2038,1079.9128512820541,12.756471794871871,125.20048205128023,Projected
Vanuatu,VUT,Oceania,Oceania,31.352280341880327,30.31188133645767,32.39267934730298,2039,1079.8215452991483,12.799244444444525,128.41597606837422,Projected
Vanuatu,VUT,Oceania,Oceania,31.381350427350416,30.3283795747992,32.43432127990163,2040,1079.7302393162422,12.84201709401718,131.6314700854682,Projected
Vanuatu,VUT,Oceania,Oceania,31.410420512820497,30.344568803932436,32.476272221708555,2041,1079.6389333333364,12.884789743589835,134.8469641025631,Projected
Vanuatu,VUT,Oceania,Oceania,31.439490598290586,30.360460090132474,32.518521106448695,2042,1079.5476273504305,12.927562393162475,138.0624581196571,Projected
Vanuatu,VUT,Oceania,Oceania,31.468560683760668,30.37606421561466,32.561057151906674,2043,1079.4563213675247,12.97033504273513,141.27795213675108,Projected
Vanuatu,VUT,Oceania,Oceania,31.497630769230756,30.391391666926825,32.60386987153469,2044,1079.3650153846188,13.013107692307784,144.49344615384507,Projected
Vanuatu,VUT,Oceania,Oceania,31.526700854700838,30.406452626315666,32.646949083086014,2045,1079.273709401713,13.055880341880439,147.70894017093906,Projected
Vanuatu,VUT,Oceania,Oceania,31.555770940170927,30.421256965769018,32.690284914572835,2046,1079.182403418807,13.098652991453093,150.92443418803305,Projected
Vanuatu,VUT,Oceania,Oceania,31.58484102564101,30.43581424344423,32.73386780783779,2047,1079.0910974359012,13.141425641025748,154.13992820512703,Projected
Vanuatu,VUT,Oceania,Oceania,31.613911111111097,30.450133702206394,32.7776885200158,2048,1078.9997914529952,13.184198290598403,157.35542222222102,Projected
Vanuatu,VUT,Oceania,Oceania,31.642981196581186,30.46422427001507,32.8217381231473,2049,1078.9084854700893,13.226970940171057,160.570916239315,Projected
Vanuatu,VUT,Oceania,Oceania,31.672051282051267,30.478094561915476,32.86600800218706,2050,1078.8171794871835,13.269743589743712,163.786410256409,Projected
Wallis and Futuna,WLF,Oceania,Oceania,23.68310769230768,22.98608835408752,24.380127030527838,2026,1136.6740307692312,63.997692307692205,90.02350769230543,Projected
Wallis and Futuna,WLF,Oceania,Oceania,23.722711111111103,23.019978404052004,24.4254438181702,2027,1135.329856410257,64.53999999999996,93.23137435897206,Projected
Wallis and Futuna,WLF,Oceania,Oceania,23.762314529914512,23.05351145925068,24.471117600578346,2028,1133.9856820512828,65.0823076923075,96.4392410256387,Projected
Wallis and Futuna,WLF,Oceania,Oceania,23.801917948717936,23.086696609488975,24.517139287946897,2029,1132.641507692308,65.62461538461525,99.64710769230624,Projected
Wallis and Futuna,WLF,Oceania,Oceania,23.84152136752136,23.11954313316205,24.563499601880668,2030,1131.2973333333339,66.16692307692301,102.85497435897287,Projected
Wallis and Futuna,WLF,Oceania,Oceania,23.88112478632477,23.15206044528015,24.610189127369388,2031,1129.9531589743592,66.70923076923077,106.0628410256395,Projected
Wallis and Futuna,WLF,Oceania,Oceania,23.920728205128192,23.184258048522242,24.657198361734142,2032,1128.608984615385,67.2515384615383,109.27070769230613,Projected
Wallis and Futuna,WLF,Oceania,Oceania,23.960331623931616,23.216145487636616,24.704517760226615,2033,1127.2648102564103,67.79384615384606,112.47857435897276,Projected
Wallis and Futuna,WLF,Oceania,Oceania,23.999935042735025,23.247732307410104,24.752137778059947,2034,1125.9206358974361,68.33615384615382,115.6864410256394,Projected
Wallis and Futuna,WLF,Oceania,Oceania,24.03953846153845,23.279028014337996,24.8000489087389,2035,1124.576461538462,68.87846153846135,118.89430769230603,Projected
Wallis and Futuna,WLF,Oceania,Oceania,24.079141880341872,23.310042042046547,24.848241718637198,2036,1123.2322871794872,69.42076923076911,122.10217435897266,Projected
Wallis and Futuna,WLF,Oceania,Oceania,24.118745299145296,23.340783720450766,24.896706877839826,2037,1121.888112820513,69.96307692307687,125.3100410256393,Projected
Wallis and Futuna,WLF,Oceania,Oceania,24.158348717948705,23.37126224857066,24.94543518732675,2038,1120.5439384615383,70.50538461538463,128.51790769230593,Projected
Wallis and Futuna,WLF,Oceania,Oceania,24.19795213675213,23.401486670881052,24.994417602623205,2039,1119.1997641025641,71.04769230769216,131.72577435897256,Projected
Wallis and Futuna,WLF,Oceania,Oceania,24.237555555555552,23.4314658570315,25.043645254079603,2040,1117.8555897435895,71.58999999999992,134.9336410256392,Projected
Wallis and Futuna,WLF,Oceania,Oceania,24.27715897435896,23.461208484744503,25.09310946397342,2041,1116.5114153846152,72.13230769230768,138.14150769230582,Projected
Wallis and Futuna,WLF,Oceania,Oceania,24.316762393162385,23.4907230256794,25.14280176064537,2042,1115.167241025641,72.67461538461544,141.34937435897336,Projected
Wallis and Futuna,WLF,Oceania,Oceania,24.35636581196581,23.520017734036873,25.192713889894744,2043,1113.8230666666664,73.21692307692297,144.55724102564,Projected
Wallis and Futuna,WLF,Oceania,Oceania,24.395969230769218,23.549100637672698,25.242837823865738,2044,1112.4788923076921,73.75923076923073,147.76510769230663,Projected
Wallis and Futuna,WLF,Oceania,Oceania,24.43557264957264,23.57797953148851,25.293165767656774,2045,1111.1347179487175,74.30153846153848,150.97297435897326,Projected
Wallis and Futuna,WLF,Oceania,Oceania,24.475176068376065,23.606661972870775,25.343690163881355,2046,1109.7905435897433,74.84384615384624,154.1808410256399,Projected
Wallis and Futuna,WLF,Oceania,Oceania,24.514779487179474,23.635155278956667,25.394403695402282,2047,1108.4463692307686,75.38615384615377,157.38870769230653,Projected
Wallis and Futuna,WLF,Oceania,Oceania,24.554382905982898,23.663466525515034,25.445299286450762,2048,1107.1021948717944,75.92846153846153,160.59657435897316,Projected
Wallis and Futuna,WLF,Oceania,Oceania,24.59398632478632,23.691602547242397,25.496370102330246,2049,1105.7580205128202,76.47076923076929,163.8044410256398,Projected
Wallis and Futuna,WLF,Oceania,Oceania,24.63358974358973,23.719569939287304,25.547609547892158,2050,1104.4138461538455,77.01307692307682,167.01230769230642,Projected
Samoa,WSM,Oceania,Oceania,26.45916923076922,25.659369642298017,27.258968819240422,2026,1314.9157538461523,12.92806153846152,85.49538461538214,Projected
Samoa,WSM,Oceania,Oceania,26.489876923076913,25.683521490605976,27.29623235554785,2027,1318.4803965811943,12.962447863247846,88.62042735042542,Projected
Samoa,WSM,Oceania,Oceania,26.520584615384607,25.707263702837704,27.33390552793151,2028,1322.0450393162373,12.996834188034171,91.74547008546779,Projected
Samoa,WSM,Oceania,Oceania,26.5512923076923,25.73060670915233,27.37197790623227,2029,1325.6096820512803,13.031220512820497,94.87051282051107,Projected
Samoa,WSM,Oceania,Oceania,26.581999999999994,25.753561156107615,27.410438843892372,2030,1329.1743247863233,13.065606837606822,97.99555555555344,Projected
Samoa,WSM,Oceania,Oceania,26.612707692307687,25.776137847021218,27.449277537594156,2031,1332.7389675213653,13.099993162393147,101.12059829059672,Projected
Samoa,WSM,Oceania,Oceania,26.64341538461538,25.798347685806842,27.48848308342392,2032,1336.3036102564083,13.134379487179473,104.24564102563909,Projected
Samoa,WSM,Oceania,Oceania,26.674123076923074,25.82020162465095,27.5280445291952,2033,1339.8682529914513,13.168765811965798,107.37068376068146,Projected
Samoa,WSM,Oceania,Oceania,26.704830769230767,25.841710615784233,27.5679509226773,2034,1343.4328957264943,13.203152136752124,110.49572649572474,Projected
Samoa,WSM,Oceania,Oceania,26.735538461538454,25.86288556749945,27.608191355577457,2035,1346.9975384615364,13.237538461538435,113.62076923076711,Projected
Samoa,WSM,Oceania,Oceania,26.766246153846147,25.883737304475346,27.648755003216948,2036,1350.5621811965793,13.27192478632476,116.74581196581039,Projected
Samoa,WSM,Oceania,Oceania,26.79695384615384,25.904276532386458,27.689631159921223,2037,1354.1268239316223,13.306311111111086,119.87085470085276,Projected
Samoa,WSM,Oceania,Oceania,26.827661538461534,25.924513806710976,27.73080927021209,2038,1357.6914666666653,13.340697435897411,122.99589743589604,Projected
Samoa,WSM,Oceania,Oceania,26.858369230769227,25.94445950559313,27.772278955945325,2039,1361.2561094017074,13.375083760683737,126.12094017093841,Projected
Samoa,WSM,Oceania,Oceania,26.88907692307692,25.96412380657275,27.81403003958109,2040,1364.8207521367503,13.409470085470062,129.2459829059817,Projected
Samoa,WSM,Oceania,Oceania,26.919784615384614,25.98351666696165,27.85605256380758,2041,1368.3853948717933,13.443856410256387,132.37102564102406,Projected
Samoa,WSM,Oceania,Oceania,26.950492307692308,26.002647807623035,27.89833680776158,2042,1371.9500376068363,13.478242735042713,135.49606837606643,Projected
Samoa,WSM,Oceania,Oceania,26.9812,26.02152669989572,27.940873300104283,2043,1375.5146803418784,13.512629059829038,138.6211111111097,Projected
Samoa,WSM,Oceania,Oceania,27.011907692307688,26.04016255539752,27.983652829217856,2044,1379.0793230769214,13.547015384615364,141.74615384615208,Projected
Samoa,WSM,Oceania,Oceania,27.04261538461538,26.05856431844141,28.026666450789353,2045,1382.6439658119643,13.581401709401689,144.87119658119536,Projected
Samoa,WSM,Oceania,Oceania,27.073323076923074,26.07674066080198,28.069905493044168,2046,1386.2086085470073,13.615788034188014,147.99623931623773,Projected
Samoa,WSM,Oceania,Oceania,27.104030769230768,26.094699978578163,28.113361559883373,2047,1389.7732512820494,13.65017435897434,151.121282051281,Projected
Samoa,WSM,Oceania,Oceania,27.13473846153846,26.112450390909085,28.157026532167837,2048,1393.3378940170924,13.684560683760665,154.24632478632338,Projected
Samoa,WSM,Oceania,Oceania,27.165446153846155,26.129999740313856,28.200892567378453,2049,1396.9025367521353,13.71894700854699,157.37136752136576,Projected
Samoa,WSM,Oceania,Oceania,27.196153846153848,26.147355594440626,28.24495209786707,2050,1400.4671794871774,13.753333333333316,160.49641025640904,Projected
Yemen,YEM,Asia,Asia,24.781876923076926,24.218407646608977,25.345346199544874,2026,801.8569538461544,14.74898461538453,91.05889230769117,Projected
Yemen,YEM,Asia,Asia,24.783753846153846,24.215665891796572,25.35184180051112,2027,802.1928820512826,14.902242735042648,94.32060512820317,Projected
Yemen,YEM,Asia,Asia,24.78563076923077,24.212635543007853,25.35862599545369,2028,802.5288102564108,15.055500854700767,97.58231794871608,Projected
Yemen,YEM,Asia,Asia,24.787507692307692,24.20932394842642,25.365691436188964,2029,802.8647384615391,15.208758974358886,100.844030769229,Projected
Yemen,YEM,Asia,Asia,24.789384615384616,24.20573860869154,25.373030622077692,2030,803.2006666666673,15.362017094017006,104.1057435897419,Projected
Yemen,YEM,Asia,Asia,24.79126153846154,24.201887134881886,25.380635942041195,2031,803.5365948717956,15.515275213675125,107.36745641025482,Projected
Yemen,YEM,Asia,Asia,24.79313846153846,24.197777208947336,25.388499714129587,2032,803.8725230769238,15.668533333333244,110.62916923076773,Projected
Yemen,YEM,Asia,Asia,24.795015384615386,24.193416546846596,25.396614222384176,2033,804.2084512820521,15.821791452991363,113.89088205128064,Projected
Yemen,YEM,Asia,Asia,24.79689230769231,24.1888128645695,25.404971750815122,2034,804.5443794871803,15.975049572649482,117.15259487179355,Projected
Yemen,YEM,Asia,Asia,24.79876923076923,24.183973847151048,25.413564614387415,2035,804.8803076923086,16.1283076923076,120.41430769230647,Projected
Yemen,YEM,Asia,Asia,24.800646153846156,24.17890712071907,25.42238518697324,2036,805.2162358974368,16.28156581196572,123.67602051281938,Projected
Yemen,YEM,Asia,Asia,24.80252307692308,24.173620227561376,25.431425926284785,2037,805.5521641025651,16.43482393162384,126.93773333333229,Projected
Yemen,YEM,Asia,Asia,24.8044,24.168120604150477,25.440679395849525,2038,805.8880923076933,16.58808205128196,130.1994461538452,Projected
Yemen,YEM,Asia,Asia,24.806276923076926,24.1624155620248,25.45013828412905,2039,806.2240205128217,16.741340170940077,133.4611589743581,Projected
Yemen,YEM,Asia,Asia,24.80815384615385,24.156512271394345,25.459795420913355,2040,806.5599487179499,16.894598290598196,136.72287179487103,Projected
Yemen,YEM,Asia,Asia,24.81003076923077,24.15041774731558,25.469643791145963,2041,806.8958769230782,17.047856410256315,139.98458461538303,Projected
Yemen,YEM,Asia,Asia,24.811907692307695,24.144138838263846,25.479676546351545,2042,807.2318051282064,17.201114529914435,143.24629743589594,Projected
Yemen,YEM,Asia,Asia,24.81378461538462,24.137682216921288,25.48988701384795,2043,807.5677333333347,17.354372649572554,146.50801025640885,Projected
Yemen,YEM,Asia,Asia,24.81566153846154,24.131054372993198,25.500268703929883,2044,807.9036615384629,17.507630769230673,149.76972307692176,Projected
Yemen,YEM,Asia,Asia,24.817538461538465,24.124261607865108,25.510815315211822,2045,808.2395897435912,17.660888888888792,153.03143589743468,Projected
Yemen,YEM,Asia,Asia,24.81941538461539,24.11731003091571,25.52152073831507,2046,808.5755179487194,17.81414700854691,156.2931487179476,Projected
Yemen,YEM,Asia,Asia,24.82129230769231,24.110205557306564,25.532379058078057,2047,808.9114461538477,17.96740512820503,159.5548615384605,Projected
Yemen,YEM,Asia,Asia,24.823169230769235,24.102953907077442,25.543384554461028,2048,809.2473743589759,18.12066324786315,162.8165743589734,Projected
Yemen,YEM,Asia,Asia,24.825046153846156,24.095560605385682,25.55453170230663,2049,809.5833025641041,18.273921367521268,166.07828717948632,Projected
Yemen,YEM,Asia,Asia,24.82692307692308,24.088030983738445,25.565815170107715,2050,809.9192307692324,18.427179487179387,169.33999999999924,Projected
South Africa,ZAF,Africa,Africa,23.070738461538454,22.39993939265767,23.741537530419237,2026,963.9272615384617,17.349999999999966,88.25163076922945,Projected
South Africa,ZAF,Africa,Africa,23.103528205128185,22.427230691244255,23.779825719012116,2027,963.5927282051284,17.52170940170936,91.47206495726368,Projected
South Africa,ZAF,Africa,Africa,23.13631794871793,22.454178424389614,23.818457473046248,2028,963.258194871795,17.69341880341875,94.69249914529792,Projected
South Africa,ZAF,Africa,Africa,23.169107692307676,22.48079133996149,23.857424044653865,2029,962.9236615384617,17.865128205128144,97.91293333333215,Projected
South Africa,ZAF,Africa,Africa,23.201897435897422,22.507078367323107,23.896716504471737,2030,962.5891282051283,18.036837606837594,101.13336752136638,Projected
South Africa,ZAF,Africa,Africa,23.234687179487167,22.533048567313624,23.93632579166071,2031,962.254594871795,18.208547008546986,104.35380170940061,Projected
South Africa,ZAF,Africa,Africa,23.267476923076913,22.558711085142996,23.97624276101083,2032,961.9200615384616,18.38025641025638,107.57423589743485,Projected
South Africa,ZAF,Africa,Africa,23.30026666666666,22.584075106507967,24.01645822682535,2033,961.5855282051282,18.551965811965772,110.79467008546908,Projected
South Africa,ZAF,Africa,Africa,23.333056410256404,22.609149817142395,24.056963003370413,2034,961.2509948717949,18.723675213675165,114.01510427350331,Projected
South Africa,ZAF,Africa,Africa,23.365846153846135,22.633944365928972,24.0977479417633,2035,960.9164615384615,18.895384615384614,117.23553846153754,Projected
South Africa,ZAF,Africa,Africa,23.39863589743588,22.658467831622605,24.138803963249156,2036,960.5819282051282,19.067094017094007,120.45597264957178,Projected
South Africa,ZAF,Africa,Africa,23.431425641025626,22.682729193168274,24.180122088882978,2037,960.2473948717948,19.2388034188034,123.67640683760601,Projected
South Africa,ZAF,Africa,Africa,23.464215384615372,22.706737303539963,24.22169346569078,2038,959.9128615384615,19.410512820512793,126.89684102564024,Projected
South Africa,ZAF,Africa,Africa,23.497005128205117,22.730500866980066,24.26350938943017,2039,959.5783282051281,19.582222222222185,130.11727521367447,Projected
South Africa,ZAF,Africa,Africa,23.529794871794863,22.75402841948227,24.305561324107455,2040,959.2437948717948,19.753931623931578,133.3377094017087,Projected
South Africa,ZAF,Africa,Africa,23.56258461538461,22.77732831233306,24.347840918436155,2041,958.9092615384614,19.925641025641028,136.55814358974294,Projected
South Africa,ZAF,Africa,Africa,23.595374358974354,22.800408698507358,24.39034001944135,2042,958.5747282051279,20.09735042735042,139.77857777777717,Projected
South Africa,ZAF,Africa,Africa,23.6281641025641,22.823277521701748,24.43305068342645,2043,958.2401948717946,20.269059829059813,142.9990119658114,Projected
South Africa,ZAF,Africa,Africa,23.66095384615383,22.845942507782482,24.47596518452518,2044,957.9056615384612,20.440769230769206,146.21944615384564,Projected
South Africa,ZAF,Africa,Africa,23.693743589743576,22.868411158424863,24.51907602106229,2045,957.5711282051279,20.6124786324786,149.43988034187987,Projected
South Africa,ZAF,Africa,Africa,23.72653333333332,22.890690746723813,24.56237591994283,2046,957.2365948717945,20.78418803418805,152.6603145299141,Projected
South Africa,ZAF,Africa,Africa,23.759323076923067,22.912788314562594,24.60585783928354,2047,956.9020615384612,20.95589743589744,155.88074871794834,Projected
South Africa,ZAF,Africa,Africa,23.792112820512813,22.934710671535825,24.6495149694898,2048,956.5675282051278,21.127606837606834,159.10118290598257,Projected
South Africa,ZAF,Africa,Africa,23.82490256410256,22.95646439523443,24.693340732970686,2049,956.2329948717944,21.299316239316227,162.3216170940168,Projected
South Africa,ZAF,Africa,Africa,23.857692307692304,22.978055832712606,24.737328782672,2050,955.8984615384611,21.47102564102562,165.54205128205103,Projected
Zambia,ZMB,Africa,Africa,23.91836923076923,23.053992473866646,24.782745987671813,2026,939.6996307692318,55.46507692307682,83.4298153846139,Projected
Zambia,ZMB,Africa,Africa,23.94656752136752,23.07510559055771,24.81802945217733,2027,940.8486632478641,55.8951965811965,86.5996307692294,Projected
Zambia,ZMB,Africa,Africa,23.974765811965817,23.09577599646449,24.853755627467145,2028,941.9976957264969,56.32531623931618,89.76944615384491,Projected
Zambia,ZMB,Africa,Africa,24.002964102564107,23.116014963894756,24.889913241233458,2029,943.1467282051296,56.755435897435746,92.93926153846041,Projected
Zambia,ZMB,Africa,Africa,24.031162393162397,23.135833999027316,24.926490787297478,2030,944.295760683762,57.185555555555425,96.10907692307592,Projected
Zambia,ZMB,Africa,Africa,24.059360683760687,23.15524477745793,24.963476590063443,2031,945.4447931623947,57.615675213675104,99.27889230769142,Projected
Zambia,ZMB,Africa,Africa,24.087558974358977,23.17425908350069,25.000858865217264,2032,946.5938256410275,58.04579487179478,102.44870769230693,Projected
Zambia,ZMB,Africa,Africa,24.115757264957267,23.192888753640073,25.03862577627446,2033,947.7428581196598,58.47591452991446,105.61852307692152,Projected
Zambia,ZMB,Africa,Africa,24.143955555555557,23.211145624408367,25.076765486702747,2034,948.8918905982925,58.90603418803414,108.78833846153702,Projected
Zambia,ZMB,Africa,Africa,24.172153846153847,23.229041484852292,25.115266207455402,2035,950.0409230769253,59.33615384615382,111.95815384615253,Projected
Zambia,ZMB,Africa,Africa,24.200352136752144,23.246588033653424,25.154116239850865,2036,951.1899555555576,59.7662735042735,115.12796923076803,Projected
Zambia,ZMB,Africa,Africa,24.228550427350434,23.263796840880513,25.193304013820356,2037,952.3389880341904,60.196393162393065,118.29778461538353,Projected
Zambia,ZMB,Africa,Africa,24.256748717948724,23.28067931427888,25.232818121618568,2038,953.4880205128227,60.626512820512744,121.46759999999904,Projected
Zambia,ZMB,Africa,Africa,24.284947008547014,23.29724666994164,25.27264734715239,2039,954.6370529914554,61.05663247863242,124.63741538461454,Projected
Zambia,ZMB,Africa,Africa,24.313145299145305,23.313509907160356,25.312780691130254,2040,955.7860854700882,61.4867521367521,127.80723076923005,Projected
Zambia,ZMB,Africa,Africa,24.341343589743595,23.329479787217,25.35320739227019,2041,956.9351179487205,61.91687179487178,130.97704615384555,Projected
Zambia,ZMB,Africa,Africa,24.369541880341885,23.34516681585368,25.39391694483009,2042,958.0841504273533,62.34699145299146,134.14686153846105,Projected
Zambia,ZMB,Africa,Africa,24.397740170940175,23.360581229141086,25.434899112739263,2043,959.233182905986,62.77711111111114,137.31667692307565,Projected
Zambia,ZMB,Africa,Africa,24.425938461538472,23.375732982458622,25.47614394061832,2044,960.3822153846183,63.20723076923082,140.48649230769115,Projected
Zambia,ZMB,Africa,Africa,24.454136752136762,23.390631742298147,25.517641761975376,2045,961.5312478632511,63.637350427350384,143.65630769230665,Projected
Zambia,ZMB,Africa,Africa,24.482335042735052,23.40528688060799,25.559383204862115,2046,962.6802803418839,64.06747008547006,146.82612307692216,Projected
Zambia,ZMB,Africa,Africa,24.510533333333342,23.419707471402265,25.60135919526442,2047,963.8293128205162,64.49758974358974,149.99593846153766,Projected
Zambia,ZMB,Africa,Africa,24.538731623931632,23.43390228937311,25.643560958490156,2048,964.9783452991489,64.92770940170942,153.16575384615317,Projected
Zambia,ZMB,Africa,Africa,24.566929914529922,23.44787981025785,25.685980018801995,2049,966.1273777777817,65.3578290598291,156.33556923076867,Projected
Zambia,ZMB,Africa,Africa,24.595128205128212,23.461648212729322,25.7286081975271,2050,967.276410256414,65.78794871794878,159.50538461538417,Projected
Zimbabwe,ZWE,Africa,Africa,26.623415384615377,25.878880392288167,27.367950376942588,2026,1068.7936923076904,24.759323076922897,85.94698461538337,Projected
Zimbabwe,ZWE,Africa,Africa,26.66537777777777,25.914739937521656,27.416015618033885,2027,1072.532085470084,25.04215042735018,89.16422564102413,Projected
Zimbabwe,ZWE,Africa,Africa,26.707340170940164,25.950218151735136,27.46446219014519,2028,1076.2704786324775,25.324977777777576,92.38146666666489,Projected
Zimbabwe,ZWE,Africa,Africa,26.749302564102557,25.985324744384023,27.51328038382109,2029,1080.0088717948702,25.60780512820486,95.59870769230656,Projected
Zimbabwe,ZWE,Africa,Africa,26.79126495726495,26.020069626369647,27.562460288160253,2030,1083.7472649572637,25.890632478632256,98.81594871794732,Projected
Zimbabwe,ZWE,Africa,Africa,26.833227350427343,26.054462854521425,27.61199184633326,2031,1087.4856581196573,26.173459829059652,102.03318974358808,Projected
Zimbabwe,ZWE,Africa,Africa,26.875189743589736,26.088514579313827,27.661864907865645,2032,1091.22405128205,26.456287179486935,105.25043076922975,Projected
Zimbabwe,ZWE,Africa,Africa,26.91715213675213,26.12223499615853,27.71206927734573,2033,1094.9624444444435,26.739114529914332,108.46767179487051,Projected
Zimbabwe,ZWE,Africa,Africa,26.959114529914523,26.155634300508385,27.76259475932066,2034,1098.700837606837,27.02194188034173,111.68491282051127,Projected
Zimbabwe,ZWE,Africa,Africa,27.001076923076916,26.188722646914343,27.81343119923949,2035,1102.4392307692297,27.30476923076901,114.90215384615294,Projected
Zimbabwe,ZWE,Africa,Africa,27.04303931623931,26.221510112090886,27.86456852038773,2036,1106.1776239316232,27.587596581196408,118.1193948717937,Projected
Zimbabwe,ZWE,Africa,Africa,27.085001709401702,26.25400666197126,27.915996756832143,2037,1109.9160170940168,27.87042393162369,121.33663589743446,Projected
Zimbabwe,ZWE,Africa,Africa,27.126964102564095,26.28622212267065,27.96770608245754,2038,1113.6544102564094,28.153251282051087,124.55387692307613,Projected
Zimbabwe,ZWE,Africa,Africa,27.168926495726488,26.3181661552237,28.019686836229276,2039,1117.392803418803,28.436078632478484,127.77111794871689,Projected
Zimbabwe,ZWE,Africa,Africa,27.21088888888888,26.34984823392203,28.07192954385573,2040,1121.1311965811965,28.718905982905767,130.98835897435765,Projected
Zimbabwe,ZWE,Africa,Africa,27.252851282051274,26.381277628046572,28.124424936055977,2041,1124.8695897435891,29.001733333333164,134.20559999999932,Projected
Zimbabwe,ZWE,Africa,Africa,27.294813675213668,26.412463386767783,28.177163963659552,2042,1128.6079829059827,29.284560683760446,137.42284102564008,Projected
Zimbabwe,ZWE,Africa,Africa,27.33677606837606,26.443414326973393,28.23013780977873,2043,1132.3463760683762,29.567388034187843,140.64008205128084,Projected
Zimbabwe,ZWE,Africa,Africa,27.378738461538454,26.474139023776345,28.283337899300562,2044,1136.0847692307689,29.85021538461524,143.8573230769225,Projected
Zimbabwe,ZWE,Africa,Africa,27.420700854700847,26.504645803454967,28.336755905946728,2045,1139.8231623931624,30.133042735042523,147.07456410256327,Projected
Zimbabwe,ZWE,Africa,Africa,27.46266324786324,26.5349427385811,28.39038375714538,2046,1143.561555555556,30.41587008546992,150.29180512820403,Projected
Zimbabwe,ZWE,Africa,Africa,27.504625641025633,26.56503764509956,28.444213636951705,2047,1147.2999487179486,30.698697435897202,153.5090461538457,Projected
Zimbabwe,ZWE,Africa,Africa,27.546588034188026,26.59493808113276,28.498237987243293,2048,1151.0383418803422,30.9815247863246,156.72628717948646,Projected
Zimbabwe,ZWE,Africa,Africa,27.58855042735042,26.624651347296986,28.552449507403853,2049,1154.7767350427357,31.264352136751995,159.94352820512722,Projected
Zimbabwe,ZWE,Africa,Africa,27.630512820512813,26.654184488330618,28.606841152695008,2050,1158.5151282051283,31.547179487179278,163.1607692307689,Projected
