country,iso3_code,continent,region,year,average_temperature_c,precipitation_mm,co2_emissions_mt,sea_level_rise_mm
Aruba,ABW,North America,Americas,2000,19.11,87.07,1.01,4.73
Aruba,ABW,North America,Americas,2001,19.71,140.01,0.16,7.43
Aruba,ABW,North America,Americas,2002,19.19,106.07,10.09,10.32
Aruba,ABW,North America,Americas,2003,17.92,70.05,2.62,17.56
Aruba,ABW,North America,Americas,2004,18.95,134.23,0,16.54
Aruba,ABW,North America,Americas,2005,18.58,41.47,2.6,21.86
Aruba,ABW,North America,Americas,2006,19.19,128.31,6.56,22.81
Aruba,ABW,North America,Americas,2007,19.24,202.38,3.9,27.11
Aruba,ABW,North America,Americas,2008,18.6,212.03,5.07,30.54
Aruba,ABW,North America,Americas,2009,19.04,218.44,1.18,32.17
Aruba,ABW,North America,Americas,2010,18.71,288.73,7.06,34.16
Aruba,ABW,North America,Americas,2011,19.46,147.29,0,38.1
Aruba,ABW,North America,Americas,2012,18.94,98.88,12.44,45.48
Aruba,ABW,North America,Americas,2013,19.21,257.9,1.83,42.65
Aruba,ABW,North America,Americas,2014,19.46,194.69,2.46,50.15
Aruba,ABW,North America,Americas,2015,19.16,184.94,0.65,52.01
Aruba,ABW,North America,Americas,2016,19.59,301.39,2.62,54.46
Aruba,ABW,North America,Americas,2017,19.13,160.64,1.51,57.48
Aruba,ABW,North America,Americas,2018,19.36,76.36,5.24,67.44
Aruba,ABW,North America,Americas,2019,19.1,265.53,9.1,63.05
Aruba,ABW,North America,Americas,2020,19.17,201.47,5.22,69.27
Aruba,ABW,North America,Americas,2021,19.29,157.8,0,71.12
Aruba,ABW,North America,Americas,2022,19.39,214.41,2.48,73.03
Aruba,ABW,North America,Americas,2023,19.73,297.76,6.67,77.34
Aruba,ABW,North America,Americas,2024,19.94,328.13,7.97,78.97
Aruba,ABW,North America,Americas,2025,19.14,209.3,1.93,81.46
Afghanistan,AFG,Asia,Asia,2000,21.33,1095.1,11.84,3.31
Afghanistan,AFG,Asia,Asia,2001,20.72,1021.56,6.58,9.71
Afghanistan,AFG,Asia,Asia,2002,20.16,1082.61,11.77,10.86
Afghanistan,AFG,Asia,Asia,2003,20.38,1174,11.66,14.24
Afghanistan,AFG,Asia,Asia,2004,20.52,1093.79,10.42,16.13
Afghanistan,AFG,Asia,Asia,2005,20.63,1039.17,10.35,20.47
Afghanistan,AFG,Asia,Asia,2006,21.19,1184.7,10.37,22.41
Afghanistan,AFG,Asia,Asia,2007,20.46,1109.73,7.57,26.14
Afghanistan,AFG,Asia,Asia,2008,21.49,1046.39,14.92,31.32
Afghanistan,AFG,Asia,Asia,2009,22.12,1179.6,12.65,36.21
Afghanistan,AFG,Asia,Asia,2010,20.94,1212.5,10.06,35.32
Afghanistan,AFG,Asia,Asia,2011,20.63,1109.46,7.08,38.61
Afghanistan,AFG,Asia,Asia,2012,20.48,1150.66,11,46.62
Afghanistan,AFG,Asia,Asia,2013,20.81,1152.79,9.49,48.16
Afghanistan,AFG,Asia,Asia,2014,20.59,1142.63,13.96,45.49
Afghanistan,AFG,Asia,Asia,2015,20.85,1106.96,12.16,52.79
Afghanistan,AFG,Asia,Asia,2016,21.08,1137.91,8.44,55.74
Afghanistan,AFG,Asia,Asia,2017,21.37,964.13,11.67,60.51
Afghanistan,AFG,Asia,Asia,2018,21.24,987.26,8.79,62.83
Afghanistan,AFG,Asia,Asia,2019,21.53,1135.04,13.09,68.09
Afghanistan,AFG,Asia,Asia,2020,20.89,1138.99,8.8,68.22
Afghanistan,AFG,Asia,Asia,2021,21.42,951.9,9.05,70.81
Afghanistan,AFG,Asia,Asia,2022,21.27,1135.33,15.48,69.78
Afghanistan,AFG,Asia,Asia,2023,21.31,1212.98,16.47,75.97
Afghanistan,AFG,Asia,Asia,2024,21.79,1019.09,16.79,83.18
Afghanistan,AFG,Asia,Asia,2025,21.05,1063.7,10.73,85.54
Angola,AGO,Africa,Africa,2000,21.03,1601.13,325.55,0
Angola,AGO,Africa,Africa,2001,21.04,1619.33,340.47,6.62
Angola,AGO,Africa,Africa,2002,21.27,1538.83,338.07,9.34
Angola,AGO,Africa,Africa,2003,20.99,1600.06,339.79,12.91
Angola,AGO,Africa,Africa,2004,21.65,1376.22,341.93,17.67
Angola,AGO,Africa,Africa,2005,21.18,1469.57,350.34,20.5
Angola,AGO,Africa,Africa,2006,20.45,1556.9,346.62,20.65
Angola,AGO,Africa,Africa,2007,21.28,1482.94,356.06,22.81
Angola,AGO,Africa,Africa,2008,21.53,1661.67,362.99,33.38
Angola,AGO,Africa,Africa,2009,21.6,1463.02,365.55,33.35
Angola,AGO,Africa,Africa,2010,21.15,1609.25,370.37,34.73
Angola,AGO,Africa,Africa,2011,21.59,1410.68,370.19,37.18
Angola,AGO,Africa,Africa,2012,21.92,1503.28,374.45,41.89
Angola,AGO,Africa,Africa,2013,21.84,1516.44,379.05,40.02
Angola,AGO,Africa,Africa,2014,21.76,1568.34,382.37,51.16
Angola,AGO,Africa,Africa,2015,21.57,1554.78,387.9,50.42
Angola,AGO,Africa,Africa,2016,22.53,1692.4,393.29,56.53
Angola,AGO,Africa,Africa,2017,21.83,1459.69,395.63,55.76
Angola,AGO,Africa,Africa,2018,21.07,1690.58,399.09,62.3
Angola,AGO,Africa,Africa,2019,22.07,1657.75,401.87,66.3
Angola,AGO,Africa,Africa,2020,21.49,1681.67,398.9,68.24
Angola,AGO,Africa,Africa,2021,21.52,1737.54,409.04,68.79
Angola,AGO,Africa,Africa,2022,21.13,1525.9,411.61,70.95
Angola,AGO,Africa,Africa,2023,21.35,1600.45,418.01,74.93
Angola,AGO,Africa,Africa,2024,21.51,1704.61,429.36,79.86
Angola,AGO,Africa,Africa,2025,21.64,1431.77,430.19,80.31
Anguilla,AIA,North America,Americas,2000,17.31,747.95,51.62,6.08
Anguilla,AIA,North America,Americas,2001,17.56,932.93,44.75,13.19
Anguilla,AIA,North America,Americas,2002,17.73,650.74,48.3,10.2
Anguilla,AIA,North America,Americas,2003,17.99,860.62,52.78,17.29
Anguilla,AIA,North America,Americas,2004,18,865.72,51.35,13.61
Anguilla,AIA,North America,Americas,2005,18.11,807.78,54.72,18.86
Anguilla,AIA,North America,Americas,2006,17.62,870.99,55.89,21.36
Anguilla,AIA,North America,Americas,2007,17.58,859.94,50.3,26.36
Anguilla,AIA,North America,Americas,2008,18.12,961.35,58.45,26.37
Anguilla,AIA,North America,Americas,2009,18.2,839.27,54.25,39.65
Anguilla,AIA,North America,Americas,2010,18.14,909.81,54.61,37.6
Anguilla,AIA,North America,Americas,2011,18.33,912.39,50.81,40.9
Anguilla,AIA,North America,Americas,2012,18.63,977.16,50.67,41.46
Anguilla,AIA,North America,Americas,2013,18.35,793.92,62.4,47.15
Anguilla,AIA,North America,Americas,2014,18.71,765.59,55.86,53.11
Anguilla,AIA,North America,Americas,2015,18.69,857.17,60.96,48.73
Anguilla,AIA,North America,Americas,2016,19.1,868.78,60.03,57.3
Anguilla,AIA,North America,Americas,2017,19.39,893.72,58.89,58.42
Anguilla,AIA,North America,Americas,2018,18.21,1030.37,58.75,64.16
Anguilla,AIA,North America,Americas,2019,19.21,952.14,62.25,68.2
Anguilla,AIA,North America,Americas,2020,18.72,843.19,60.16,67.3
Anguilla,AIA,North America,Americas,2021,19.17,932.66,63.88,68.65
Anguilla,AIA,North America,Americas,2022,19.09,714.09,62.66,75.92
Anguilla,AIA,North America,Americas,2023,19.05,1003.58,65.7,76.77
Anguilla,AIA,North America,Americas,2024,19.48,900.12,66.36,82.78
Anguilla,AIA,North America,Americas,2025,19.27,905.44,62.91,86.43
Albania,ALB,Europe,Europe,2000,19.62,1813.74,18.04,5.33
Albania,ALB,Europe,Europe,2001,19.74,1672.61,16.81,13.87
Albania,ALB,Europe,Europe,2002,19.53,1840.3,20.54,13.43
Albania,ALB,Europe,Europe,2003,20.03,1870.6,15.04,13.49
Albania,ALB,Europe,Europe,2004,19.79,1910.97,15.44,16.33
Albania,ALB,Europe,Europe,2005,19.31,1800.42,16.93,17.93
Albania,ALB,Europe,Europe,2006,19.41,1791.18,16.94,28.2
Albania,ALB,Europe,Europe,2007,19.48,1858.73,15.16,26.11
Albania,ALB,Europe,Europe,2008,19.62,1750.37,22.84,31.57
Albania,ALB,Europe,Europe,2009,19.28,1756.64,18.44,31.97
Albania,ALB,Europe,Europe,2010,19.69,1751.2,16.87,38.84
Albania,ALB,Europe,Europe,2011,19.58,1923.78,20.72,40.61
Albania,ALB,Europe,Europe,2012,19.34,1724.02,16.33,45.67
Albania,ALB,Europe,Europe,2013,20.31,1675.04,17.79,45.97
Albania,ALB,Europe,Europe,2014,20.46,1703.09,19.79,52.19
Albania,ALB,Europe,Europe,2015,19.68,1887.16,22.06,51.2
Albania,ALB,Europe,Europe,2016,20.23,1779.56,17.16,59.65
Albania,ALB,Europe,Europe,2017,20.07,1796.61,22,56.66
Albania,ALB,Europe,Europe,2018,19.85,1677.62,14.86,63.52
Albania,ALB,Europe,Europe,2019,19.88,1830.69,18.77,67.14
Albania,ALB,Europe,Europe,2020,20.87,1725.29,20.07,71.92
Albania,ALB,Europe,Europe,2021,20.02,1948.87,14.65,75.68
Albania,ALB,Europe,Europe,2022,20.49,1829.01,15.84,76.02
Albania,ALB,Europe,Europe,2023,20.46,1739.44,17.27,80.24
Albania,ALB,Europe,Europe,2024,20.48,1766.49,17.8,81.6
Albania,ALB,Europe,Europe,2025,20.27,1906.65,15.77,88.58
Aland,ALD,Europe,Europe,2000,6.82,1408.08,281.09,3.23
Aland,ALD,Europe,Europe,2001,7.05,1266.81,286.9,8.38
Aland,ALD,Europe,Europe,2002,6.01,1339.88,284.74,12.07
Aland,ALD,Europe,Europe,2003,6.47,1441.13,299.04,14.88
Aland,ALD,Europe,Europe,2004,6.97,1439.41,302.23,17.93
Aland,ALD,Europe,Europe,2005,7.09,1323.56,300.09,21.9
Aland,ALD,Europe,Europe,2006,6.72,1523.2,302.09,23.03
Aland,ALD,Europe,Europe,2007,7.41,1431.5,306.43,24.74
Aland,ALD,Europe,Europe,2008,6.53,1408.62,311.3,30.59
Aland,ALD,Europe,Europe,2009,7.3,1419.26,317.73,37.13
Aland,ALD,Europe,Europe,2010,7.04,1428.44,308.51,35.01
Aland,ALD,Europe,Europe,2011,7.04,1403.12,322.35,39.2
Aland,ALD,Europe,Europe,2012,7.27,1382.22,322.26,46.01
Aland,ALD,Europe,Europe,2013,6.66,1377.71,332.36,46.02
Aland,ALD,Europe,Europe,2014,7.88,1436.35,332.6,48.84
Aland,ALD,Europe,Europe,2015,7.28,1330.99,329.69,55.39
Aland,ALD,Europe,Europe,2016,6.52,1525.72,335.61,57.03
Aland,ALD,Europe,Europe,2017,6.82,1560.82,343.33,61.13
Aland,ALD,Europe,Europe,2018,7.67,1462.87,341.17,60.51
Aland,ALD,Europe,Europe,2019,7.54,1529.15,347.05,65.09
Aland,ALD,Europe,Europe,2020,7.61,1382.69,349.43,68.62
Aland,ALD,Europe,Europe,2021,7.43,1481.23,356.22,73.72
Aland,ALD,Europe,Europe,2022,7.46,1510.83,363.55,74.93
Aland,ALD,Europe,Europe,2023,7.09,1302.88,362.31,78.14
Aland,ALD,Europe,Europe,2024,7.06,1464.45,366.1,79.67
Aland,ALD,Europe,Europe,2025,7.82,1657.85,369.11,86.78
Andorra,AND,Europe,Europe,2000,-0.13,1491.79,20.76,2.96
Andorra,AND,Europe,Europe,2001,0.03,1528.37,29.07,9.5
Andorra,AND,Europe,Europe,2002,0.27,1447.77,24.98,9.29
Andorra,AND,Europe,Europe,2003,-0.04,1503.53,22.38,13.94
Andorra,AND,Europe,Europe,2004,-0.19,1546.52,22.56,17.14
Andorra,AND,Europe,Europe,2005,0.08,1484.87,23.44,23.32
Andorra,AND,Europe,Europe,2006,0.95,1478.15,26.72,22.98
Andorra,AND,Europe,Europe,2007,0.06,1503.02,23.08,28.92
Andorra,AND,Europe,Europe,2008,-0.02,1658.49,24.63,30.14
Andorra,AND,Europe,Europe,2009,0.58,1640.13,21.44,30.77
Andorra,AND,Europe,Europe,2010,-0.52,1604.18,21.19,36.05
Andorra,AND,Europe,Europe,2011,0.24,1538.07,24.03,42.74
Andorra,AND,Europe,Europe,2012,0.13,1534.46,23.34,42.72
Andorra,AND,Europe,Europe,2013,0.33,1697.28,21.6,43.89
Andorra,AND,Europe,Europe,2014,0.59,1667.55,21.69,51.82
Andorra,AND,Europe,Europe,2015,0.57,1681.84,26.51,53.11
Andorra,AND,Europe,Europe,2016,0.27,1626.28,27.74,55.59
Andorra,AND,Europe,Europe,2017,0.27,1579.09,21.63,59.51
Andorra,AND,Europe,Europe,2018,0.24,1669.15,28.17,63.45
Andorra,AND,Europe,Europe,2019,1.21,1578.12,28.51,67.46
Andorra,AND,Europe,Europe,2020,0.25,1410.25,28.76,65.89
Andorra,AND,Europe,Europe,2021,0.89,1617.17,20.3,70.44
Andorra,AND,Europe,Europe,2022,1.33,1585.28,21.11,79.15
Andorra,AND,Europe,Europe,2023,0.95,1546.84,25.54,79.03
Andorra,AND,Europe,Europe,2024,0.7,1722.66,24.48,82.05
Andorra,AND,Europe,Europe,2025,1.07,1475.1,23.8,87.43
United Arab Emirates,ARE,Asia,Asia,2000,6.71,1572.37,16.62,0.18
United Arab Emirates,ARE,Asia,Asia,2001,7.35,1693.53,12.8,4.18
United Arab Emirates,ARE,Asia,Asia,2002,7.63,1729.44,8.22,14.66
United Arab Emirates,ARE,Asia,Asia,2003,7.35,1744.21,9.29,12.13
United Arab Emirates,ARE,Asia,Asia,2004,7.14,1542.34,10.91,13.03
United Arab Emirates,ARE,Asia,Asia,2005,7.31,1678.93,2.89,21.48
United Arab Emirates,ARE,Asia,Asia,2006,7.22,1688.58,10.77,24.08
United Arab Emirates,ARE,Asia,Asia,2007,6.63,1650.41,7.51,23.93
United Arab Emirates,ARE,Asia,Asia,2008,7.94,1727.56,8.4,25.84
United Arab Emirates,ARE,Asia,Asia,2009,7.63,1595.11,9.97,32.51
United Arab Emirates,ARE,Asia,Asia,2010,7.15,1587.08,8.21,35.88
United Arab Emirates,ARE,Asia,Asia,2011,7.15,1496.86,12.11,39.83
United Arab Emirates,ARE,Asia,Asia,2012,7.72,1668.91,10.3,45.89
United Arab Emirates,ARE,Asia,Asia,2013,7.35,1795.12,6.26,46.26
United Arab Emirates,ARE,Asia,Asia,2014,7.32,1700.44,7.37,47.88
United Arab Emirates,ARE,Asia,Asia,2015,7.73,1713.98,8.69,53.32
United Arab Emirates,ARE,Asia,Asia,2016,7.19,1788.13,7.99,52.38
United Arab Emirates,ARE,Asia,Asia,2017,7.61,1677.13,12.86,57.3
United Arab Emirates,ARE,Asia,Asia,2018,7.67,1852.56,13.12,60.1
United Arab Emirates,ARE,Asia,Asia,2019,7.93,1570.52,8.13,66.29
United Arab Emirates,ARE,Asia,Asia,2020,8.56,1818.96,9.68,68.32
United Arab Emirates,ARE,Asia,Asia,2021,7.86,1600.29,10.44,69.94
United Arab Emirates,ARE,Asia,Asia,2022,7.96,1673.04,14.34,72.47
United Arab Emirates,ARE,Asia,Asia,2023,7.83,1805.4,9.69,77.55
United Arab Emirates,ARE,Asia,Asia,2024,8.09,1669.1,8.69,81.1
United Arab Emirates,ARE,Asia,Asia,2025,8.11,1640.6,14.46,83.45
Argentina,ARG,South America,Americas,2000,14.52,619.81,17.7,5.26
Argentina,ARG,South America,Americas,2001,14.88,576.56,14.11,11.57
Argentina,ARG,South America,Americas,2002,14.72,594.23,21.73,14.36
Argentina,ARG,South America,Americas,2003,13.7,585.49,18.21,17.49
Argentina,ARG,South America,Americas,2004,13.51,745.03,21,19.68
Argentina,ARG,South America,Americas,2005,14.02,714.49,21.78,19.7
Argentina,ARG,South America,Americas,2006,13.85,603.11,22.32,22.68
Argentina,ARG,South America,Americas,2007,13.95,717.24,18.63,26.45
Argentina,ARG,South America,Americas,2008,14.5,723.98,19.02,31.72
Argentina,ARG,South America,Americas,2009,14.05,748.64,18.18,36.96
Argentina,ARG,South America,Americas,2010,14.87,668.13,16.99,40.26
Argentina,ARG,South America,Americas,2011,14.23,810.23,22.61,40.76
Argentina,ARG,South America,Americas,2012,14.17,676.06,19.42,44.79
Argentina,ARG,South America,Americas,2013,15.07,882.09,26.16,47.11
Argentina,ARG,South America,Americas,2014,14.38,557.38,20.6,48.98
Argentina,ARG,South America,Americas,2015,14.56,616.6,23.35,53.37
Argentina,ARG,South America,Americas,2016,14.98,782.38,21.23,59.07
Argentina,ARG,South America,Americas,2017,14.72,702.34,25.88,59.74
Argentina,ARG,South America,Americas,2018,15.2,592.24,21.97,61.94
Argentina,ARG,South America,Americas,2019,15.03,704.63,22.42,67.1
Argentina,ARG,South America,Americas,2020,14.67,579.52,23.41,68.22
Argentina,ARG,South America,Americas,2021,14.96,743.84,25.71,73.43
Argentina,ARG,South America,Americas,2022,15.21,696.49,25.88,76.7
Argentina,ARG,South America,Americas,2023,15.71,711.54,24.11,77.76
Argentina,ARG,South America,Americas,2024,14.68,641.99,28.07,84.28
Argentina,ARG,South America,Americas,2025,14.89,661.58,18.3,82.31
Armenia,ARM,Asia,Asia,2000,22.95,1703.88,5.01,8.01
Armenia,ARM,Asia,Asia,2001,23.14,1858.84,7.48,5.23
Armenia,ARM,Asia,Asia,2002,22.95,1651.13,5.14,11.17
Armenia,ARM,Asia,Asia,2003,22.94,1826.62,2.81,15.04
Armenia,ARM,Asia,Asia,2004,22.8,1686.17,7.52,13.82
Armenia,ARM,Asia,Asia,2005,23.39,1892.29,5.34,20.34
Armenia,ARM,Asia,Asia,2006,23.53,1730.41,6.6,21.55
Armenia,ARM,Asia,Asia,2007,23.36,1659.7,5.85,26.24
Armenia,ARM,Asia,Asia,2008,22.84,1701.35,7.26,27.26
Armenia,ARM,Asia,Asia,2009,23.65,1847.22,7.15,32.89
Armenia,ARM,Asia,Asia,2010,23.58,1759.79,8.32,36.35
Armenia,ARM,Asia,Asia,2011,23.57,1806.32,5.6,40.51
Armenia,ARM,Asia,Asia,2012,23.27,1786.38,7.65,40.49
Armenia,ARM,Asia,Asia,2013,23.99,1646.2,11.01,45.66
Armenia,ARM,Asia,Asia,2014,23.25,1712.06,5.08,50.82
Armenia,ARM,Asia,Asia,2015,23.32,1886.9,10.26,51.09
Armenia,ARM,Asia,Asia,2016,23.42,1703.73,8.4,55.78
Armenia,ARM,Asia,Asia,2017,23.8,1732.31,7.22,60.18
Armenia,ARM,Asia,Asia,2018,23.61,1620.99,6.85,63.03
Armenia,ARM,Asia,Asia,2019,23.52,1791.27,6.68,61.82
Armenia,ARM,Asia,Asia,2020,24.23,1668.35,8.09,65.3
Armenia,ARM,Asia,Asia,2021,23.74,1749.96,4.78,69.86
Armenia,ARM,Asia,Asia,2022,23.87,1842.94,9.12,76.24
Armenia,ARM,Asia,Asia,2023,24.46,1915.18,9.23,82.99
Armenia,ARM,Asia,Asia,2024,23.64,1749.64,9.72,84.15
Armenia,ARM,Asia,Asia,2025,24.31,1865.99,10.38,81.23
American Samoa,ASM,Oceania,Oceania,2000,23.75,627.73,2.06,5.09
American Samoa,ASM,Oceania,Oceania,2001,24.37,727.11,9.06,10.93
American Samoa,ASM,Oceania,Oceania,2002,23.46,661.15,0,10.16
American Samoa,ASM,Oceania,Oceania,2003,24.43,612.69,0,17.45
American Samoa,ASM,Oceania,Oceania,2004,23.97,504.26,3.56,17.28
American Samoa,ASM,Oceania,Oceania,2005,23.84,696.89,9.58,20.64
American Samoa,ASM,Oceania,Oceania,2006,23.26,753.8,0.39,23.92
American Samoa,ASM,Oceania,Oceania,2007,23.97,532.3,2.85,29.25
American Samoa,ASM,Oceania,Oceania,2008,23.4,619.49,7.57,30.01
American Samoa,ASM,Oceania,Oceania,2009,23.99,609.92,2.16,32.59
American Samoa,ASM,Oceania,Oceania,2010,23.75,727.44,4.47,36.32
American Samoa,ASM,Oceania,Oceania,2011,23.75,732.06,10.52,38.25
American Samoa,ASM,Oceania,Oceania,2012,24.56,707.55,5.96,45
American Samoa,ASM,Oceania,Oceania,2013,24.04,667.34,0.73,48.66
American Samoa,ASM,Oceania,Oceania,2014,24.07,750.93,3.58,47.77
American Samoa,ASM,Oceania,Oceania,2015,24.57,657.05,7.37,46.49
American Samoa,ASM,Oceania,Oceania,2016,24.28,603.96,1.9,55.24
American Samoa,ASM,Oceania,Oceania,2017,24.18,843.72,6,56.44
American Samoa,ASM,Oceania,Oceania,2018,24.71,695.65,0,61.98
American Samoa,ASM,Oceania,Oceania,2019,24.01,685.22,0,64.7
American Samoa,ASM,Oceania,Oceania,2020,24.11,771.03,3.06,70.27
American Samoa,ASM,Oceania,Oceania,2021,24.35,639.02,9.01,77.97
American Samoa,ASM,Oceania,Oceania,2022,24.48,555.94,5.44,73.83
American Samoa,ASM,Oceania,Oceania,2023,23.87,640.35,5.95,76.93
American Samoa,ASM,Oceania,Oceania,2024,24.34,584.23,4.16,80.2
American Samoa,ASM,Oceania,Oceania,2025,24.1,614.58,5.07,85.2
Ashmore and Cartier Islands,ATC,Oceania,Oceania,2000,25.56,757.93,28,4.51
Ashmore and Cartier Islands,ATC,Oceania,Oceania,2001,25.09,889.72,21.16,9.89
Ashmore and Cartier Islands,ATC,Oceania,Oceania,2002,25.63,867.94,25.54,10.71
Ashmore and Cartier Islands,ATC,Oceania,Oceania,2003,25.82,1050.55,24.79,18.5
Ashmore and Cartier Islands,ATC,Oceania,Oceania,2004,25.5,1083.03,26.31,21.78
Ashmore and Cartier Islands,ATC,Oceania,Oceania,2005,25.83,1032.51,23.54,23.97
Ashmore and Cartier Islands,ATC,Oceania,Oceania,2006,25.19,1021.68,24.63,26.45
Ashmore and Cartier Islands,ATC,Oceania,Oceania,2007,25.93,1089.25,27.84,31.29
Ashmore and Cartier Islands,ATC,Oceania,Oceania,2008,25.9,948.38,27.9,33.96
Ashmore and Cartier Islands,ATC,Oceania,Oceania,2009,25.68,895.06,29.21,30
Ashmore and Cartier Islands,ATC,Oceania,Oceania,2010,25.8,829.44,27.19,39.87
Ashmore and Cartier Islands,ATC,Oceania,Oceania,2011,24.83,884.07,27.73,38.05
Ashmore and Cartier Islands,ATC,Oceania,Oceania,2012,25.56,1030.91,33.53,40.85
Ashmore and Cartier Islands,ATC,Oceania,Oceania,2013,26.8,802.71,27.21,46.98
Ashmore and Cartier Islands,ATC,Oceania,Oceania,2014,26.05,943.05,22.5,51.13
Ashmore and Cartier Islands,ATC,Oceania,Oceania,2015,25.94,1164.34,26.35,53.68
Ashmore and Cartier Islands,ATC,Oceania,Oceania,2016,26.45,1010.09,22.98,59.15
Ashmore and Cartier Islands,ATC,Oceania,Oceania,2017,26.07,1063.74,25.71,58.6
Ashmore and Cartier Islands,ATC,Oceania,Oceania,2018,26.35,970.81,26.67,62.65
Ashmore and Cartier Islands,ATC,Oceania,Oceania,2019,26.42,1052.44,35.19,70.11
Ashmore and Cartier Islands,ATC,Oceania,Oceania,2020,26.66,963.23,32.17,69.4
Ashmore and Cartier Islands,ATC,Oceania,Oceania,2021,25.53,969.35,31.99,77.01
Ashmore and Cartier Islands,ATC,Oceania,Oceania,2022,26.6,943.99,27.43,71.53
Ashmore and Cartier Islands,ATC,Oceania,Oceania,2023,25.73,1130.52,28.6,78.46
Ashmore and Cartier Islands,ATC,Oceania,Oceania,2024,26.28,921.77,27.1,82.95
Ashmore and Cartier Islands,ATC,Oceania,Oceania,2025,26.68,967.4,26.92,86.28
Antigua and Barbuda,ATG,North America,Americas,2000,20.02,369.13,1.43,3.77
Antigua and Barbuda,ATG,North America,Americas,2001,20.26,380.55,8.36,8.86
Antigua and Barbuda,ATG,North America,Americas,2002,20.45,351.35,0.46,11.79
Antigua and Barbuda,ATG,North America,Americas,2003,20.49,196.46,0,11.36
Antigua and Barbuda,ATG,North America,Americas,2004,20.01,430.77,1.18,20.36
Antigua and Barbuda,ATG,North America,Americas,2005,20.32,233.08,1.1,21.86
Antigua and Barbuda,ATG,North America,Americas,2006,20.85,488.95,0,24.15
Antigua and Barbuda,ATG,North America,Americas,2007,21.23,382.54,1.07,28.5
Antigua and Barbuda,ATG,North America,Americas,2008,21.29,310.77,5.63,30.92
Antigua and Barbuda,ATG,North America,Americas,2009,20.61,360.73,2.9,32.84
Antigua and Barbuda,ATG,North America,Americas,2010,20.8,446.97,2.81,36.57
Antigua and Barbuda,ATG,North America,Americas,2011,21.37,403.26,4.5,38.08
Antigua and Barbuda,ATG,North America,Americas,2012,21.29,400.76,0.93,43.18
Antigua and Barbuda,ATG,North America,Americas,2013,20.95,292.42,5.88,44.23
Antigua and Barbuda,ATG,North America,Americas,2014,20.69,507.26,0.27,52.51
Antigua and Barbuda,ATG,North America,Americas,2015,20.71,463.28,2.51,54.29
Antigua and Barbuda,ATG,North America,Americas,2016,21.27,302.21,2.22,56.11
Antigua and Barbuda,ATG,North America,Americas,2017,21.26,384.87,6.17,58.34
Antigua and Barbuda,ATG,North America,Americas,2018,21.19,433.35,3.89,61.9
Antigua and Barbuda,ATG,North America,Americas,2019,21.55,461.98,3.92,65.05
Antigua and Barbuda,ATG,North America,Americas,2020,21.02,281.64,5.56,68.58
Antigua and Barbuda,ATG,North America,Americas,2021,20.5,431.5,1.83,70.57
Antigua and Barbuda,ATG,North America,Americas,2022,21.21,372.06,5.16,76.01
Antigua and Barbuda,ATG,North America,Americas,2023,21.52,380.67,3.95,81.84
Antigua and Barbuda,ATG,North America,Americas,2024,20.93,400.72,0,81.82
Antigua and Barbuda,ATG,North America,Americas,2025,21.22,394.44,3.11,84.3
Australia,AUS,Oceania,Oceania,2000,25.39,1335.1,777.12,5.99
Australia,AUS,Oceania,Oceania,2001,25.56,1470.76,787.19,5.32
Australia,AUS,Oceania,Oceania,2002,25.29,1210.67,798.61,9.26
Australia,AUS,Oceania,Oceania,2003,24.79,1447.73,812.09,8.79
Australia,AUS,Oceania,Oceania,2004,25.89,1311.1,814.69,15.29
Australia,AUS,Oceania,Oceania,2005,25.52,1338.17,823.19,18.27
Australia,AUS,Oceania,Oceania,2006,25.26,1250.65,833.15,21.1
Australia,AUS,Oceania,Oceania,2007,25.47,1363.53,842.99,24.62
Australia,AUS,Oceania,Oceania,2008,25.24,1389.13,852.97,24.95
Australia,AUS,Oceania,Oceania,2009,25.78,1317.39,855.79,32.34
Australia,AUS,Oceania,Oceania,2010,26.36,1276.21,868.1,32.53
Australia,AUS,Oceania,Oceania,2011,25.95,1611.75,884.98,33.84
Australia,AUS,Oceania,Oceania,2012,26.14,1472.74,886.57,40.73
Australia,AUS,Oceania,Oceania,2013,25.81,1427.18,899.9,43.89
Australia,AUS,Oceania,Oceania,2014,25.07,1475.83,905.74,47.73
Australia,AUS,Oceania,Oceania,2015,25.82,1321.5,917.73,50.89
Australia,AUS,Oceania,Oceania,2016,25.96,1349.01,924.68,53.95
Australia,AUS,Oceania,Oceania,2017,25.84,1280.96,940.44,54.99
Australia,AUS,Oceania,Oceania,2018,25.83,1287.54,944.67,57.67
Australia,AUS,Oceania,Oceania,2019,25.61,1602.5,949.98,65.82
Australia,AUS,Oceania,Oceania,2020,26.2,1492.15,968.79,63.64
Australia,AUS,Oceania,Oceania,2021,25.68,1256.46,969.12,71.45
Australia,AUS,Oceania,Oceania,2022,25.41,1435.34,984.75,70.47
Australia,AUS,Oceania,Oceania,2023,26.06,1280.92,989,75.47
Australia,AUS,Oceania,Oceania,2024,25.67,1263.86,999.69,77.85
Australia,AUS,Oceania,Oceania,2025,26.54,1392.61,1011.19,80.82
Austria,AUT,Europe,Europe,2000,12.86,999,168.8,4.32
Austria,AUT,Europe,Europe,2001,12.14,1068.01,167.29,5.88
Austria,AUT,Europe,Europe,2002,12.5,1000.11,172.93,8.31
Austria,AUT,Europe,Europe,2003,12.48,1055.26,169.31,9.96
Austria,AUT,Europe,Europe,2004,13.23,1034.62,175.23,15.66
Austria,AUT,Europe,Europe,2005,12.43,1022.35,177.93,18.4
Austria,AUT,Europe,Europe,2006,12.97,1014.58,177.27,21.94
Austria,AUT,Europe,Europe,2007,12.71,939.52,182.7,25.55
Austria,AUT,Europe,Europe,2008,12.34,1055.16,188.52,27.51
Austria,AUT,Europe,Europe,2009,13.77,1130.56,187.01,34.07
Austria,AUT,Europe,Europe,2010,11.85,968.92,190.73,33.2
Austria,AUT,Europe,Europe,2011,12.85,1177.58,189.59,39.07
Austria,AUT,Europe,Europe,2012,13.43,969.09,195.75,43.37
Austria,AUT,Europe,Europe,2013,12.96,958.41,193.15,47.74
Austria,AUT,Europe,Europe,2014,13.51,821.85,192.73,50.91
Austria,AUT,Europe,Europe,2015,13.29,992.11,198.95,50.01
Austria,AUT,Europe,Europe,2016,13.42,1089.84,203.07,56.24
Austria,AUT,Europe,Europe,2017,13.13,1114.29,200.17,59.53
Austria,AUT,Europe,Europe,2018,13.06,966.63,205.57,60.76
Austria,AUT,Europe,Europe,2019,12.99,992.18,206.36,65.29
Austria,AUT,Europe,Europe,2020,13.01,1083.41,205.14,66.1
Austria,AUT,Europe,Europe,2021,13.49,916.82,214.85,72.26
Austria,AUT,Europe,Europe,2022,13.64,1204.14,215.11,72.92
Austria,AUT,Europe,Europe,2023,13.68,999.78,211.15,76.64
Austria,AUT,Europe,Europe,2024,13.56,1247.61,209.5,79.76
Austria,AUT,Europe,Europe,2025,13.24,1122.48,209.87,82.82
Azerbaijan,AZE,Asia,Asia,2000,26.5,970.42,0,1
Azerbaijan,AZE,Asia,Asia,2001,26.61,1055.83,1.98,4.09
Azerbaijan,AZE,Asia,Asia,2002,26.65,1027.76,1.53,11.72
Azerbaijan,AZE,Asia,Asia,2003,26.38,971.93,1.43,11.72
Azerbaijan,AZE,Asia,Asia,2004,26.26,976.01,0,16.99
Azerbaijan,AZE,Asia,Asia,2005,26.63,1179.86,0,18.4
Azerbaijan,AZE,Asia,Asia,2006,26.82,1136.74,3.2,25.1
Azerbaijan,AZE,Asia,Asia,2007,26.73,1258.42,3.39,26.68
Azerbaijan,AZE,Asia,Asia,2008,27.16,1135.33,4.04,28.9
Azerbaijan,AZE,Asia,Asia,2009,26.92,998.45,2.82,32.05
Azerbaijan,AZE,Asia,Asia,2010,26.77,1034.48,0,37.23
Azerbaijan,AZE,Asia,Asia,2011,26.95,1036.3,1.87,41.45
Azerbaijan,AZE,Asia,Asia,2012,27.45,1199.08,3.97,41.25
Azerbaijan,AZE,Asia,Asia,2013,27.03,1001.33,6.04,49.28
Azerbaijan,AZE,Asia,Asia,2014,27.17,977.18,2.36,49.58
Azerbaijan,AZE,Asia,Asia,2015,26.89,991.65,1.73,54.88
Azerbaijan,AZE,Asia,Asia,2016,27.41,1187.83,3.4,56.5
Azerbaijan,AZE,Asia,Asia,2017,26.89,1145,4.4,59.24
Azerbaijan,AZE,Asia,Asia,2018,26.78,1118.91,3.25,61.25
Azerbaijan,AZE,Asia,Asia,2019,26.94,1082.17,7.08,64.53
Azerbaijan,AZE,Asia,Asia,2020,26.49,1199.48,1.53,66.95
Azerbaijan,AZE,Asia,Asia,2021,27.71,1150.86,6.01,73.28
Azerbaijan,AZE,Asia,Asia,2022,27.25,1008.42,2.49,75.74
Azerbaijan,AZE,Asia,Asia,2023,27.42,1138.08,7.18,77.29
Azerbaijan,AZE,Asia,Asia,2024,27.84,1089.53,4.99,80.85
Azerbaijan,AZE,Asia,Asia,2025,27.8,1182.84,2.99,86.48
Burundi,BDI,Africa,Africa,2000,24.91,1081.02,183.58,6.47
Burundi,BDI,Africa,Africa,2001,25.43,1142.43,186.72,8.24
Burundi,BDI,Africa,Africa,2002,25.71,1090.7,191.8,10.64
Burundi,BDI,Africa,Africa,2003,25.29,930.87,199.56,20.11
Burundi,BDI,Africa,Africa,2004,25.33,1098.53,194.22,16.82
Burundi,BDI,Africa,Africa,2005,24.59,1115.41,195.85,23.08
Burundi,BDI,Africa,Africa,2006,25.16,968,197.92,19.8
Burundi,BDI,Africa,Africa,2007,25.34,1004.71,204.36,26.27
Burundi,BDI,Africa,Africa,2008,26.22,1109.98,202.63,32.64
Burundi,BDI,Africa,Africa,2009,25.49,1067.19,207.47,34.23
Burundi,BDI,Africa,Africa,2010,25.88,1064.6,209.72,37.2
Burundi,BDI,Africa,Africa,2011,25.71,901.15,215.99,39.39
Burundi,BDI,Africa,Africa,2012,26.16,1231.92,213.19,43.11
Burundi,BDI,Africa,Africa,2013,25.58,916.48,214.58,50.58
Burundi,BDI,Africa,Africa,2014,26.28,990.33,217.66,48.25
Burundi,BDI,Africa,Africa,2015,25.78,1183.68,219.43,56.32
Burundi,BDI,Africa,Africa,2016,25.26,961.48,226.72,58.1
Burundi,BDI,Africa,Africa,2017,25.78,1021.82,220.81,60.54
Burundi,BDI,Africa,Africa,2018,26.11,1117.19,223.76,62.5
Burundi,BDI,Africa,Africa,2019,25.83,860.24,224.64,65.65
Burundi,BDI,Africa,Africa,2020,25.86,1002.59,229.16,69.92
Burundi,BDI,Africa,Africa,2021,25.85,1076.19,231.14,72.28
Burundi,BDI,Africa,Africa,2022,26.15,1225.92,238.51,74.64
Burundi,BDI,Africa,Africa,2023,26.45,758.17,237.15,77.79
Burundi,BDI,Africa,Africa,2024,26.97,1175.88,239.59,86.02
Burundi,BDI,Africa,Africa,2025,25.9,1072.31,241.27,87.68
Belgium,BEL,Europe,Europe,2000,14.36,1508.66,188.14,4.95
Belgium,BEL,Europe,Europe,2001,14.41,1264.8,196.14,9.03
Belgium,BEL,Europe,Europe,2002,14.04,1334.43,203.99,11.66
Belgium,BEL,Europe,Europe,2003,14.27,1379.12,197.58,14.04
Belgium,BEL,Europe,Europe,2004,14.02,1432.29,199.32,19.8
Belgium,BEL,Europe,Europe,2005,14.35,1258.54,208.77,22.32
Belgium,BEL,Europe,Europe,2006,14.49,1454.08,206,25.18
Belgium,BEL,Europe,Europe,2007,14.01,1353.4,212.92,27.7
Belgium,BEL,Europe,Europe,2008,14.03,1235.67,214.69,30.03
Belgium,BEL,Europe,Europe,2009,14.51,1266.64,218.92,35.65
Belgium,BEL,Europe,Europe,2010,14.82,1420.76,212.65,38.43
Belgium,BEL,Europe,Europe,2011,14.81,1214.73,217.5,42.02
Belgium,BEL,Europe,Europe,2012,14.78,1374.1,221,43.26
Belgium,BEL,Europe,Europe,2013,14.78,1467.38,228.9,46.7
Belgium,BEL,Europe,Europe,2014,15.08,1343.04,226.14,49.12
Belgium,BEL,Europe,Europe,2015,14.74,1262.92,230.87,52.23
Belgium,BEL,Europe,Europe,2016,15.39,1337.3,231.41,55.49
Belgium,BEL,Europe,Europe,2017,15.16,1347.84,229.76,59.57
Belgium,BEL,Europe,Europe,2018,14.46,1269.43,237.5,65.08
Belgium,BEL,Europe,Europe,2019,14.75,1550.29,237.07,61.3
Belgium,BEL,Europe,Europe,2020,15.39,1277.34,248.14,70.88
Belgium,BEL,Europe,Europe,2021,14.53,1253.83,240.58,77.35
Belgium,BEL,Europe,Europe,2022,14.99,1437.84,246.87,77.27
Belgium,BEL,Europe,Europe,2023,14.46,1488.78,252.22,76.72
Belgium,BEL,Europe,Europe,2024,15.73,1320.3,247.79,79.85
Belgium,BEL,Europe,Europe,2025,14.87,1394.53,256.42,83.87
Benin,BEN,Africa,Africa,2000,18.45,1208.07,71.44,0.29
Benin,BEN,Africa,Africa,2001,18.2,1253.05,66.36,5.29
Benin,BEN,Africa,Africa,2002,18.57,989.62,77.61,5.04
Benin,BEN,Africa,Africa,2003,18.63,1412.42,66.26,9.73
Benin,BEN,Africa,Africa,2004,18.63,1209.07,75.23,13.56
Benin,BEN,Africa,Africa,2005,18.51,1276,68.8,18.66
Benin,BEN,Africa,Africa,2006,18.22,1177.94,69.95,22.75
Benin,BEN,Africa,Africa,2007,18.98,1271.34,74.27,25.82
Benin,BEN,Africa,Africa,2008,19.53,1292.48,68.39,26.95
Benin,BEN,Africa,Africa,2009,18.6,1174.6,81.11,29.25
Benin,BEN,Africa,Africa,2010,18.96,1285.32,71.78,35.77
Benin,BEN,Africa,Africa,2011,18.91,1076.12,74.96,36.46
Benin,BEN,Africa,Africa,2012,19.14,1343.78,73.74,41.97
Benin,BEN,Africa,Africa,2013,19.14,1393.76,79.93,42.25
Benin,BEN,Africa,Africa,2014,19.57,1285.74,73.73,48.35
Benin,BEN,Africa,Africa,2015,19.51,1185.13,73.65,47.91
Benin,BEN,Africa,Africa,2016,19.2,1510.59,82.41,48.87
Benin,BEN,Africa,Africa,2017,19.08,1216.71,76.8,53.02
Benin,BEN,Africa,Africa,2018,19.17,1237.61,80.18,59.84
Benin,BEN,Africa,Africa,2019,18.79,1263.71,82.09,64
Benin,BEN,Africa,Africa,2020,18.78,1326.34,76.94,67.98
Benin,BEN,Africa,Africa,2021,18.82,1178.2,82.58,71.57
Benin,BEN,Africa,Africa,2022,18.73,1453.69,85.69,69.79
Benin,BEN,Africa,Africa,2023,19.31,1348.62,79.98,73.39
Benin,BEN,Africa,Africa,2024,18.8,1204.69,88.08,77.51
Benin,BEN,Africa,Africa,2025,19.36,1298.91,88.5,83.01
Burkina Faso,BFA,Africa,Africa,2000,22.5,599.55,27.19,2.95
Burkina Faso,BFA,Africa,Africa,2001,22.95,707.63,28.83,6.63
Burkina Faso,BFA,Africa,Africa,2002,22.75,742.98,30.84,13.38
Burkina Faso,BFA,Africa,Africa,2003,23.05,695.07,26.47,11.01
Burkina Faso,BFA,Africa,Africa,2004,22.76,648.74,30.18,19.75
Burkina Faso,BFA,Africa,Africa,2005,23.67,596.28,24.58,20.87
Burkina Faso,BFA,Africa,Africa,2006,23.85,757.16,25.17,24.7
Burkina Faso,BFA,Africa,Africa,2007,23.45,706,27.85,21.35
Burkina Faso,BFA,Africa,Africa,2008,22.95,658.39,30.35,31.66
Burkina Faso,BFA,Africa,Africa,2009,23.33,682.98,34.25,34.69
Burkina Faso,BFA,Africa,Africa,2010,22.78,512.11,35.64,30.46
Burkina Faso,BFA,Africa,Africa,2011,23.25,664.55,30.27,38.01
Burkina Faso,BFA,Africa,Africa,2012,23.3,684.58,27.3,46.15
Burkina Faso,BFA,Africa,Africa,2013,23.57,676.84,29.46,46.67
Burkina Faso,BFA,Africa,Africa,2014,22.62,801.08,28.62,49.51
Burkina Faso,BFA,Africa,Africa,2015,23.7,645.76,25.3,49.08
Burkina Faso,BFA,Africa,Africa,2016,23.5,700.81,28.81,52.6
Burkina Faso,BFA,Africa,Africa,2017,23.8,705.18,31.61,60.11
Burkina Faso,BFA,Africa,Africa,2018,23.52,661.23,34.72,63.84
Burkina Faso,BFA,Africa,Africa,2019,23.06,719.48,33.83,64.69
Burkina Faso,BFA,Africa,Africa,2020,23.44,659.89,34.99,68.79
Burkina Faso,BFA,Africa,Africa,2021,23.08,630.27,32.81,69.68
Burkina Faso,BFA,Africa,Africa,2022,23.79,611.39,31.05,72.37
Burkina Faso,BFA,Africa,Africa,2023,23.21,709.67,34.07,77.86
Burkina Faso,BFA,Africa,Africa,2024,24.46,720.53,35.04,80.39
Burkina Faso,BFA,Africa,Africa,2025,24.22,657.54,33.32,81.54
Bangladesh,BGD,Asia,Asia,2000,16.16,895.2,51.82,5
Bangladesh,BGD,Asia,Asia,2001,15.32,1000.71,54.92,2.26
Bangladesh,BGD,Asia,Asia,2002,15.65,980.19,52.48,8.23
Bangladesh,BGD,Asia,Asia,2003,16.06,879.68,48.81,13.32
Bangladesh,BGD,Asia,Asia,2004,15.94,855.46,54.42,16.83
Bangladesh,BGD,Asia,Asia,2005,15.39,934.85,49.23,18.48
Bangladesh,BGD,Asia,Asia,2006,15.73,947.2,55.11,25.02
Bangladesh,BGD,Asia,Asia,2007,16,774.29,52.64,27.01
Bangladesh,BGD,Asia,Asia,2008,15.79,843.82,54.82,30.16
Bangladesh,BGD,Asia,Asia,2009,15.9,1043.9,52.19,30.12
Bangladesh,BGD,Asia,Asia,2010,16.6,1010.74,59.46,33.24
Bangladesh,BGD,Asia,Asia,2011,16.35,816,59.37,39.06
Bangladesh,BGD,Asia,Asia,2012,16.61,1048.18,51.6,45.25
Bangladesh,BGD,Asia,Asia,2013,16.23,890.58,52.91,43.14
Bangladesh,BGD,Asia,Asia,2014,15.93,945.88,55.79,47.09
Bangladesh,BGD,Asia,Asia,2015,16.49,881.43,52.94,52.15
Bangladesh,BGD,Asia,Asia,2016,16.25,1140.35,57.76,54.65
Bangladesh,BGD,Asia,Asia,2017,16.55,904.66,64.72,59
Bangladesh,BGD,Asia,Asia,2018,16.61,1019.45,59.12,59.94
Bangladesh,BGD,Asia,Asia,2019,16.7,901.95,64.3,60.44
Bangladesh,BGD,Asia,Asia,2020,16.8,913.1,61.67,63.57
Bangladesh,BGD,Asia,Asia,2021,17.29,925.32,56.83,72.28
Bangladesh,BGD,Asia,Asia,2022,16.93,1101.97,60.22,72.37
Bangladesh,BGD,Asia,Asia,2023,17.34,856.79,64.79,79.09
Bangladesh,BGD,Asia,Asia,2024,16.72,1056.24,65.07,80.85
Bangladesh,BGD,Asia,Asia,2025,16.12,940.28,67.99,84.66
Bulgaria,BGR,Europe,Europe,2000,4.4,1487.68,3.46,2.08
Bulgaria,BGR,Europe,Europe,2001,4.41,1379.18,0,7.76
Bulgaria,BGR,Europe,Europe,2002,4.65,1318.71,1.52,13.53
Bulgaria,BGR,Europe,Europe,2003,4.49,1376.88,6.43,11.17
Bulgaria,BGR,Europe,Europe,2004,4.77,1355.97,4.55,15.35
Bulgaria,BGR,Europe,Europe,2005,4.33,1328.17,1.12,17.78
Bulgaria,BGR,Europe,Europe,2006,4.21,1538.82,2.54,19.44
Bulgaria,BGR,Europe,Europe,2007,4.69,1486.8,3.55,25.32
Bulgaria,BGR,Europe,Europe,2008,4.63,1350.65,6.71,28.51
Bulgaria,BGR,Europe,Europe,2009,5.21,1414.06,0,34.27
Bulgaria,BGR,Europe,Europe,2010,4.65,1254.33,1.23,36.08
Bulgaria,BGR,Europe,Europe,2011,4.73,1434.9,12.75,36.08
Bulgaria,BGR,Europe,Europe,2012,4.73,1386.76,6.84,40
Bulgaria,BGR,Europe,Europe,2013,4.68,1327.49,2.36,42.55
Bulgaria,BGR,Europe,Europe,2014,5.09,1480.97,1.87,48.55
Bulgaria,BGR,Europe,Europe,2015,5.19,1329.65,6.85,50.3
Bulgaria,BGR,Europe,Europe,2016,5.14,1424.85,6.83,55.05
Bulgaria,BGR,Europe,Europe,2017,4.93,1527.3,0.86,56.08
Bulgaria,BGR,Europe,Europe,2018,5.04,1506.76,1.01,60.93
Bulgaria,BGR,Europe,Europe,2019,5.42,1427.27,6.37,63.75
Bulgaria,BGR,Europe,Europe,2020,5.52,1520.64,0.97,67.46
Bulgaria,BGR,Europe,Europe,2021,5.39,1453.05,3.55,69.82
Bulgaria,BGR,Europe,Europe,2022,4.61,1395.12,4.36,73.32
Bulgaria,BGR,Europe,Europe,2023,5.22,1371.57,5.65,79.78
Bulgaria,BGR,Europe,Europe,2024,5.47,1508.71,8.77,78.95
Bulgaria,BGR,Europe,Europe,2025,5.41,1489.19,4.4,81.01
Bahrain,BHR,Asia,Asia,2000,14.34,1904.78,31.17,0.9
Bahrain,BHR,Asia,Asia,2001,14.13,1738.23,38.81,10.84
Bahrain,BHR,Asia,Asia,2002,14.31,1929.21,36.9,10.46
Bahrain,BHR,Asia,Asia,2003,14.52,1736.69,37,16.59
Bahrain,BHR,Asia,Asia,2004,14.6,1989.06,36.47,17.71
Bahrain,BHR,Asia,Asia,2005,14.42,1830.92,34.32,21.35
Bahrain,BHR,Asia,Asia,2006,14.07,1753.07,37.57,22.99
Bahrain,BHR,Asia,Asia,2007,14.74,1726.44,36.92,29.91
Bahrain,BHR,Asia,Asia,2008,14.06,2039.12,44.28,29.82
Bahrain,BHR,Asia,Asia,2009,14.16,1802.16,38.08,34.33
Bahrain,BHR,Asia,Asia,2010,14.36,1844.84,37.54,34.94
Bahrain,BHR,Asia,Asia,2011,14.71,1882.18,44.75,41.07
Bahrain,BHR,Asia,Asia,2012,14.79,1976.58,45.43,40.51
Bahrain,BHR,Asia,Asia,2013,14.79,1903.26,40.58,46.19
Bahrain,BHR,Asia,Asia,2014,14.21,2032.26,43.13,51.34
Bahrain,BHR,Asia,Asia,2015,14.74,1944.71,44.98,50.07
Bahrain,BHR,Asia,Asia,2016,14.28,1889.49,46.54,53.85
Bahrain,BHR,Asia,Asia,2017,15.44,1959.74,43.57,59.81
Bahrain,BHR,Asia,Asia,2018,15.83,1762.24,42.16,60.78
Bahrain,BHR,Asia,Asia,2019,14.91,1765.19,39.32,67.86
Bahrain,BHR,Asia,Asia,2020,15.37,1854.31,46.25,70.06
Bahrain,BHR,Asia,Asia,2021,15.1,1775.1,40.65,72.15
Bahrain,BHR,Asia,Asia,2022,14.87,1870.69,50,75.49
Bahrain,BHR,Asia,Asia,2023,15.43,2000.9,42.72,78.47
Bahrain,BHR,Asia,Asia,2024,14.83,1990.79,48.82,81.81
Bahrain,BHR,Asia,Asia,2025,14.95,1849.05,47.42,87.06
The Bahamas,BHS,North America,Americas,2000,22.7,1478.49,27.73,6.13
The Bahamas,BHS,North America,Americas,2001,21.95,1537.42,31.79,3.35
The Bahamas,BHS,North America,Americas,2002,22.49,1679.4,30.96,9.71
The Bahamas,BHS,North America,Americas,2003,22.46,1533.8,31.46,10.24
The Bahamas,BHS,North America,Americas,2004,22.12,1576.5,35.96,14.3
The Bahamas,BHS,North America,Americas,2005,22.99,1712.34,30.85,17.92
The Bahamas,BHS,North America,Americas,2006,22.09,1485.68,40.66,20.49
The Bahamas,BHS,North America,Americas,2007,22.73,1697.87,35.67,26
The Bahamas,BHS,North America,Americas,2008,22.59,1613.31,33.03,27.79
The Bahamas,BHS,North America,Americas,2009,22.95,1745.98,31.94,30.9
The Bahamas,BHS,North America,Americas,2010,22.48,1619.14,38.14,33.72
The Bahamas,BHS,North America,Americas,2011,23.25,1593.16,30.09,36.22
The Bahamas,BHS,North America,Americas,2012,22.84,1664.42,34.11,39.93
The Bahamas,BHS,North America,Americas,2013,22.76,1513.89,39.11,44.73
The Bahamas,BHS,North America,Americas,2014,22.76,1701.84,42.8,45.4
The Bahamas,BHS,North America,Americas,2015,22.92,1632.27,35.82,50.31
The Bahamas,BHS,North America,Americas,2016,23.02,1793.95,36.97,54.47
The Bahamas,BHS,North America,Americas,2017,22.94,1734.02,37.36,57.31
The Bahamas,BHS,North America,Americas,2018,24,1685.44,40.24,61.58
The Bahamas,BHS,North America,Americas,2019,22.78,1714.01,41.31,60.75
The Bahamas,BHS,North America,Americas,2020,23.31,1673.69,42.82,65.03
The Bahamas,BHS,North America,Americas,2021,23.58,1783.83,40.59,67.25
The Bahamas,BHS,North America,Americas,2022,23.65,1570.27,39.02,70.81
The Bahamas,BHS,North America,Americas,2023,23.73,1595.5,37.33,80.11
The Bahamas,BHS,North America,Americas,2024,23.45,1745.08,44.27,77.55
The Bahamas,BHS,North America,Americas,2025,22.68,1674.8,41.94,79
Bosnia and Herzegovina,BIH,Europe,Europe,2000,6.24,982.33,476.72,4.43
Bosnia and Herzegovina,BIH,Europe,Europe,2001,6.74,928.99,480.28,10.47
Bosnia and Herzegovina,BIH,Europe,Europe,2002,6.34,774.14,486.07,11.67
Bosnia and Herzegovina,BIH,Europe,Europe,2003,6.11,815.01,491.07,12.13
Bosnia and Herzegovina,BIH,Europe,Europe,2004,6.4,824.46,503.95,15.96
Bosnia and Herzegovina,BIH,Europe,Europe,2005,6.18,873.42,509.92,20.25
Bosnia and Herzegovina,BIH,Europe,Europe,2006,7.31,925.29,510.08,24.36
Bosnia and Herzegovina,BIH,Europe,Europe,2007,7.14,828.26,514.65,25.33
Bosnia and Herzegovina,BIH,Europe,Europe,2008,6.57,836.93,516.76,31.04
Bosnia and Herzegovina,BIH,Europe,Europe,2009,7.22,815.13,524.92,32.72
Bosnia and Herzegovina,BIH,Europe,Europe,2010,6.94,744.68,530.71,35.11
Bosnia and Herzegovina,BIH,Europe,Europe,2011,7.05,796.95,540.19,41.94
Bosnia and Herzegovina,BIH,Europe,Europe,2012,7.16,864.44,542.2,46.16
Bosnia and Herzegovina,BIH,Europe,Europe,2013,6.58,1013.21,551.17,47.92
Bosnia and Herzegovina,BIH,Europe,Europe,2014,7.03,647.31,557.82,50.62
Bosnia and Herzegovina,BIH,Europe,Europe,2015,7.87,901.45,562.46,53.75
Bosnia and Herzegovina,BIH,Europe,Europe,2016,7.09,880.75,563.79,56.75
Bosnia and Herzegovina,BIH,Europe,Europe,2017,7.7,774.17,570.03,60.16
Bosnia and Herzegovina,BIH,Europe,Europe,2018,7.71,821.68,583.91,61.72
Bosnia and Herzegovina,BIH,Europe,Europe,2019,6.7,923.64,586.92,66.99
Bosnia and Herzegovina,BIH,Europe,Europe,2020,7.49,1024.45,590.92,67.42
Bosnia and Herzegovina,BIH,Europe,Europe,2021,7.53,890.03,603.25,72.43
Bosnia and Herzegovina,BIH,Europe,Europe,2022,7.69,867.26,605.47,77.9
Bosnia and Herzegovina,BIH,Europe,Europe,2023,7.85,888.47,607.59,77.82
Bosnia and Herzegovina,BIH,Europe,Europe,2024,7.28,789.2,615.28,83.12
Bosnia and Herzegovina,BIH,Europe,Europe,2025,7.42,1047.3,619.26,79.81
Saint Barthelemy,BLM,North America,Americas,2000,15.04,177.95,9.31,4.33
Saint Barthelemy,BLM,North America,Americas,2001,14.19,22.31,7.73,8.5
Saint Barthelemy,BLM,North America,Americas,2002,14.82,181.48,10.4,10.29
Saint Barthelemy,BLM,North America,Americas,2003,14.53,92.51,11.9,18.09
Saint Barthelemy,BLM,North America,Americas,2004,14.36,144.27,7.41,19.51
Saint Barthelemy,BLM,North America,Americas,2005,14.49,206.02,13.02,23.79
Saint Barthelemy,BLM,North America,Americas,2006,14.69,0,7.64,25.78
Saint Barthelemy,BLM,North America,Americas,2007,14.54,132.25,5.28,32.05
Saint Barthelemy,BLM,North America,Americas,2008,14.46,286.56,6.25,34.33
Saint Barthelemy,BLM,North America,Americas,2009,15.28,255.89,14.94,37.3
Saint Barthelemy,BLM,North America,Americas,2010,14.78,231.57,5.47,36.05
Saint Barthelemy,BLM,North America,Americas,2011,14.95,48.7,6.15,43.82
Saint Barthelemy,BLM,North America,Americas,2012,15.21,142.78,10.18,43.84
Saint Barthelemy,BLM,North America,Americas,2013,15.16,236,10.61,47.21
Saint Barthelemy,BLM,North America,Americas,2014,14.81,226.44,8.58,49.04
Saint Barthelemy,BLM,North America,Americas,2015,15.02,133.44,7.12,54.18
Saint Barthelemy,BLM,North America,Americas,2016,15.17,298.95,8.4,56.43
Saint Barthelemy,BLM,North America,Americas,2017,14.47,122.84,14.49,64.47
Saint Barthelemy,BLM,North America,Americas,2018,15.27,347.44,6.28,63.41
Saint Barthelemy,BLM,North America,Americas,2019,14.78,143.77,7.26,67.38
Saint Barthelemy,BLM,North America,Americas,2020,15.32,92.64,10.09,68.23
Saint Barthelemy,BLM,North America,Americas,2021,15.39,230.37,15.04,75.6
Saint Barthelemy,BLM,North America,Americas,2022,15.42,245.41,9.72,78.47
Saint Barthelemy,BLM,North America,Americas,2023,15.35,215.3,12.91,79.49
Saint Barthelemy,BLM,North America,Americas,2024,15.13,79.39,6.77,83.93
Saint Barthelemy,BLM,North America,Americas,2025,15.57,111.18,3.18,85.61
Belarus,BLR,Europe,Europe,2000,17.15,911.26,37.82,2.41
Belarus,BLR,Europe,Europe,2001,17.05,868.28,37.04,4.04
Belarus,BLR,Europe,Europe,2002,16.71,967.24,40.86,9.99
Belarus,BLR,Europe,Europe,2003,17.19,858.64,37.09,13.04
Belarus,BLR,Europe,Europe,2004,16.99,1016.86,43.28,14.13
Belarus,BLR,Europe,Europe,2005,17.09,851.06,41.1,21.38
Belarus,BLR,Europe,Europe,2006,16.68,858.16,48.7,22.28
Belarus,BLR,Europe,Europe,2007,16.91,1004.09,36.21,23.8
Belarus,BLR,Europe,Europe,2008,16.71,980.48,43.01,24.43
Belarus,BLR,Europe,Europe,2009,17.16,977.99,43.04,32.67
Belarus,BLR,Europe,Europe,2010,16.73,740.77,43.67,35.45
Belarus,BLR,Europe,Europe,2011,16.84,911.17,43.65,36.79
Belarus,BLR,Europe,Europe,2012,17.2,808.08,48.91,41.45
Belarus,BLR,Europe,Europe,2013,17.84,843.73,39.98,43.3
Belarus,BLR,Europe,Europe,2014,17.16,756.88,49.13,48.82
Belarus,BLR,Europe,Europe,2015,17.05,894.84,44.92,51.62
Belarus,BLR,Europe,Europe,2016,17.63,914.42,46.05,51.57
Belarus,BLR,Europe,Europe,2017,16.81,968.63,51.24,56.47
Belarus,BLR,Europe,Europe,2018,17.12,831.02,48.92,59.56
Belarus,BLR,Europe,Europe,2019,17.49,952.83,44.16,63.79
Belarus,BLR,Europe,Europe,2020,16.93,1008,46.85,68.14
Belarus,BLR,Europe,Europe,2021,17.14,1066.24,49.57,69.51
Belarus,BLR,Europe,Europe,2022,17.34,959.93,47.63,78.87
Belarus,BLR,Europe,Europe,2023,17.44,1038.5,50.49,78.85
Belarus,BLR,Europe,Europe,2024,16.66,835.07,45.46,81.69
Belarus,BLR,Europe,Europe,2025,17.27,1053.4,49.42,83.64
Belize,BLZ,North America,Americas,2000,24.04,928.5,10.01,0.55
Belize,BLZ,North America,Americas,2001,23.65,1105.32,5.88,3.61
Belize,BLZ,North America,Americas,2002,23.92,956.92,5.91,5.6
Belize,BLZ,North America,Americas,2003,24.45,963.8,0.93,13.46
Belize,BLZ,North America,Americas,2004,24.03,884.95,1.56,11.33
Belize,BLZ,North America,Americas,2005,24.83,1053.55,5.8,17.39
Belize,BLZ,North America,Americas,2006,25.39,1001.76,4.93,17.61
Belize,BLZ,North America,Americas,2007,25.26,1013.25,0,21.76
Belize,BLZ,North America,Americas,2008,24.11,945.07,1.72,25.86
Belize,BLZ,North America,Americas,2009,25.08,1037.9,1.5,30.25
Belize,BLZ,North America,Americas,2010,24.63,863.07,9.11,30.42
Belize,BLZ,North America,Americas,2011,23.78,963.69,1.04,37.69
Belize,BLZ,North America,Americas,2012,23.85,877.69,5.6,38.41
Belize,BLZ,North America,Americas,2013,24.34,981.03,3.37,39.33
Belize,BLZ,North America,Americas,2014,24.66,971.01,3.62,45.39
Belize,BLZ,North America,Americas,2015,24.97,973.68,6.31,49.75
Belize,BLZ,North America,Americas,2016,24.63,854.3,2.55,49.63
Belize,BLZ,North America,Americas,2017,25.07,966.83,0.34,55.44
Belize,BLZ,North America,Americas,2018,24.65,999.8,7.22,56.64
Belize,BLZ,North America,Americas,2019,24.77,907.81,1.64,60.42
Belize,BLZ,North America,Americas,2020,25.21,1105.52,8.69,64.53
Belize,BLZ,North America,Americas,2021,24.83,957.46,3.66,67.32
Belize,BLZ,North America,Americas,2022,24.75,1082.33,1.03,70.58
Belize,BLZ,North America,Americas,2023,24.97,847.27,3.92,73.66
Belize,BLZ,North America,Americas,2024,24.6,958.04,6.55,77.26
Belize,BLZ,North America,Americas,2025,25.11,793.46,5.09,79.58
Bermuda,BMU,North America,Americas,2000,24.64,1121.96,13.79,5.04
Bermuda,BMU,North America,Americas,2001,24.14,1036.09,9.71,1.75
Bermuda,BMU,North America,Americas,2002,24.92,1139.81,12.24,9.53
Bermuda,BMU,North America,Americas,2003,24.58,912.13,11.67,14.89
Bermuda,BMU,North America,Americas,2004,24.67,1042.58,12.59,15.4
Bermuda,BMU,North America,Americas,2005,24.71,971.47,14.57,18.02
Bermuda,BMU,North America,Americas,2006,25.07,1099.01,16.8,22.55
Bermuda,BMU,North America,Americas,2007,24.77,939.78,12.21,21.98
Bermuda,BMU,North America,Americas,2008,25.21,1114.51,10.99,26.6
Bermuda,BMU,North America,Americas,2009,24.8,1087.71,16.72,32.52
Bermuda,BMU,North America,Americas,2010,24.82,1161.15,9.01,33.17
Bermuda,BMU,North America,Americas,2011,25.31,1017.27,12.22,35.03
Bermuda,BMU,North America,Americas,2012,25.14,1082.58,11,41.65
Bermuda,BMU,North America,Americas,2013,25.61,1045.06,14.44,42.39
Bermuda,BMU,North America,Americas,2014,25.28,1079.93,13.4,46.02
Bermuda,BMU,North America,Americas,2015,25.25,1227.84,11.78,47.35
Bermuda,BMU,North America,Americas,2016,25.29,908.78,9.82,51.95
Bermuda,BMU,North America,Americas,2017,25.22,1199.12,16.52,56.12
Bermuda,BMU,North America,Americas,2018,24.86,1072.02,11.26,59.68
Bermuda,BMU,North America,Americas,2019,25.39,1211.53,18.31,67.93
Bermuda,BMU,North America,Americas,2020,25.37,1054.42,11.66,66.32
Bermuda,BMU,North America,Americas,2021,24.8,1177.96,14.08,67.73
Bermuda,BMU,North America,Americas,2022,25.8,1026.88,16.49,74.19
Bermuda,BMU,North America,Americas,2023,24.81,1060.92,11.16,76.82
Bermuda,BMU,North America,Americas,2024,25.35,1009.28,20.97,84.66
Bermuda,BMU,North America,Americas,2025,25.72,1173.05,13.02,82.52
Bolivia,BOL,South America,Americas,2000,21.99,1876.3,101.55,6.95
Bolivia,BOL,South America,Americas,2001,22.65,1937.8,101.07,7.72
Bolivia,BOL,South America,Americas,2002,22.9,1666.25,102.19,11.94
Bolivia,BOL,South America,Americas,2003,22.57,1874.26,101.95,17.96
Bolivia,BOL,South America,Americas,2004,22.41,1904.26,104.72,18.02
Bolivia,BOL,South America,Americas,2005,21.57,1792.68,104.31,25.42
Bolivia,BOL,South America,Americas,2006,22.58,1783.88,108.42,23.99
Bolivia,BOL,South America,Americas,2007,22.45,1780.51,111.96,29.02
Bolivia,BOL,South America,Americas,2008,22.2,1812.49,109.14,32.65
Bolivia,BOL,South America,Americas,2009,22.48,1844.08,115.52,37.42
Bolivia,BOL,South America,Americas,2010,22.34,1994.64,116.13,40.5
Bolivia,BOL,South America,Americas,2011,22.14,1719.68,108.8,41.28
Bolivia,BOL,South America,Americas,2012,22.5,1907.2,109.7,43.03
Bolivia,BOL,South America,Americas,2013,22.67,1895.49,113.96,49.57
Bolivia,BOL,South America,Americas,2014,22.99,1775.65,117.18,53.19
Bolivia,BOL,South America,Americas,2015,23.01,1829.42,120.97,55.92
Bolivia,BOL,South America,Americas,2016,22.62,1905.87,124.79,57.92
Bolivia,BOL,South America,Americas,2017,22.4,1821.58,119.37,59.51
Bolivia,BOL,South America,Americas,2018,22.84,1833.16,120.79,65.85
Bolivia,BOL,South America,Americas,2019,22.63,1860.25,123.46,69.18
Bolivia,BOL,South America,Americas,2020,22.81,1988.58,129.58,67.15
Bolivia,BOL,South America,Americas,2021,22.53,1907.79,121.34,73.23
Bolivia,BOL,South America,Americas,2022,22.7,1909.22,125.12,78.05
Bolivia,BOL,South America,Americas,2023,22.64,1901.77,133.45,78.1
Bolivia,BOL,South America,Americas,2024,22.72,1833.89,131.87,82.44
Bolivia,BOL,South America,Americas,2025,22.57,1749.58,132.31,86.53
Brazil,BRA,South America,Americas,2000,11.85,463.76,65.5,3.9
Brazil,BRA,South America,Americas,2001,11.71,333.97,61.07,5.43
Brazil,BRA,South America,Americas,2002,11.25,678.05,65.25,9.28
Brazil,BRA,South America,Americas,2003,10.78,441.35,64.11,14.37
Brazil,BRA,South America,Americas,2004,11.25,404.38,68.01,17.56
Brazil,BRA,South America,Americas,2005,10.87,527.68,66.64,20.46
Brazil,BRA,South America,Americas,2006,11.72,424.74,67.76,21.34
Brazil,BRA,South America,Americas,2007,11.34,467.73,65.71,25.21
Brazil,BRA,South America,Americas,2008,11.67,476.6,68.94,31.46
Brazil,BRA,South America,Americas,2009,11,398.59,72.98,34.79
Brazil,BRA,South America,Americas,2010,12.08,468.79,63.91,34.88
Brazil,BRA,South America,Americas,2011,11.76,521.63,71.58,38.99
Brazil,BRA,South America,Americas,2012,12.21,560.42,70.4,42.21
Brazil,BRA,South America,Americas,2013,12.16,522.51,74.59,46.66
Brazil,BRA,South America,Americas,2014,11.84,501.43,78.03,49.35
Brazil,BRA,South America,Americas,2015,12.36,579.62,77.55,53.77
Brazil,BRA,South America,Americas,2016,11.63,506.26,72.26,52.26
Brazil,BRA,South America,Americas,2017,12.22,400.7,75.77,56.57
Brazil,BRA,South America,Americas,2018,11.75,564.25,76.43,62.74
Brazil,BRA,South America,Americas,2019,12.18,543.8,78.41,66.42
Brazil,BRA,South America,Americas,2020,12.56,364.38,79.96,69.59
Brazil,BRA,South America,Americas,2021,11.1,372.74,78.13,70.88
Brazil,BRA,South America,Americas,2022,12.14,298.04,78.08,75.65
Brazil,BRA,South America,Americas,2023,11.68,334.96,82.44,76.9
Brazil,BRA,South America,Americas,2024,12.13,565.91,78.17,80.48
Brazil,BRA,South America,Americas,2025,12.26,458.18,82.6,80.83
Barbados,BRB,North America,Americas,2000,32.64,1233.52,71.88,5.76
Barbados,BRB,North America,Americas,2001,32.44,1148.76,75.43,3.84
Barbados,BRB,North America,Americas,2002,32.46,1222.46,84.76,4.41
Barbados,BRB,North America,Americas,2003,32.54,1192.26,81.66,11.17
Barbados,BRB,North America,Americas,2004,32.54,1314.14,86.38,16.91
Barbados,BRB,North America,Americas,2005,33.06,1028.6,85.67,21.97
Barbados,BRB,North America,Americas,2006,32.39,1016.79,79.81,21.04
Barbados,BRB,North America,Americas,2007,32.87,1220.3,86.1,26.05
Barbados,BRB,North America,Americas,2008,32.93,1269.86,88.24,28.81
Barbados,BRB,North America,Americas,2009,32.56,1140.19,80.94,29.64
Barbados,BRB,North America,Americas,2010,32.74,1210.33,83.67,34.5
Barbados,BRB,North America,Americas,2011,33.09,1265.24,87.76,35.94
Barbados,BRB,North America,Americas,2012,32.9,1258.91,95.25,43.95
Barbados,BRB,North America,Americas,2013,33.44,1128.36,94.39,43.66
Barbados,BRB,North America,Americas,2014,33.09,1117.85,89.02,47.27
Barbados,BRB,North America,Americas,2015,33.19,1125.57,101.33,51
Barbados,BRB,North America,Americas,2016,33.72,1321.45,94.77,55.55
Barbados,BRB,North America,Americas,2017,33.29,1239.95,94.11,54.66
Barbados,BRB,North America,Americas,2018,33.37,1339.41,92.12,62.89
Barbados,BRB,North America,Americas,2019,32.94,1245.41,96.86,61.03
Barbados,BRB,North America,Americas,2020,33.16,1265.97,95.95,66.73
Barbados,BRB,North America,Americas,2021,33.7,1209.52,93.61,71.29
Barbados,BRB,North America,Americas,2022,32.98,1182.79,98.25,73.63
Barbados,BRB,North America,Americas,2023,33.31,1109.24,97.57,72.98
Barbados,BRB,North America,Americas,2024,33.22,1079.12,97.62,77.39
Barbados,BRB,North America,Americas,2025,33.62,1214.2,106.88,85.2
Brunei,BRN,Asia,Asia,2000,16.59,216.58,29.15,0
Brunei,BRN,Asia,Asia,2001,17.48,247.04,29.39,4.21
Brunei,BRN,Asia,Asia,2002,17.37,257.77,38.2,4.91
Brunei,BRN,Asia,Asia,2003,17.48,268.9,26.05,12.28
Brunei,BRN,Asia,Asia,2004,17.23,204.09,25.67,14.03
Brunei,BRN,Asia,Asia,2005,17.25,58.02,31.44,16.02
Brunei,BRN,Asia,Asia,2006,17.84,203.73,33.1,22.33
Brunei,BRN,Asia,Asia,2007,17.23,396.72,33.66,24.61
Brunei,BRN,Asia,Asia,2008,17.75,321.97,28.08,28.55
Brunei,BRN,Asia,Asia,2009,17.68,310.81,26.51,25.33
Brunei,BRN,Asia,Asia,2010,17.62,271.32,33.29,33.81
Brunei,BRN,Asia,Asia,2011,17.13,141.6,24.65,36.32
Brunei,BRN,Asia,Asia,2012,17.94,172.7,31,41.2
Brunei,BRN,Asia,Asia,2013,17.09,128.7,30.33,41.16
Brunei,BRN,Asia,Asia,2014,17.56,59.47,35.47,50.43
Brunei,BRN,Asia,Asia,2015,17.35,258.32,31.54,48.34
Brunei,BRN,Asia,Asia,2016,17.55,96.84,41,48.41
Brunei,BRN,Asia,Asia,2017,17.31,296.94,34.26,56.38
Brunei,BRN,Asia,Asia,2018,17.87,163.49,30.94,59.06
Brunei,BRN,Asia,Asia,2019,17.4,348.43,36.27,62.2
Brunei,BRN,Asia,Asia,2020,17.47,257.28,35.92,62.85
Brunei,BRN,Asia,Asia,2021,18.08,296.87,38.03,65.61
Brunei,BRN,Asia,Asia,2022,18.23,198.45,37.92,73.7
Brunei,BRN,Asia,Asia,2023,17.97,76.01,35.44,78.16
Brunei,BRN,Asia,Asia,2024,17.89,226.2,37.52,78.55
Brunei,BRN,Asia,Asia,2025,18.08,243.6,42.33,82.07
Bhutan,BTN,Asia,Asia,2000,28.41,2107.39,10.15,7.41
Bhutan,BTN,Asia,Asia,2001,28.25,2184.58,10.32,15.2
Bhutan,BTN,Asia,Asia,2002,28.35,1997.71,5.2,12.77
Bhutan,BTN,Asia,Asia,2003,28.71,2125.72,15.03,19.07
Bhutan,BTN,Asia,Asia,2004,29.04,2147.68,6.58,24.74
Bhutan,BTN,Asia,Asia,2005,28.5,2164.62,10.2,22.77
Bhutan,BTN,Asia,Asia,2006,28.46,2190.91,13.86,24.12
Bhutan,BTN,Asia,Asia,2007,28.83,2046.98,10.79,29.21
Bhutan,BTN,Asia,Asia,2008,28.53,2299.03,7.89,34.01
Bhutan,BTN,Asia,Asia,2009,28.66,2209.68,9.17,36.64
Bhutan,BTN,Asia,Asia,2010,28.34,2125.26,6.47,38.42
Bhutan,BTN,Asia,Asia,2011,28.44,2179.31,10.21,45.25
Bhutan,BTN,Asia,Asia,2012,29.05,2018.19,8.84,47.52
Bhutan,BTN,Asia,Asia,2013,29.52,2213.43,12.91,51.8
Bhutan,BTN,Asia,Asia,2014,28.7,2237.29,13.98,51.59
Bhutan,BTN,Asia,Asia,2015,28.85,2264.75,14.7,54.21
Bhutan,BTN,Asia,Asia,2016,29.37,2146.19,8.23,58.9
Bhutan,BTN,Asia,Asia,2017,28.62,2095.47,9.5,64.53
Bhutan,BTN,Asia,Asia,2018,29.47,2177.45,13.97,67.88
Bhutan,BTN,Asia,Asia,2019,29.07,2104.51,10.45,70.8
Bhutan,BTN,Asia,Asia,2020,29.1,2244.46,8.05,72.61
Bhutan,BTN,Asia,Asia,2021,29,2112.45,11.33,76.46
Bhutan,BTN,Asia,Asia,2022,29.28,2317.88,12.02,75.08
Bhutan,BTN,Asia,Asia,2023,29.15,2182.99,11.78,82.37
Bhutan,BTN,Asia,Asia,2024,29.12,2078.94,10.02,86.32
Bhutan,BTN,Asia,Asia,2025,29.36,2242.17,12.66,87.01
Botswana,BWA,Africa,Africa,2000,24.6,817.26,36.45,6.17
Botswana,BWA,Africa,Africa,2001,23.73,941.52,37.32,8.54
Botswana,BWA,Africa,Africa,2002,24.55,826.67,36,8.98
Botswana,BWA,Africa,Africa,2003,24.2,842.2,41.18,15.35
Botswana,BWA,Africa,Africa,2004,24.32,1001.55,36.85,18.84
Botswana,BWA,Africa,Africa,2005,24.61,901.35,37.58,19.32
Botswana,BWA,Africa,Africa,2006,25.08,907.47,39.46,21.75
Botswana,BWA,Africa,Africa,2007,24.33,758.46,44.58,24.68
Botswana,BWA,Africa,Africa,2008,24.46,847.15,41.02,29.8
Botswana,BWA,Africa,Africa,2009,24.26,867.9,39.91,32.25
Botswana,BWA,Africa,Africa,2010,24.41,886.13,40.41,38.75
Botswana,BWA,Africa,Africa,2011,24.87,921.27,37.37,36.63
Botswana,BWA,Africa,Africa,2012,25.52,700.87,41.85,42.75
Botswana,BWA,Africa,Africa,2013,24.78,899.67,38.53,46.43
Botswana,BWA,Africa,Africa,2014,24.94,918.02,43.07,51.46
Botswana,BWA,Africa,Africa,2015,24.97,1007.36,41.59,50.87
Botswana,BWA,Africa,Africa,2016,24.46,876.97,44.58,54.9
Botswana,BWA,Africa,Africa,2017,24.48,800.38,42.71,60.82
Botswana,BWA,Africa,Africa,2018,25.21,807.72,46.33,59.3
Botswana,BWA,Africa,Africa,2019,25.02,859.14,45.39,66.42
Botswana,BWA,Africa,Africa,2020,24.79,945.43,50.46,67.43
Botswana,BWA,Africa,Africa,2021,25.55,830.4,45.1,71.89
Botswana,BWA,Africa,Africa,2022,24.54,998.2,46.27,73.89
Botswana,BWA,Africa,Africa,2023,25.01,788.55,48.24,78.81
Botswana,BWA,Africa,Africa,2024,24.53,1064.19,47.24,81.59
Botswana,BWA,Africa,Africa,2025,25.24,675.75,44.99,85.04
Central African Republic,CAF,Africa,Africa,2000,20.23,555.04,49.47,0.71
Central African Republic,CAF,Africa,Africa,2001,21.08,491.85,50.17,2.42
Central African Republic,CAF,Africa,Africa,2002,20.94,544.84,52.18,6.43
Central African Republic,CAF,Africa,Africa,2003,21.19,502.67,52.62,10.29
Central African Republic,CAF,Africa,Africa,2004,20.86,587.34,47.52,10.21
Central African Republic,CAF,Africa,Africa,2005,20.74,613.49,49.23,17.72
Central African Republic,CAF,Africa,Africa,2006,21.21,462.88,49.01,18.12
Central African Republic,CAF,Africa,Africa,2007,20.92,649.26,51.73,20.27
Central African Republic,CAF,Africa,Africa,2008,20.87,669.8,52.52,24.35
Central African Republic,CAF,Africa,Africa,2009,21.67,551.13,51.04,33.32
Central African Republic,CAF,Africa,Africa,2010,21.57,522.56,54.01,32.83
Central African Republic,CAF,Africa,Africa,2011,21.04,419.72,58.09,38.88
Central African Republic,CAF,Africa,Africa,2012,21.01,560.23,58.42,36
Central African Republic,CAF,Africa,Africa,2013,21.32,789.9,56.75,38.71
Central African Republic,CAF,Africa,Africa,2014,20.68,607.32,62.21,45.52
Central African Republic,CAF,Africa,Africa,2015,20.99,655.98,56.99,47.64
Central African Republic,CAF,Africa,Africa,2016,21.32,665.75,57.81,51.41
Central African Republic,CAF,Africa,Africa,2017,21.3,556.19,60.69,54.85
Central African Republic,CAF,Africa,Africa,2018,21.57,618.61,63.12,61.52
Central African Republic,CAF,Africa,Africa,2019,21.14,733.47,63.43,62.37
Central African Republic,CAF,Africa,Africa,2020,21.62,668.83,62.66,62.53
Central African Republic,CAF,Africa,Africa,2021,22.02,562.08,55.25,66.31
Central African Republic,CAF,Africa,Africa,2022,21.23,806.35,60.64,74.16
Central African Republic,CAF,Africa,Africa,2023,21.34,523.17,61.45,72.57
Central African Republic,CAF,Africa,Africa,2024,21.17,668.84,62.29,75.87
Central African Republic,CAF,Africa,Africa,2025,22.18,726.77,65.23,79.94
Canada,CAN,North America,Americas,2000,6.38,738.89,2.5,7.12
Canada,CAN,North America,Americas,2001,5.96,579.79,1.36,6.56
Canada,CAN,North America,Americas,2002,6.65,617.67,0,10.34
Canada,CAN,North America,Americas,2003,6.43,727.63,0.56,10.17
Canada,CAN,North America,Americas,2004,6.17,687.88,3.18,15.64
Canada,CAN,North America,Americas,2005,6.66,869.56,0,19.78
Canada,CAN,North America,Americas,2006,6.92,925.09,0,22.08
Canada,CAN,North America,Americas,2007,6.4,642.54,0,26.87
Canada,CAN,North America,Americas,2008,6.7,655.6,0.94,33.44
Canada,CAN,North America,Americas,2009,6.2,869.03,7.74,31.63
Canada,CAN,North America,Americas,2010,6.29,811.97,0,36.79
Canada,CAN,North America,Americas,2011,6.59,875.54,1.65,40.19
Canada,CAN,North America,Americas,2012,7.04,663.53,3.84,41.21
Canada,CAN,North America,Americas,2013,6.15,822.82,2.22,47.16
Canada,CAN,North America,Americas,2014,7.11,953.2,5.16,49.14
Canada,CAN,North America,Americas,2015,7.04,547.67,0,51.36
Canada,CAN,North America,Americas,2016,7.44,766.3,5.94,54.07
Canada,CAN,North America,Americas,2017,7.55,533.93,4.93,58.61
Canada,CAN,North America,Americas,2018,7.77,730.58,2.09,62.6
Canada,CAN,North America,Americas,2019,7.17,694.26,7.27,65.18
Canada,CAN,North America,Americas,2020,7.09,844.81,5.45,65.45
Canada,CAN,North America,Americas,2021,7.51,838.04,6.77,73.86
Canada,CAN,North America,Americas,2022,7,710.42,0,73.77
Canada,CAN,North America,Americas,2023,7.59,903.41,4.08,75.04
Canada,CAN,North America,Americas,2024,6.9,813.86,6.2,77.22
Canada,CAN,North America,Americas,2025,7,834.7,3.13,82.44
Switzerland,CHE,Europe,Europe,2000,11.37,974.91,27.29,7.74
Switzerland,CHE,Europe,Europe,2001,11.73,1306.65,31.1,12.82
Switzerland,CHE,Europe,Europe,2002,11.86,1137.18,32.35,13.12
Switzerland,CHE,Europe,Europe,2003,11.82,1225.51,28.03,19.59
Switzerland,CHE,Europe,Europe,2004,11.72,1210.07,30.41,17.36
Switzerland,CHE,Europe,Europe,2005,12.25,1239.15,28.81,21.87
Switzerland,CHE,Europe,Europe,2006,11.38,1140.93,28.69,21.62
Switzerland,CHE,Europe,Europe,2007,12.26,1238.22,31.31,32.54
Switzerland,CHE,Europe,Europe,2008,11.77,1093.44,27.71,33.67
Switzerland,CHE,Europe,Europe,2009,11.72,1025.11,29.55,30.88
Switzerland,CHE,Europe,Europe,2010,11.72,1085.7,35.07,39.79
Switzerland,CHE,Europe,Europe,2011,11.98,1273.34,30.93,36.69
Switzerland,CHE,Europe,Europe,2012,11.65,1254.13,34.4,42.41
Switzerland,CHE,Europe,Europe,2013,11.81,1284.72,34.77,50.39
Switzerland,CHE,Europe,Europe,2014,11.95,1413.28,33.12,50.79
Switzerland,CHE,Europe,Europe,2015,11.34,1230.65,29.62,51.15
Switzerland,CHE,Europe,Europe,2016,12.43,995.29,30.63,56.63
Switzerland,CHE,Europe,Europe,2017,12.11,1097.15,37.26,62.89
Switzerland,CHE,Europe,Europe,2018,12.51,1157.34,36.22,62.36
Switzerland,CHE,Europe,Europe,2019,12.28,1296.47,38.73,65.73
Switzerland,CHE,Europe,Europe,2020,11.76,1346.74,31.74,74.55
Switzerland,CHE,Europe,Europe,2021,12.27,1238.12,33.34,75.82
Switzerland,CHE,Europe,Europe,2022,12.37,1090.73,37.15,81.47
Switzerland,CHE,Europe,Europe,2023,12.17,1170.38,39.01,76.09
Switzerland,CHE,Europe,Europe,2024,12.23,1170.28,32.6,84.18
Switzerland,CHE,Europe,Europe,2025,12.2,1146.97,36.63,84.59
Chile,CHL,South America,Americas,2000,21.51,1221.35,25.57,0.77
Chile,CHL,South America,Americas,2001,22.1,1240.59,17.91,3.03
Chile,CHL,South America,Americas,2002,21.98,1370.38,20.89,10.48
Chile,CHL,South America,Americas,2003,22.2,1259.74,22.49,8.62
Chile,CHL,South America,Americas,2004,22.13,1347.16,24.15,13.46
Chile,CHL,South America,Americas,2005,22.52,1138.48,27.37,18.16
Chile,CHL,South America,Americas,2006,22.64,1229.28,19.51,23.74
Chile,CHL,South America,Americas,2007,22.34,1337.64,16.41,25.99
Chile,CHL,South America,Americas,2008,22.34,1417.4,25.33,28.28
Chile,CHL,South America,Americas,2009,22.49,1259.45,30.55,30.02
Chile,CHL,South America,Americas,2010,22.74,1207.06,27.14,33.43
Chile,CHL,South America,Americas,2011,22.74,1464.31,28.69,38.52
Chile,CHL,South America,Americas,2012,22.84,1466.36,26.04,40.35
Chile,CHL,South America,Americas,2013,22.93,1366.37,27.53,43.12
Chile,CHL,South America,Americas,2014,22.59,1357.41,29.85,46.39
Chile,CHL,South America,Americas,2015,22.28,1413.62,22.91,47.36
Chile,CHL,South America,Americas,2016,23.21,1404.43,27.12,52.02
Chile,CHL,South America,Americas,2017,23.11,1321.77,28,57.27
Chile,CHL,South America,Americas,2018,22.99,1398.6,28.04,60.81
Chile,CHL,South America,Americas,2019,23.63,1337.41,32.29,59.92
Chile,CHL,South America,Americas,2020,23.07,1334.15,25.21,61.8
Chile,CHL,South America,Americas,2021,23.63,1171.99,29.41,69.46
Chile,CHL,South America,Americas,2022,23.23,1306.86,36.6,69.44
Chile,CHL,South America,Americas,2023,23.27,1120.87,32.48,76.98
Chile,CHL,South America,Americas,2024,23.28,1279.5,31.59,79.49
Chile,CHL,South America,Americas,2025,23.41,1365.9,30.12,82.79
China,CHN,Asia,Asia,2000,24.27,429.71,55.39,1.92
China,CHN,Asia,Asia,2001,23.85,493.65,46.04,7.66
China,CHN,Asia,Asia,2002,24.39,519.49,49.5,11.2
China,CHN,Asia,Asia,2003,24.53,533.45,57.77,17.11
China,CHN,Asia,Asia,2004,24.08,401.04,56.29,16.85
China,CHN,Asia,Asia,2005,24.81,451.46,54.15,22.5
China,CHN,Asia,Asia,2006,24.15,563.11,50.97,26.41
China,CHN,Asia,Asia,2007,24.63,443.01,57.71,25.61
China,CHN,Asia,Asia,2008,24.3,582.31,56.65,30.98
China,CHN,Asia,Asia,2009,25.47,468.77,50.52,35.18
China,CHN,Asia,Asia,2010,24.15,461.67,57.22,40.03
China,CHN,Asia,Asia,2011,24.2,521.08,63.52,39.53
China,CHN,Asia,Asia,2012,24.97,300.02,62.02,44.32
China,CHN,Asia,Asia,2013,24.81,648.84,55.38,47.04
China,CHN,Asia,Asia,2014,24.97,638.64,62.45,47.33
China,CHN,Asia,Asia,2015,24.05,500.77,59.35,50.28
China,CHN,Asia,Asia,2016,24.47,620.8,68.79,57.8
China,CHN,Asia,Asia,2017,24.91,448.99,64.6,60.79
China,CHN,Asia,Asia,2018,25.04,469.42,64.49,65.24
China,CHN,Asia,Asia,2019,24.95,392.51,64.67,66.24
China,CHN,Asia,Asia,2020,25.35,602.89,63.13,71.97
China,CHN,Asia,Asia,2021,25.49,453.74,64.45,73.41
China,CHN,Asia,Asia,2022,25.32,478.72,62.67,75.83
China,CHN,Asia,Asia,2023,25.78,474.76,67.01,76.55
China,CHN,Asia,Asia,2024,25.01,683.22,63.76,80.47
China,CHN,Asia,Asia,2025,25.26,634.14,65.54,87.83
Ivory Coast,CIV,Africa,Africa,2000,28.67,1246.68,9.89,1.24
Ivory Coast,CIV,Africa,Africa,2001,29.7,1244.41,17.91,1.14
Ivory Coast,CIV,Africa,Africa,2002,28.93,1086.33,19.22,9.09
Ivory Coast,CIV,Africa,Africa,2003,28.96,1181.39,16.83,8.49
Ivory Coast,CIV,Africa,Africa,2004,28.67,1285.3,19.07,10.99
Ivory Coast,CIV,Africa,Africa,2005,29,1117.89,16.97,14.08
Ivory Coast,CIV,Africa,Africa,2006,28.78,1139.44,16.67,19.37
Ivory Coast,CIV,Africa,Africa,2007,28.53,1101.65,18.76,20.35
Ivory Coast,CIV,Africa,Africa,2008,29.04,1256.39,16.08,27.99
Ivory Coast,CIV,Africa,Africa,2009,29.3,1267.25,14.39,26.88
Ivory Coast,CIV,Africa,Africa,2010,29.09,1359.01,13.48,30.74
Ivory Coast,CIV,Africa,Africa,2011,29,1316.49,20.58,34.34
Ivory Coast,CIV,Africa,Africa,2012,29.09,1240.3,17.66,37.16
Ivory Coast,CIV,Africa,Africa,2013,29,1237.54,15.46,41.77
Ivory Coast,CIV,Africa,Africa,2014,29.51,1163.44,18.76,48.27
Ivory Coast,CIV,Africa,Africa,2015,29.32,1261.72,17.6,49.31
Ivory Coast,CIV,Africa,Africa,2016,29.42,1202.9,20.45,49.42
Ivory Coast,CIV,Africa,Africa,2017,29.13,1452.83,19.67,55.72
Ivory Coast,CIV,Africa,Africa,2018,29.96,1241.25,19.21,58.28
Ivory Coast,CIV,Africa,Africa,2019,29.27,1468.86,21.52,62.91
Ivory Coast,CIV,Africa,Africa,2020,28.67,1219.63,18.45,64.22
Ivory Coast,CIV,Africa,Africa,2021,29.51,1224.68,22.21,67.62
Ivory Coast,CIV,Africa,Africa,2022,30.12,1271.47,21.68,72.07
Ivory Coast,CIV,Africa,Africa,2023,29.77,1213.92,14.05,72.1
Ivory Coast,CIV,Africa,Africa,2024,28.89,1185.82,23.54,74.45
Ivory Coast,CIV,Africa,Africa,2025,29.96,1110.01,21.55,80.46
Cameroon,CMR,Africa,Africa,2000,26.12,484.98,27.05,1.13
Cameroon,CMR,Africa,Africa,2001,26.69,571.18,23.71,7.77
Cameroon,CMR,Africa,Africa,2002,27.16,602.7,23.19,9.94
Cameroon,CMR,Africa,Africa,2003,26.7,359.48,27.47,14.18
Cameroon,CMR,Africa,Africa,2004,26.54,451.94,27.23,19.93
Cameroon,CMR,Africa,Africa,2005,25.86,452.51,27.46,21.21
Cameroon,CMR,Africa,Africa,2006,26.78,538.58,27.13,25.43
Cameroon,CMR,Africa,Africa,2007,25.96,488.95,23.69,25.76
Cameroon,CMR,Africa,Africa,2008,26.73,483.62,31.95,32.91
Cameroon,CMR,Africa,Africa,2009,26.57,425.4,29.91,30.88
Cameroon,CMR,Africa,Africa,2010,26.83,498.42,30.86,36.1
Cameroon,CMR,Africa,Africa,2011,26.51,453.24,30.21,40.77
Cameroon,CMR,Africa,Africa,2012,27.3,454.81,30.16,43.9
Cameroon,CMR,Africa,Africa,2013,26.36,479.43,25.87,47.11
Cameroon,CMR,Africa,Africa,2014,27.01,611.28,26.83,49.16
Cameroon,CMR,Africa,Africa,2015,26.61,647.56,32.42,55.69
Cameroon,CMR,Africa,Africa,2016,27.22,541.64,21.17,58.75
Cameroon,CMR,Africa,Africa,2017,26.68,626.52,29.79,58.46
Cameroon,CMR,Africa,Africa,2018,27.41,580.08,34.04,61.7
Cameroon,CMR,Africa,Africa,2019,26.51,501.6,26.57,64.14
Cameroon,CMR,Africa,Africa,2020,26.5,602.33,32.32,70.28
Cameroon,CMR,Africa,Africa,2021,27.88,621.25,33.06,73.57
Cameroon,CMR,Africa,Africa,2022,27.34,628.51,33.25,74.59
Cameroon,CMR,Africa,Africa,2023,27.69,637.52,32.58,76.95
Cameroon,CMR,Africa,Africa,2024,27.29,644.75,31.07,81.43
Cameroon,CMR,Africa,Africa,2025,26.75,620.7,32.93,84.12
Democratic Republic of the Congo,COD,Africa,Africa,2000,20.74,2363.71,56.25,0.73
Democratic Republic of the Congo,COD,Africa,Africa,2001,20.39,2258.67,51.88,5.1
Democratic Republic of the Congo,COD,Africa,Africa,2002,21.03,2287.48,51.87,7.58
Democratic Republic of the Congo,COD,Africa,Africa,2003,19.96,2285.96,53.53,12.82
Democratic Republic of the Congo,COD,Africa,Africa,2004,19.98,2333.46,53.67,18.45
Democratic Republic of the Congo,COD,Africa,Africa,2005,20.41,2241.16,51.33,17.14
Democratic Republic of the Congo,COD,Africa,Africa,2006,20.38,2269.19,54.78,21.04
Democratic Republic of the Congo,COD,Africa,Africa,2007,20.14,2229.21,55.84,29.25
Democratic Republic of the Congo,COD,Africa,Africa,2008,20.16,2277.9,51.72,26.23
Democratic Republic of the Congo,COD,Africa,Africa,2009,20.91,2455.3,55.43,34.87
Democratic Republic of the Congo,COD,Africa,Africa,2010,20.31,2245.57,55.65,33.64
Democratic Republic of the Congo,COD,Africa,Africa,2011,20.59,2224.44,58.67,39.2
Democratic Republic of the Congo,COD,Africa,Africa,2012,20.93,2363.68,56.39,41.95
Democratic Republic of the Congo,COD,Africa,Africa,2013,20.85,2187.91,59.78,44.5
Democratic Republic of the Congo,COD,Africa,Africa,2014,20.31,2360.08,56.96,46.84
Democratic Republic of the Congo,COD,Africa,Africa,2015,21.18,2215.16,60.47,47.4
Democratic Republic of the Congo,COD,Africa,Africa,2016,20.67,2355.05,63.35,55.26
Democratic Republic of the Congo,COD,Africa,Africa,2017,20.74,2473.96,60.6,54.24
Democratic Republic of the Congo,COD,Africa,Africa,2018,21.37,2414.51,60.24,61.61
Democratic Republic of the Congo,COD,Africa,Africa,2019,20.41,2412.27,57.78,63.44
Democratic Republic of the Congo,COD,Africa,Africa,2020,20.46,2244.02,60.43,63.06
Democratic Republic of the Congo,COD,Africa,Africa,2021,21.02,2449.81,60.96,70.82
Democratic Republic of the Congo,COD,Africa,Africa,2022,21.71,2243.09,69.67,78.25
Democratic Republic of the Congo,COD,Africa,Africa,2023,20.96,2320.11,62.13,78.05
Democratic Republic of the Congo,COD,Africa,Africa,2024,21.37,2489.35,64.93,80.95
Democratic Republic of the Congo,COD,Africa,Africa,2025,21.03,2414.76,62.91,86.19
Republic of the Congo,COG,Africa,Africa,2000,20.44,1232.39,517.61,4.8
Republic of the Congo,COG,Africa,Africa,2001,21.62,988.3,527.36,4.53
Republic of the Congo,COG,Africa,Africa,2002,21.46,1128.93,522.6,6.94
Republic of the Congo,COG,Africa,Africa,2003,20.95,1014.36,535.13,8.54
Republic of the Congo,COG,Africa,Africa,2004,21.3,1209.95,547.97,16.37
Republic of the Congo,COG,Africa,Africa,2005,21.42,1285.3,549.41,19.65
Republic of the Congo,COG,Africa,Africa,2006,20.98,993.2,559.42,18.06
Republic of the Congo,COG,Africa,Africa,2007,21.97,1131.5,559.37,26.54
Republic of the Congo,COG,Africa,Africa,2008,21.13,968.69,566.25,26.5
Republic of the Congo,COG,Africa,Africa,2009,21.77,1304.36,572.41,29.6
Republic of the Congo,COG,Africa,Africa,2010,21.45,1053.32,577.55,32.98
Republic of the Congo,COG,Africa,Africa,2011,21.51,1073.2,586.24,35.8
Republic of the Congo,COG,Africa,Africa,2012,21.35,1007.16,591.4,39.85
Republic of the Congo,COG,Africa,Africa,2013,21.23,1200.26,597.26,46.4
Republic of the Congo,COG,Africa,Africa,2014,21.44,980.32,609.91,42.43
Republic of the Congo,COG,Africa,Africa,2015,22.16,1219.2,613.06,45.28
Republic of the Congo,COG,Africa,Africa,2016,22.02,1054.25,619.9,55.64
Republic of the Congo,COG,Africa,Africa,2017,21.59,1217.8,623.99,57.24
Republic of the Congo,COG,Africa,Africa,2018,21.68,965.42,628.52,56.25
Republic of the Congo,COG,Africa,Africa,2019,22.07,1001.4,638.7,62.62
Republic of the Congo,COG,Africa,Africa,2020,21.81,1162.2,644.22,66.36
Republic of the Congo,COG,Africa,Africa,2021,22.17,1042.29,648.15,67.91
Republic of the Congo,COG,Africa,Africa,2022,21.98,1138.04,658.92,73.84
Republic of the Congo,COG,Africa,Africa,2023,22.29,1223.11,663.02,75.83
Republic of the Congo,COG,Africa,Africa,2024,21.77,1079.14,672.17,79.63
Republic of the Congo,COG,Africa,Africa,2025,22.16,1237.96,673.2,87.34
Cook Islands,COK,Oceania,Oceania,2000,26.85,528.93,88,0.92
Cook Islands,COK,Oceania,Oceania,2001,27.62,685.2,90.46,4.05
Cook Islands,COK,Oceania,Oceania,2002,27,681.77,87.33,7.93
Cook Islands,COK,Oceania,Oceania,2003,26.87,646.07,86.58,12.37
Cook Islands,COK,Oceania,Oceania,2004,27.33,673.32,86.86,9.99
Cook Islands,COK,Oceania,Oceania,2005,27.64,684.92,91.2,16.1
Cook Islands,COK,Oceania,Oceania,2006,27.49,530.75,89.04,21.79
Cook Islands,COK,Oceania,Oceania,2007,27.35,800.76,93.28,21.25
Cook Islands,COK,Oceania,Oceania,2008,26.95,715.7,91.32,26.06
Cook Islands,COK,Oceania,Oceania,2009,27.62,558.02,96.46,28.31
Cook Islands,COK,Oceania,Oceania,2010,27.26,602.47,101.09,32.44
Cook Islands,COK,Oceania,Oceania,2011,27.65,739.76,101.55,35.22
Cook Islands,COK,Oceania,Oceania,2012,27.52,592.91,93.94,36.2
Cook Islands,COK,Oceania,Oceania,2013,27.65,615.41,95.85,45.17
Cook Islands,COK,Oceania,Oceania,2014,27.59,624.89,100.43,42.73
Cook Islands,COK,Oceania,Oceania,2015,28.12,615.52,102.32,47.66
Cook Islands,COK,Oceania,Oceania,2016,27.42,489.93,96.65,49.61
Cook Islands,COK,Oceania,Oceania,2017,27.4,491.6,102.59,55.44
Cook Islands,COK,Oceania,Oceania,2018,28.21,649.62,102.62,57.04
Cook Islands,COK,Oceania,Oceania,2019,27.72,741.34,102.14,64.92
Cook Islands,COK,Oceania,Oceania,2020,26.98,573.52,103.45,63.36
Cook Islands,COK,Oceania,Oceania,2021,27.69,761.24,108.06,70.19
Cook Islands,COK,Oceania,Oceania,2022,28.59,761.06,104.82,70.92
Cook Islands,COK,Oceania,Oceania,2023,27.92,703.63,104.18,69.24
Cook Islands,COK,Oceania,Oceania,2024,27.67,708.22,109.83,77.69
Cook Islands,COK,Oceania,Oceania,2025,27.6,629.63,110.01,79.34
Colombia,COL,South America,Americas,2000,21.54,1333.89,172.94,2.78
Colombia,COL,South America,Americas,2001,21.4,1303.23,174.43,12.16
Colombia,COL,South America,Americas,2002,22.35,1304.12,177.78,13.26
Colombia,COL,South America,Americas,2003,22.33,1435.98,183.56,15.64
Colombia,COL,South America,Americas,2004,22.08,1448.71,182.57,17.85
Colombia,COL,South America,Americas,2005,22.34,1391.02,186.17,24.26
Colombia,COL,South America,Americas,2006,22.66,1538.65,188.42,26.55
Colombia,COL,South America,Americas,2007,22.78,1356.66,193.63,32
Colombia,COL,South America,Americas,2008,22.67,1340.96,194.87,32.37
Colombia,COL,South America,Americas,2009,22.61,1451.96,194.23,39.02
Colombia,COL,South America,Americas,2010,22.74,1294.55,200.7,38.84
Colombia,COL,South America,Americas,2011,23.27,1283.3,205.47,43.73
Colombia,COL,South America,Americas,2012,22.74,1366.16,198.19,43.23
Colombia,COL,South America,Americas,2013,22.53,1226.43,204.54,48.45
Colombia,COL,South America,Americas,2014,22.27,1259.6,203.69,49.15
Colombia,COL,South America,Americas,2015,22.87,1223.9,208.95,53.48
Colombia,COL,South America,Americas,2016,22.67,1416.53,207.96,57.69
Colombia,COL,South America,Americas,2017,23.33,1379.54,211.6,64.55
Colombia,COL,South America,Americas,2018,23,1423.84,215.74,62.39
Colombia,COL,South America,Americas,2019,23.84,1395.56,221.22,67.01
Colombia,COL,South America,Americas,2020,23.93,1589.81,220.86,68.92
Colombia,COL,South America,Americas,2021,23.77,1350.72,223.6,77.77
Colombia,COL,South America,Americas,2022,23.08,1458.67,220.18,75.59
Colombia,COL,South America,Americas,2023,23.05,1379.77,226.83,82.44
Colombia,COL,South America,Americas,2024,23.36,1433.53,231.83,78.93
Colombia,COL,South America,Americas,2025,22.46,1325.87,231.27,83.72
Comoros,COM,Africa,Africa,2000,21.26,1591.28,139.48,3.2
Comoros,COM,Africa,Africa,2001,21.16,1458.02,139.9,6.77
Comoros,COM,Africa,Africa,2002,21.18,1427.58,143.65,15.14
Comoros,COM,Africa,Africa,2003,20.91,1338.19,142.56,17.37
Comoros,COM,Africa,Africa,2004,20.67,1578.07,148.57,15.16
Comoros,COM,Africa,Africa,2005,20.81,1409.45,146.5,20.32
Comoros,COM,Africa,Africa,2006,20.91,1496.9,144.63,23.15
Comoros,COM,Africa,Africa,2007,21.65,1555.09,152.12,25.58
Comoros,COM,Africa,Africa,2008,21.24,1505.71,148.43,32.61
Comoros,COM,Africa,Africa,2009,21.05,1397.43,154.77,34.37
Comoros,COM,Africa,Africa,2010,21.18,1416.92,159.52,45.69
Comoros,COM,Africa,Africa,2011,20.82,1391.56,158.12,39.79
Comoros,COM,Africa,Africa,2012,21.36,1462.58,158.79,44.37
Comoros,COM,Africa,Africa,2013,20.92,1491.09,163.21,47.8
Comoros,COM,Africa,Africa,2014,20.86,1541.46,159,51.33
Comoros,COM,Africa,Africa,2015,21.74,1418.4,165.94,52.42
Comoros,COM,Africa,Africa,2016,20.93,1352.94,167.83,57.94
Comoros,COM,Africa,Africa,2017,21.62,1408.94,171.1,63.26
Comoros,COM,Africa,Africa,2018,21.7,1493.14,167.99,65.23
Comoros,COM,Africa,Africa,2019,21.11,1511.88,172.06,67.5
Comoros,COM,Africa,Africa,2020,21.72,1698.58,177.75,69.41
Comoros,COM,Africa,Africa,2021,21.41,1450.53,173.18,74.51
Comoros,COM,Africa,Africa,2022,21.94,1338.11,173.87,78.77
Comoros,COM,Africa,Africa,2023,21.62,1421.09,178.54,79.02
Comoros,COM,Africa,Africa,2024,21.7,1513.08,181.77,86.38
Comoros,COM,Africa,Africa,2025,21.77,1376.49,185.38,87.28
Cabo Verde,CPV,Africa,Africa,2000,24.67,1871.17,163.13,6.1
Cabo Verde,CPV,Africa,Africa,2001,24.89,1817.92,165.56,8.08
Cabo Verde,CPV,Africa,Africa,2002,24.34,1889.18,174.91,8.15
Cabo Verde,CPV,Africa,Africa,2003,25.63,1618.98,172.97,16
Cabo Verde,CPV,Africa,Africa,2004,25.29,1906.89,171.87,16.92
Cabo Verde,CPV,Africa,Africa,2005,24.81,1905.53,182.41,20.01
Cabo Verde,CPV,Africa,Africa,2006,25.15,1904.35,177.6,22.5
Cabo Verde,CPV,Africa,Africa,2007,25.06,2039.96,180.01,27.25
Cabo Verde,CPV,Africa,Africa,2008,25.53,2028.37,186.12,29.63
Cabo Verde,CPV,Africa,Africa,2009,24.41,1758.53,179.34,36.96
Cabo Verde,CPV,Africa,Africa,2010,25.18,1899.5,183.2,34.52
Cabo Verde,CPV,Africa,Africa,2011,24.98,1960.11,187.78,38.85
Cabo Verde,CPV,Africa,Africa,2012,25.04,1954.71,191.01,42.63
Cabo Verde,CPV,Africa,Africa,2013,25.22,1870.2,192.4,47.02
Cabo Verde,CPV,Africa,Africa,2014,24.86,1873.9,192.09,50.25
Cabo Verde,CPV,Africa,Africa,2015,26.05,1881.79,197.73,51.55
Cabo Verde,CPV,Africa,Africa,2016,25.83,1994.52,197.94,54.8
Cabo Verde,CPV,Africa,Africa,2017,25.55,2024.96,197.76,58.21
Cabo Verde,CPV,Africa,Africa,2018,24.97,1878.44,203.48,65.41
Cabo Verde,CPV,Africa,Africa,2019,25.09,2008.25,207.94,65.37
Cabo Verde,CPV,Africa,Africa,2020,25.28,2046.64,203.91,68.53
Cabo Verde,CPV,Africa,Africa,2021,25.57,2031.61,205.55,70.93
Cabo Verde,CPV,Africa,Africa,2022,25.52,1820.39,207.3,75.9
Cabo Verde,CPV,Africa,Africa,2023,25.85,1942.91,212.54,75.9
Cabo Verde,CPV,Africa,Africa,2024,25.55,2079.5,213.54,79.95
Cabo Verde,CPV,Africa,Africa,2025,25.13,2013.02,217.06,85.21
Costa Rica,CRI,North America,Americas,2000,10.5,854.48,13.47,0.54
Costa Rica,CRI,North America,Americas,2001,10.47,1096.9,13.64,0.98
Costa Rica,CRI,North America,Americas,2002,10.88,1050.9,10.6,4.89
Costa Rica,CRI,North America,Americas,2003,10.81,1153.04,19.42,12.34
Costa Rica,CRI,North America,Americas,2004,10.19,1078.49,14.07,11.32
Costa Rica,CRI,North America,Americas,2005,10.93,1140.99,6.91,21.29
Costa Rica,CRI,North America,Americas,2006,10.67,1027.4,15.46,18.83
Costa Rica,CRI,North America,Americas,2007,10.83,1054.96,8.67,24.48
Costa Rica,CRI,North America,Americas,2008,11.02,828.6,17.52,26.05
Costa Rica,CRI,North America,Americas,2009,10.37,922.86,9.72,31.06
Costa Rica,CRI,North America,Americas,2010,10.72,1117.16,9.46,31.92
Costa Rica,CRI,North America,Americas,2011,10.91,1054.95,19.24,40.49
Costa Rica,CRI,North America,Americas,2012,10.7,1083.64,12.43,40.41
Costa Rica,CRI,North America,Americas,2013,11.48,915.82,15.3,44.68
Costa Rica,CRI,North America,Americas,2014,10.84,1091.25,14.33,47.65
Costa Rica,CRI,North America,Americas,2015,10.39,1082.95,19.73,50.33
Costa Rica,CRI,North America,Americas,2016,10.88,1125.54,18.67,54.5
Costa Rica,CRI,North America,Americas,2017,11.09,990.57,15.49,57.94
Costa Rica,CRI,North America,Americas,2018,10.95,1090.57,13.93,61.54
Costa Rica,CRI,North America,Americas,2019,10.98,1066.48,18.26,58.31
Costa Rica,CRI,North America,Americas,2020,11.23,998.61,15.17,64.88
Costa Rica,CRI,North America,Americas,2021,11.72,1066.5,19.62,66.27
Costa Rica,CRI,North America,Americas,2022,11,1038.41,14.79,74.37
Costa Rica,CRI,North America,Americas,2023,12.22,1087.64,18.78,73.76
Costa Rica,CRI,North America,Americas,2024,11.32,969.04,10.45,83.02
Costa Rica,CRI,North America,Americas,2025,12.14,1034.31,11.18,80.78
Cuba,CUB,North America,Americas,2000,11.9,1273.38,9.74,2.65
Cuba,CUB,North America,Americas,2001,11.47,1093.46,5.3,7.15
Cuba,CUB,North America,Americas,2002,11.72,1218.16,5.6,7.1
Cuba,CUB,North America,Americas,2003,12.35,1350.73,7.36,16.06
Cuba,CUB,North America,Americas,2004,12.19,1177.76,4.16,13.21
Cuba,CUB,North America,Americas,2005,11.97,1204.9,3.53,23.66
Cuba,CUB,North America,Americas,2006,12.23,1319.08,0.82,23.69
Cuba,CUB,North America,Americas,2007,12.57,1009.13,4.94,25.16
Cuba,CUB,North America,Americas,2008,12.59,1310.9,3.29,33.38
Cuba,CUB,North America,Americas,2009,12.5,1323.23,4.83,28.71
Cuba,CUB,North America,Americas,2010,12.41,1218.5,0.58,36.84
Cuba,CUB,North America,Americas,2011,12.18,1227.31,6.64,38.25
Cuba,CUB,North America,Americas,2012,13.04,1300.02,0,41.6
Cuba,CUB,North America,Americas,2013,12.1,1008.55,11.68,44.27
Cuba,CUB,North America,Americas,2014,12.76,1239.22,6.23,49.35
Cuba,CUB,North America,Americas,2015,12.54,1179.54,5.06,48.48
Cuba,CUB,North America,Americas,2016,12.49,1396.29,6.39,54.1
Cuba,CUB,North America,Americas,2017,12.16,1310.52,11.09,58.28
Cuba,CUB,North America,Americas,2018,12.67,1344.47,4.44,62.38
Cuba,CUB,North America,Americas,2019,13.35,1267.32,8.51,65.39
Cuba,CUB,North America,Americas,2020,12.53,1253.75,6.93,66.66
Cuba,CUB,North America,Americas,2021,12.79,1192.69,4.9,72.45
Cuba,CUB,North America,Americas,2022,13.11,1406.58,5.83,73.11
Cuba,CUB,North America,Americas,2023,13.12,1221.59,6.24,79.01
Cuba,CUB,North America,Americas,2024,12.27,1257.36,2.69,77.5
Cuba,CUB,North America,Americas,2025,12.13,1322.94,6.8,83
Curaçao,CUW,North America,Americas,2000,8.23,1409.74,8.44,3.41
Curaçao,CUW,North America,Americas,2001,8.38,1651.6,3.42,6.4
Curaçao,CUW,North America,Americas,2002,7.98,1445.62,7.14,13.5
Curaçao,CUW,North America,Americas,2003,8,1305.1,7.14,16.59
Curaçao,CUW,North America,Americas,2004,8.4,1484.84,1.83,18.37
Curaçao,CUW,North America,Americas,2005,8.64,1509.39,7.73,22.14
Curaçao,CUW,North America,Americas,2006,8.46,1324.42,8.48,25.2
Curaçao,CUW,North America,Americas,2007,8.42,1582.33,2.42,26.77
Curaçao,CUW,North America,Americas,2008,8.94,1427.97,1.9,34.21
Curaçao,CUW,North America,Americas,2009,8.07,1438.32,9.42,35.28
Curaçao,CUW,North America,Americas,2010,8.71,1503.53,1.23,37.06
Curaçao,CUW,North America,Americas,2011,9.14,1395.15,5.5,42.8
Curaçao,CUW,North America,Americas,2012,8.87,1409.06,10.52,42.63
Curaçao,CUW,North America,Americas,2013,8.96,1350.58,5.1,51.8
Curaçao,CUW,North America,Americas,2014,8.51,1555.32,7.43,55.59
Curaçao,CUW,North America,Americas,2015,9.44,1523.53,4.26,54.38
Curaçao,CUW,North America,Americas,2016,9.55,1571.02,8.55,57.97
Curaçao,CUW,North America,Americas,2017,8.88,1522.2,6.74,63.22
Curaçao,CUW,North America,Americas,2018,9.56,1544.66,6.91,64.3
Curaçao,CUW,North America,Americas,2019,9.37,1404.83,8.14,67.64
Curaçao,CUW,North America,Americas,2020,9.71,1551.12,6.16,73.12
Curaçao,CUW,North America,Americas,2021,8.88,1562.45,5.45,72.47
Curaçao,CUW,North America,Americas,2022,9.14,1477.08,5.33,75.52
Curaçao,CUW,North America,Americas,2023,8.46,1408.68,5.05,79.25
Curaçao,CUW,North America,Americas,2024,9.26,1463.66,9.38,84.97
Curaçao,CUW,North America,Americas,2025,8.84,1466.6,6.06,90.88
Cayman Islands,CYM,North America,Americas,2000,24.72,145.84,0.93,9.41
Cayman Islands,CYM,North America,Americas,2001,25.52,160.18,0,8.42
Cayman Islands,CYM,North America,Americas,2002,25.44,207.69,2.51,11.25
Cayman Islands,CYM,North America,Americas,2003,25.3,185.52,2.44,14.25
Cayman Islands,CYM,North America,Americas,2004,25.64,361.6,9.23,16.11
Cayman Islands,CYM,North America,Americas,2005,25.91,273.37,0.18,20.37
Cayman Islands,CYM,North America,Americas,2006,26,323.59,4.93,21.35
Cayman Islands,CYM,North America,Americas,2007,25.64,266.68,0,26.35
Cayman Islands,CYM,North America,Americas,2008,25.47,244.63,2.24,28.97
Cayman Islands,CYM,North America,Americas,2009,25.64,324.22,0,32.64
Cayman Islands,CYM,North America,Americas,2010,25.57,282.08,1.19,37.08
Cayman Islands,CYM,North America,Americas,2011,25.71,337.41,1.34,38.51
Cayman Islands,CYM,North America,Americas,2012,25.52,282.55,2.76,41
Cayman Islands,CYM,North America,Americas,2013,25.72,195.7,2.22,44.6
Cayman Islands,CYM,North America,Americas,2014,25.97,385.4,3.67,48.66
Cayman Islands,CYM,North America,Americas,2015,26.11,231.89,2.45,52.52
Cayman Islands,CYM,North America,Americas,2016,25.79,95.18,2.14,57.73
Cayman Islands,CYM,North America,Americas,2017,25.88,201.86,1.87,55.46
Cayman Islands,CYM,North America,Americas,2018,26.27,441.93,6.74,62.95
Cayman Islands,CYM,North America,Americas,2019,26.05,248.69,9.39,67.52
Cayman Islands,CYM,North America,Americas,2020,25.76,318.28,3.18,70.84
Cayman Islands,CYM,North America,Americas,2021,25.34,203.17,2.04,72.05
Cayman Islands,CYM,North America,Americas,2022,26.29,408.08,0,70.32
Cayman Islands,CYM,North America,Americas,2023,25.61,206.39,0.55,76.69
Cayman Islands,CYM,North America,Americas,2024,25.95,220.1,0,80.71
Cayman Islands,CYM,North America,Americas,2025,26.56,237.05,2.38,87.23
Northern Cyprus,CYN,Asia,Asia,2000,21.39,1552.96,20.22,0
Northern Cyprus,CYN,Asia,Asia,2001,21.78,1449.33,24.66,2.95
Northern Cyprus,CYN,Asia,Asia,2002,21.01,1479.49,22.54,8.73
Northern Cyprus,CYN,Asia,Asia,2003,21.59,1514.79,25.39,11.61
Northern Cyprus,CYN,Asia,Asia,2004,22.23,1507.47,23.6,14.6
Northern Cyprus,CYN,Asia,Asia,2005,21.36,1460.87,23.61,17.75
Northern Cyprus,CYN,Asia,Asia,2006,21.36,1476.42,30.96,21.13
Northern Cyprus,CYN,Asia,Asia,2007,21.66,1431.95,24,24.8
Northern Cyprus,CYN,Asia,Asia,2008,21.8,1410.47,25.03,29.87
Northern Cyprus,CYN,Asia,Asia,2009,21.99,1495.8,28.77,32.41
Northern Cyprus,CYN,Asia,Asia,2010,21.51,1594.01,28.32,27.81
Northern Cyprus,CYN,Asia,Asia,2011,21.15,1506.5,24.51,33.86
Northern Cyprus,CYN,Asia,Asia,2012,21.66,1411.89,17.93,42.02
Northern Cyprus,CYN,Asia,Asia,2013,22.54,1693.68,25.72,44.08
Northern Cyprus,CYN,Asia,Asia,2014,22.1,1479.84,33.57,47.85
Northern Cyprus,CYN,Asia,Asia,2015,21.63,1417.68,26.63,49.06
Northern Cyprus,CYN,Asia,Asia,2016,22.31,1603.49,33.05,51.81
Northern Cyprus,CYN,Asia,Asia,2017,22.37,1543.95,25.86,55.94
Northern Cyprus,CYN,Asia,Asia,2018,21.97,1434.11,31.81,56.7
Northern Cyprus,CYN,Asia,Asia,2019,21.97,1609.74,25.85,60.29
Northern Cyprus,CYN,Asia,Asia,2020,22.38,1527.68,21.72,63.48
Northern Cyprus,CYN,Asia,Asia,2021,22.18,1620.85,29.71,68.25
Northern Cyprus,CYN,Asia,Asia,2022,22.08,1580.78,30.27,72.17
Northern Cyprus,CYN,Asia,Asia,2023,21.91,1573.21,30.43,72.76
Northern Cyprus,CYN,Asia,Asia,2024,22.22,1690.98,32.77,78.01
Northern Cyprus,CYN,Asia,Asia,2025,21.86,1599.57,28.6,76.19
Cyprus,CYP,Asia,Asia,2000,18.45,1299.44,2.42,0
Cyprus,CYP,Asia,Asia,2001,18.33,1132.01,3.95,3.77
Cyprus,CYP,Asia,Asia,2002,18.87,1524.75,3.82,6.26
Cyprus,CYP,Asia,Asia,2003,17.77,1565.86,0,10.93
Cyprus,CYP,Asia,Asia,2004,19.15,1192.87,1.81,12.83
Cyprus,CYP,Asia,Asia,2005,18.31,1455.79,2.32,18.15
Cyprus,CYP,Asia,Asia,2006,18.05,1430.16,0,19.12
Cyprus,CYP,Asia,Asia,2007,18.65,1394.57,1.54,20.81
Cyprus,CYP,Asia,Asia,2008,19.11,1429.29,0,30.5
Cyprus,CYP,Asia,Asia,2009,18.52,1202.14,1.32,29.42
Cyprus,CYP,Asia,Asia,2010,18.97,1411.6,5.11,32.56
Cyprus,CYP,Asia,Asia,2011,19.28,1357.22,0,33.85
Cyprus,CYP,Asia,Asia,2012,18.35,1411.53,0,38.97
Cyprus,CYP,Asia,Asia,2013,18.98,1282.73,1.93,43.49
Cyprus,CYP,Asia,Asia,2014,19.35,1273.72,5.5,47.5
Cyprus,CYP,Asia,Asia,2015,20.11,1468.85,1.81,51.29
Cyprus,CYP,Asia,Asia,2016,19.18,1327.86,0,55.35
Cyprus,CYP,Asia,Asia,2017,19.25,1464.83,7.73,56.2
Cyprus,CYP,Asia,Asia,2018,19.17,1222.16,0,56.22
Cyprus,CYP,Asia,Asia,2019,19.9,1218.19,6.75,62.62
Cyprus,CYP,Asia,Asia,2020,19.07,1323.44,1.55,64.92
Cyprus,CYP,Asia,Asia,2021,18.83,1411.67,3.44,69.39
Cyprus,CYP,Asia,Asia,2022,19,1334.47,0,71.81
Cyprus,CYP,Asia,Asia,2023,18.95,1309.65,2.33,73.08
Cyprus,CYP,Asia,Asia,2024,19.3,1430.34,0,79.13
Cyprus,CYP,Asia,Asia,2025,19.54,1499.4,4.91,75.92
Czechia,CZE,Europe,Europe,2000,12.2,1183.15,20.44,0.19
Czechia,CZE,Europe,Europe,2001,13.31,1188.01,20.22,4.7
Czechia,CZE,Europe,Europe,2002,12.95,1097.12,21.95,7.66
Czechia,CZE,Europe,Europe,2003,13.26,1152.16,21.95,13.23
Czechia,CZE,Europe,Europe,2004,12.55,1129.64,17.36,16.18
Czechia,CZE,Europe,Europe,2005,12.84,1108.86,22.68,16.98
Czechia,CZE,Europe,Europe,2006,12.57,1086.65,20.92,18.27
Czechia,CZE,Europe,Europe,2007,13.16,1276.35,26.14,22.6
Czechia,CZE,Europe,Europe,2008,12.79,1054.83,24.22,25.82
Czechia,CZE,Europe,Europe,2009,13.42,1144.43,18.66,33.2
Czechia,CZE,Europe,Europe,2010,12.96,1181.54,25.93,32.02
Czechia,CZE,Europe,Europe,2011,13.08,1092.39,25.45,35.73
Czechia,CZE,Europe,Europe,2012,12.9,1295.29,25.72,41.11
Czechia,CZE,Europe,Europe,2013,13.28,1210,26.14,45.34
Czechia,CZE,Europe,Europe,2014,13.58,1056.3,28.8,46.92
Czechia,CZE,Europe,Europe,2015,12.68,1241.68,23,50.85
Czechia,CZE,Europe,Europe,2016,12.67,1188.92,29.23,49.48
Czechia,CZE,Europe,Europe,2017,12.89,1066.53,25.21,54.32
Czechia,CZE,Europe,Europe,2018,13.01,1076.21,24.45,61.92
Czechia,CZE,Europe,Europe,2019,13.54,1127.5,23.89,60.23
Czechia,CZE,Europe,Europe,2020,13.26,1257.7,24.4,69.61
Czechia,CZE,Europe,Europe,2021,13.75,1036.98,20.93,71.69
Czechia,CZE,Europe,Europe,2022,13.51,1348.4,24.88,72.65
Czechia,CZE,Europe,Europe,2023,13.67,1116.98,26.09,76.89
Czechia,CZE,Europe,Europe,2024,12.96,1058.76,27.22,79.04
Czechia,CZE,Europe,Europe,2025,13.24,1123.22,28.03,81.43
Germany,DEU,Europe,Europe,2000,13.26,392.16,34.53,7.06
Germany,DEU,Europe,Europe,2001,13.14,489.26,25.89,9.55
Germany,DEU,Europe,Europe,2002,13.12,443.4,31.97,10.34
Germany,DEU,Europe,Europe,2003,12.39,192.44,28.03,12.06
Germany,DEU,Europe,Europe,2004,13.54,391.91,26.08,22.13
Germany,DEU,Europe,Europe,2005,13.92,381.5,30.98,29.36
Germany,DEU,Europe,Europe,2006,13.87,382.42,25.76,25.22
Germany,DEU,Europe,Europe,2007,13.84,328.71,26.05,28.57
Germany,DEU,Europe,Europe,2008,12.53,304.17,22.77,31.71
Germany,DEU,Europe,Europe,2009,12.97,367.06,26.74,34.12
Germany,DEU,Europe,Europe,2010,13.64,371.33,25.99,35.63
Germany,DEU,Europe,Europe,2011,13.31,486.09,32.71,43.27
Germany,DEU,Europe,Europe,2012,14.11,394.57,30.28,45.29
Germany,DEU,Europe,Europe,2013,13.19,314.69,30.73,46.14
Germany,DEU,Europe,Europe,2014,13.45,393.38,27.99,50.25
Germany,DEU,Europe,Europe,2015,14.44,434.48,25.14,52.66
Germany,DEU,Europe,Europe,2016,13.75,551.74,34.59,54.8
Germany,DEU,Europe,Europe,2017,14.23,536.22,32.45,58.61
Germany,DEU,Europe,Europe,2018,13.81,495.55,29.19,65.2
Germany,DEU,Europe,Europe,2019,13.45,452.42,40.47,68.13
Germany,DEU,Europe,Europe,2020,13.56,406.83,33.22,73.42
Germany,DEU,Europe,Europe,2021,14.37,545.11,31.84,77.93
Germany,DEU,Europe,Europe,2022,13.87,528.89,34.04,80.12
Germany,DEU,Europe,Europe,2023,14.34,350.45,33.18,80.81
Germany,DEU,Europe,Europe,2024,14.24,457.97,33.82,82.39
Germany,DEU,Europe,Europe,2025,14.51,384.98,35.43,91.26
Djibouti,DJI,Africa,Africa,2000,21.82,210.74,93.89,0
Djibouti,DJI,Africa,Africa,2001,21.68,217.03,93.23,6.83
Djibouti,DJI,Africa,Africa,2002,21.24,192.65,98.89,10.48
Djibouti,DJI,Africa,Africa,2003,21.28,448.12,96.45,10.29
Djibouti,DJI,Africa,Africa,2004,20.55,213.45,97.66,14.1
Djibouti,DJI,Africa,Africa,2005,21.32,323.52,102.9,14.72
Djibouti,DJI,Africa,Africa,2006,21.61,456.84,99.11,20.05
Djibouti,DJI,Africa,Africa,2007,21.89,316.83,105.46,27.71
Djibouti,DJI,Africa,Africa,2008,21.65,260.55,103.71,25.65
Djibouti,DJI,Africa,Africa,2009,22.07,424.85,98.65,32.83
Djibouti,DJI,Africa,Africa,2010,21.35,345.45,109.16,31.46
Djibouti,DJI,Africa,Africa,2011,22.49,164.97,107.72,36.23
Djibouti,DJI,Africa,Africa,2012,21.67,356.37,103.32,41.24
Djibouti,DJI,Africa,Africa,2013,21.9,109.95,103.07,41.92
Djibouti,DJI,Africa,Africa,2014,21.47,346.02,109.09,44.69
Djibouti,DJI,Africa,Africa,2015,22.46,437.94,113.65,48.23
Djibouti,DJI,Africa,Africa,2016,22.02,310.56,111.96,50.31
Djibouti,DJI,Africa,Africa,2017,21.42,244.97,115.98,55.38
Djibouti,DJI,Africa,Africa,2018,22.5,398.7,116.17,59.64
Djibouti,DJI,Africa,Africa,2019,22.28,473.88,114.66,60.31
Djibouti,DJI,Africa,Africa,2020,22.12,363.43,123.15,60.51
Djibouti,DJI,Africa,Africa,2021,22.78,501.68,120.66,68.54
Djibouti,DJI,Africa,Africa,2022,22.09,302.78,124.55,73.55
Djibouti,DJI,Africa,Africa,2023,22.68,340.67,117.02,77.01
Djibouti,DJI,Africa,Africa,2024,22.64,279.47,123.25,78.38
Djibouti,DJI,Africa,Africa,2025,22.92,346.94,125.43,77.87
Dominica,DMA,North America,Americas,2000,15.28,773.7,23.03,0.4
Dominica,DMA,North America,Americas,2001,14.85,655.42,23.75,6.71
Dominica,DMA,North America,Americas,2002,14.94,766.69,29.18,8.94
Dominica,DMA,North America,Americas,2003,14.52,686.64,29.63,11.39
Dominica,DMA,North America,Americas,2004,14.85,523.25,26.78,13.2
Dominica,DMA,North America,Americas,2005,15.03,701.49,31.23,15.07
Dominica,DMA,North America,Americas,2006,15.22,828.99,29.08,21.24
Dominica,DMA,North America,Americas,2007,14.87,617.48,31.75,24.72
Dominica,DMA,North America,Americas,2008,15.37,715.61,25.86,25.83
Dominica,DMA,North America,Americas,2009,15.09,830.36,31.34,29.24
Dominica,DMA,North America,Americas,2010,15.41,706.02,31.7,34.88
Dominica,DMA,North America,Americas,2011,15.07,762.31,27.86,40.11
Dominica,DMA,North America,Americas,2012,15.71,670.69,23.06,38
Dominica,DMA,North America,Americas,2013,15,840.27,23.55,41.11
Dominica,DMA,North America,Americas,2014,15.31,598.98,29.14,45.59
Dominica,DMA,North America,Americas,2015,15.2,674.05,30.44,48.17
Dominica,DMA,North America,Americas,2016,15.34,624.99,32,52.24
Dominica,DMA,North America,Americas,2017,15.67,698.71,39.24,54.5
Dominica,DMA,North America,Americas,2018,15.94,772.3,35.3,56.55
Dominica,DMA,North America,Americas,2019,16.38,656.26,29.69,63.11
Dominica,DMA,North America,Americas,2020,15.43,841.22,33.01,65.34
Dominica,DMA,North America,Americas,2021,15.5,781.39,26.85,68.7
Dominica,DMA,North America,Americas,2022,15.48,802.06,34.12,74.54
Dominica,DMA,North America,Americas,2023,15.51,826.31,34.01,75.38
Dominica,DMA,North America,Americas,2024,15.57,775.24,35.44,76.66
Dominica,DMA,North America,Americas,2025,15.79,622.28,32.75,82.62
Denmark,DNK,Europe,Europe,2000,6.66,1167.45,110.61,0
Denmark,DNK,Europe,Europe,2001,6.03,1086.27,103.82,5.36
Denmark,DNK,Europe,Europe,2002,5.58,1183.5,107.08,7.68
Denmark,DNK,Europe,Europe,2003,5.9,1174.55,111.3,11.31
Denmark,DNK,Europe,Europe,2004,6.26,1014.13,101.84,15.71
Denmark,DNK,Europe,Europe,2005,6.27,1165.45,111.34,17.72
Denmark,DNK,Europe,Europe,2006,5.88,1113.58,109.5,24.86
Denmark,DNK,Europe,Europe,2007,5.88,1037.1,115.27,27.62
Denmark,DNK,Europe,Europe,2008,6.73,1116.97,122.06,27.07
Denmark,DNK,Europe,Europe,2009,6.74,981.11,118.06,33.41
Denmark,DNK,Europe,Europe,2010,6.59,1097.9,118.58,32.9
Denmark,DNK,Europe,Europe,2011,6.85,1019.48,122.4,36.85
Denmark,DNK,Europe,Europe,2012,6.16,1116.89,120.54,40.67
Denmark,DNK,Europe,Europe,2013,6.77,1135.38,123.23,40.54
Denmark,DNK,Europe,Europe,2014,6.76,1089.23,121.09,44.3
Denmark,DNK,Europe,Europe,2015,6.23,1180.64,125.77,49.63
Denmark,DNK,Europe,Europe,2016,6.48,1185.06,130.14,51.72
Denmark,DNK,Europe,Europe,2017,6.8,1111.19,131.34,58.37
Denmark,DNK,Europe,Europe,2018,7.16,1122.82,126.73,61.01
Denmark,DNK,Europe,Europe,2019,6.95,1170.52,128.36,60.08
Denmark,DNK,Europe,Europe,2020,6.76,1147.09,137.14,67.26
Denmark,DNK,Europe,Europe,2021,7.09,1138.65,132.43,72.14
Denmark,DNK,Europe,Europe,2022,6.77,1164.43,131.49,71.65
Denmark,DNK,Europe,Europe,2023,6.39,1212.26,136.54,72.97
Denmark,DNK,Europe,Europe,2024,6.57,1132.81,140.84,81.06
Denmark,DNK,Europe,Europe,2025,6.82,1164.2,138.16,81.58
Dominican Republic,DOM,North America,Americas,2000,4.72,944.79,11.47,0
Dominican Republic,DOM,North America,Americas,2001,4.95,933.26,16.91,1.02
Dominican Republic,DOM,North America,Americas,2002,5.43,844.61,16.27,8.35
Dominican Republic,DOM,North America,Americas,2003,5.24,948.51,9.88,14.51
Dominican Republic,DOM,North America,Americas,2004,5.64,889.86,17.35,15.13
Dominican Republic,DOM,North America,Americas,2005,4.91,1020.97,13.03,17.3
Dominican Republic,DOM,North America,Americas,2006,5.59,949.73,13.61,26.11
Dominican Republic,DOM,North America,Americas,2007,5.66,961.55,6.53,24.68
Dominican Republic,DOM,North America,Americas,2008,5.75,890.31,19.9,25.66
Dominican Republic,DOM,North America,Americas,2009,4.71,976.75,16.83,32.48
Dominican Republic,DOM,North America,Americas,2010,5.61,1109.3,13.59,34.01
Dominican Republic,DOM,North America,Americas,2011,5.84,903.02,12.42,33.15
Dominican Republic,DOM,North America,Americas,2012,5.66,915.98,15.93,37.85
Dominican Republic,DOM,North America,Americas,2013,5.18,1016.42,16.95,46.28
Dominican Republic,DOM,North America,Americas,2014,5.79,806.12,12.77,46.97
Dominican Republic,DOM,North America,Americas,2015,5.68,994.57,17.95,47.64
Dominican Republic,DOM,North America,Americas,2016,5.66,977.32,11.79,54.33
Dominican Republic,DOM,North America,Americas,2017,5.45,974.87,14.87,54.77
Dominican Republic,DOM,North America,Americas,2018,5.85,763.57,15.31,60.91
Dominican Republic,DOM,North America,Americas,2019,6.18,1037.15,12.86,63.55
Dominican Republic,DOM,North America,Americas,2020,6.58,862.73,18.86,66.53
Dominican Republic,DOM,North America,Americas,2021,5.26,987.23,15.12,68.1
Dominican Republic,DOM,North America,Americas,2022,5.54,976.27,15.78,71.44
Dominican Republic,DOM,North America,Americas,2023,6.13,933.85,18.04,74.92
Dominican Republic,DOM,North America,Americas,2024,5.69,985.25,12.28,81.36
Dominican Republic,DOM,North America,Americas,2025,6.1,1022.73,14.76,82.88
Algeria,DZA,Africa,Africa,2000,23.62,265.27,6.14,4.55
Algeria,DZA,Africa,Africa,2001,23.42,185.66,0.11,5.57
Algeria,DZA,Africa,Africa,2002,24.01,107.58,6.09,7.38
Algeria,DZA,Africa,Africa,2003,23.45,327.67,0,9.64
Algeria,DZA,Africa,Africa,2004,23.64,156.64,2.97,15.52
Algeria,DZA,Africa,Africa,2005,23.8,147.75,0.14,16.43
Algeria,DZA,Africa,Africa,2006,24.09,172.78,2.04,17.87
Algeria,DZA,Africa,Africa,2007,24.08,338.92,2.86,22.23
Algeria,DZA,Africa,Africa,2008,24.67,239.82,0,24.46
Algeria,DZA,Africa,Africa,2009,24,140.05,2.32,30.78
Algeria,DZA,Africa,Africa,2010,24.29,239.72,4.6,32.08
Algeria,DZA,Africa,Africa,2011,23.99,347.83,2.95,36.29
Algeria,DZA,Africa,Africa,2012,23.9,207.28,2.75,37.79
Algeria,DZA,Africa,Africa,2013,23.79,268.8,5.32,40.62
Algeria,DZA,Africa,Africa,2014,24.51,256.45,5.86,45.54
Algeria,DZA,Africa,Africa,2015,24.66,335.59,4.91,43.7
Algeria,DZA,Africa,Africa,2016,24.32,231.49,5.12,49.39
Algeria,DZA,Africa,Africa,2017,24.48,337.51,0,53.17
Algeria,DZA,Africa,Africa,2018,23.95,143.92,3.22,56.67
Algeria,DZA,Africa,Africa,2019,24.02,355.64,8.71,62.06
Algeria,DZA,Africa,Africa,2020,24.44,361.1,3.63,66.02
Algeria,DZA,Africa,Africa,2021,24.43,196.63,1.24,70.69
Algeria,DZA,Africa,Africa,2022,24.72,268.62,0.24,68.19
Algeria,DZA,Africa,Africa,2023,24.52,246.55,3.56,75.93
Algeria,DZA,Africa,Africa,2024,24.24,142.84,5.55,77.64
Algeria,DZA,Africa,Africa,2025,24.36,320.22,4.3,84.17
Ecuador,ECU,South America,Americas,2000,17.1,572.74,49.78,10.18
Ecuador,ECU,South America,Americas,2001,17.16,295.43,46.51,8.42
Ecuador,ECU,South America,Americas,2002,17.59,207.13,44.84,12.22
Ecuador,ECU,South America,Americas,2003,17.28,593.26,44.77,11.48
Ecuador,ECU,South America,Americas,2004,17.67,529.42,48.12,17.58
Ecuador,ECU,South America,Americas,2005,17.95,434.25,48.78,21.8
Ecuador,ECU,South America,Americas,2006,17.56,374.02,53.76,27.9
Ecuador,ECU,South America,Americas,2007,17.74,553.33,51.79,28.11
Ecuador,ECU,South America,Americas,2008,17.58,437.7,51.51,30.29
Ecuador,ECU,South America,Americas,2009,17.67,391.59,48.6,36.58
Ecuador,ECU,South America,Americas,2010,17.62,615.19,50.18,38.06
Ecuador,ECU,South America,Americas,2011,17.85,310.5,50.38,44.5
Ecuador,ECU,South America,Americas,2012,16.94,406.75,48.01,45.4
Ecuador,ECU,South America,Americas,2013,18.37,609.83,52.71,47.78
Ecuador,ECU,South America,Americas,2014,17.79,273.44,51.67,51.48
Ecuador,ECU,South America,Americas,2015,18.53,555.55,56.06,53.41
Ecuador,ECU,South America,Americas,2016,17.8,384.23,57.01,59.55
Ecuador,ECU,South America,Americas,2017,17.35,564.71,47.73,64.71
Ecuador,ECU,South America,Americas,2018,17.78,435.04,55.77,63.32
Ecuador,ECU,South America,Americas,2019,17.92,457.69,59.17,66.78
Ecuador,ECU,South America,Americas,2020,17.36,630.75,61.1,70.05
Ecuador,ECU,South America,Americas,2021,17.99,472.04,59.92,73.24
Ecuador,ECU,South America,Americas,2022,18.15,511.3,54.68,78.82
Ecuador,ECU,South America,Americas,2023,18.07,508.91,59.47,78.51
Ecuador,ECU,South America,Americas,2024,18.36,488.82,61.53,82.77
Ecuador,ECU,South America,Americas,2025,18.22,342.08,53.63,86.41
Egypt,EGY,Africa,Africa,2000,19.62,459.1,103.34,1.65
Egypt,EGY,Africa,Africa,2001,20.36,593.78,105.73,5.06
Egypt,EGY,Africa,Africa,2002,20.53,493.07,108.16,9.78
Egypt,EGY,Africa,Africa,2003,19.99,507.68,108.73,12.94
Egypt,EGY,Africa,Africa,2004,19.47,583.16,115.85,16.71
Egypt,EGY,Africa,Africa,2005,20.37,617.61,107.68,12.29
Egypt,EGY,Africa,Africa,2006,20.27,533.08,113.98,19.67
Egypt,EGY,Africa,Africa,2007,20.24,466.59,114.34,21.92
Egypt,EGY,Africa,Africa,2008,20.58,474.4,111.35,26.92
Egypt,EGY,Africa,Africa,2009,20.29,487.21,116.89,32.11
Egypt,EGY,Africa,Africa,2010,19.69,485.73,120.67,34.61
Egypt,EGY,Africa,Africa,2011,19.96,617.7,122.48,38.07
Egypt,EGY,Africa,Africa,2012,20.49,532.14,123.83,41.09
Egypt,EGY,Africa,Africa,2013,20.14,512.8,121.4,42.95
Egypt,EGY,Africa,Africa,2014,20.6,607.17,123.65,46.79
Egypt,EGY,Africa,Africa,2015,21.23,468.25,125.87,45.34
Egypt,EGY,Africa,Africa,2016,20.6,365.87,129.53,50.56
Egypt,EGY,Africa,Africa,2017,20.36,643.08,132.22,56.79
Egypt,EGY,Africa,Africa,2018,21.65,490.92,130.6,61.19
Egypt,EGY,Africa,Africa,2019,20.82,522.16,130.5,65.29
Egypt,EGY,Africa,Africa,2020,20.45,590.55,131.81,65.1
Egypt,EGY,Africa,Africa,2021,20.34,527.96,133.29,66.82
Egypt,EGY,Africa,Africa,2022,20.49,312.09,137.26,73.29
Egypt,EGY,Africa,Africa,2023,20.9,479.17,139.52,76.4
Egypt,EGY,Africa,Africa,2024,21.4,513.99,138.18,75.39
Egypt,EGY,Africa,Africa,2025,20.95,442.69,142.57,84.64
Eritrea,ERI,Africa,Africa,2000,22.46,1474,0,2.62
Eritrea,ERI,Africa,Africa,2001,23.16,1306.64,0,3.52
Eritrea,ERI,Africa,Africa,2002,22.74,1434.95,0,12.14
Eritrea,ERI,Africa,Africa,2003,22.74,1506.23,3.7,13.04
Eritrea,ERI,Africa,Africa,2004,23.42,1309.35,0.12,12.22
Eritrea,ERI,Africa,Africa,2005,23.82,1485.19,0,17
Eritrea,ERI,Africa,Africa,2006,23.79,1431.69,0,25.95
Eritrea,ERI,Africa,Africa,2007,24.11,1399.58,0,24.29
Eritrea,ERI,Africa,Africa,2008,24.12,1621.65,2.96,26.33
Eritrea,ERI,Africa,Africa,2009,23.83,1461.13,2.06,29.57
Eritrea,ERI,Africa,Africa,2010,23.34,1479.85,2.59,31.25
Eritrea,ERI,Africa,Africa,2011,23.48,1549.48,0,39
Eritrea,ERI,Africa,Africa,2012,24,1545.28,0,45.08
Eritrea,ERI,Africa,Africa,2013,23.56,1470.91,0,49.44
Eritrea,ERI,Africa,Africa,2014,24.1,1402.58,0,48.15
Eritrea,ERI,Africa,Africa,2015,23.61,1397.08,3,54.43
Eritrea,ERI,Africa,Africa,2016,23.99,1514.32,1.77,52.63
Eritrea,ERI,Africa,Africa,2017,24.18,1578.59,2.21,63.04
Eritrea,ERI,Africa,Africa,2018,23.32,1375.48,0.98,55.98
Eritrea,ERI,Africa,Africa,2019,23.68,1528.22,1.13,62.56
Eritrea,ERI,Africa,Africa,2020,23.96,1506.54,3.53,69.21
Eritrea,ERI,Africa,Africa,2021,23.81,1553.22,1.23,71.56
Eritrea,ERI,Africa,Africa,2022,24.02,1618.72,0,73.77
Eritrea,ERI,Africa,Africa,2023,23.99,1512.93,0.97,76.92
Eritrea,ERI,Africa,Africa,2024,24.01,1379.2,1.42,80.19
Eritrea,ERI,Africa,Africa,2025,24.99,1465.23,0,81.05
Spain,ESP,Europe,Europe,2000,6.78,1503.66,11.03,2.84
Spain,ESP,Europe,Europe,2001,6.39,1492.92,19.35,6.4
Spain,ESP,Europe,Europe,2002,6.1,1189.59,18.19,10.58
Spain,ESP,Europe,Europe,2003,6.08,1380.07,13.85,14.04
Spain,ESP,Europe,Europe,2004,6.51,1310.78,13.47,18.66
Spain,ESP,Europe,Europe,2005,5.63,1389.79,17.81,17.88
Spain,ESP,Europe,Europe,2006,6.94,1361.9,14.87,24.75
Spain,ESP,Europe,Europe,2007,6.27,1381.31,11.96,23.77
Spain,ESP,Europe,Europe,2008,7.04,1315.09,16.69,31.48
Spain,ESP,Europe,Europe,2009,6.46,1282.42,20.46,30.52
Spain,ESP,Europe,Europe,2010,6.65,1382.78,19.24,35.86
Spain,ESP,Europe,Europe,2011,6.29,1257.36,19.99,42.14
Spain,ESP,Europe,Europe,2012,6.41,1485.5,17.98,40.54
Spain,ESP,Europe,Europe,2013,6.28,1371.34,13.13,45.07
Spain,ESP,Europe,Europe,2014,6.29,1281.3,23.6,52.51
Spain,ESP,Europe,Europe,2015,7.68,1314.02,16.33,52.25
Spain,ESP,Europe,Europe,2016,7.26,1403.51,17.87,55.86
Spain,ESP,Europe,Europe,2017,6.47,1310.99,15.95,61.39
Spain,ESP,Europe,Europe,2018,7.03,1405.69,17.34,61.84
Spain,ESP,Europe,Europe,2019,7.07,1318.98,22.63,65.47
Spain,ESP,Europe,Europe,2020,6.53,1345.71,24.23,66.67
Spain,ESP,Europe,Europe,2021,6.76,1208.83,24.23,73.06
Spain,ESP,Europe,Europe,2022,6.47,1614.83,18.6,74.67
Spain,ESP,Europe,Europe,2023,6.71,1499.3,18.06,81.67
Spain,ESP,Europe,Europe,2024,6.72,1343.59,22.95,78.35
Spain,ESP,Europe,Europe,2025,7.34,1345.34,15.58,85.06
Estonia,EST,Europe,Europe,2000,17.85,856.04,0,3.66
Estonia,EST,Europe,Europe,2001,17.75,825.8,5.84,2.76
Estonia,EST,Europe,Europe,2002,17.62,1094.33,1.27,6.66
Estonia,EST,Europe,Europe,2003,17.51,1117.88,7.67,14.34
Estonia,EST,Europe,Europe,2004,18.01,864.71,7.53,15.57
Estonia,EST,Europe,Europe,2005,17.5,871.45,5.83,17.3
Estonia,EST,Europe,Europe,2006,18.28,1149.06,5.79,18.8
Estonia,EST,Europe,Europe,2007,17.42,915.85,2.47,20.56
Estonia,EST,Europe,Europe,2008,17.72,997.92,1.21,29.11
Estonia,EST,Europe,Europe,2009,17.92,1029.81,0,29.75
Estonia,EST,Europe,Europe,2010,17.44,906.38,2.24,29.67
Estonia,EST,Europe,Europe,2011,17.92,1182.46,1.44,38.94
Estonia,EST,Europe,Europe,2012,17.9,1002.86,3.03,38.82
Estonia,EST,Europe,Europe,2013,17.69,815.29,2.34,41.81
Estonia,EST,Europe,Europe,2014,17.71,1029.4,2.95,49.65
Estonia,EST,Europe,Europe,2015,17.45,1109.88,1.91,51.87
Estonia,EST,Europe,Europe,2016,18.01,1078.02,4.21,55.65
Estonia,EST,Europe,Europe,2017,17.9,988.19,2.54,54.74
Estonia,EST,Europe,Europe,2018,18.52,936.24,6.89,54.93
Estonia,EST,Europe,Europe,2019,18.04,942.18,7.46,63.2
Estonia,EST,Europe,Europe,2020,18.21,926.07,0,64.96
Estonia,EST,Europe,Europe,2021,18.62,1127.25,2.45,68.95
Estonia,EST,Europe,Europe,2022,18.41,996.52,5.56,71.73
Estonia,EST,Europe,Europe,2023,18.72,1039.05,2.27,77.06
Estonia,EST,Europe,Europe,2024,18.23,1015.95,7.68,77.76
Estonia,EST,Europe,Europe,2025,18.95,921.91,0.53,83.25
Ethiopia,ETH,Africa,Africa,2000,16.73,745.48,6.29,6.41
Ethiopia,ETH,Africa,Africa,2001,16.76,716.9,9.38,9.05
Ethiopia,ETH,Africa,Africa,2002,16.97,638.13,1.36,11.63
Ethiopia,ETH,Africa,Africa,2003,17.42,707.64,6.81,16.8
Ethiopia,ETH,Africa,Africa,2004,17.44,544.63,10.1,15.26
Ethiopia,ETH,Africa,Africa,2005,17.8,736.2,4.12,19.5
Ethiopia,ETH,Africa,Africa,2006,17.54,696.5,2.07,24.4
Ethiopia,ETH,Africa,Africa,2007,17.32,652,5.03,24.55
Ethiopia,ETH,Africa,Africa,2008,17.48,626.24,4.29,27
Ethiopia,ETH,Africa,Africa,2009,17.51,718.64,7.11,30.96
Ethiopia,ETH,Africa,Africa,2010,16.98,823.68,9.63,37.59
Ethiopia,ETH,Africa,Africa,2011,17.63,559.4,5.83,41.62
Ethiopia,ETH,Africa,Africa,2012,17.56,629.22,3.23,41.91
Ethiopia,ETH,Africa,Africa,2013,17.57,503.98,7.66,47.18
Ethiopia,ETH,Africa,Africa,2014,17.73,590.68,5.1,47.57
Ethiopia,ETH,Africa,Africa,2015,17.55,674.39,7.01,50.09
Ethiopia,ETH,Africa,Africa,2016,17.26,643.21,7.25,55.57
Ethiopia,ETH,Africa,Africa,2017,18.31,684.34,11.05,59.4
Ethiopia,ETH,Africa,Africa,2018,17.55,832.3,7.68,64.67
Ethiopia,ETH,Africa,Africa,2019,17.62,694.95,13.66,64.6
Ethiopia,ETH,Africa,Africa,2020,17.68,817.19,3.99,68.3
Ethiopia,ETH,Africa,Africa,2021,17.59,648.21,7.65,72.27
Ethiopia,ETH,Africa,Africa,2022,17.86,726.52,4.89,75.67
Ethiopia,ETH,Africa,Africa,2023,18.2,871.88,2.83,76.59
Ethiopia,ETH,Africa,Africa,2024,18.13,642.84,10.17,84.26
Ethiopia,ETH,Africa,Africa,2025,17.77,746.14,11.85,81.68
Finland,FIN,Europe,Europe,2000,15.6,664.97,10.82,5.87
Finland,FIN,Europe,Europe,2001,14.85,692.84,2.17,5.55
Finland,FIN,Europe,Europe,2002,15.58,657.33,10.5,13.53
Finland,FIN,Europe,Europe,2003,15.65,824.51,2.5,13.89
Finland,FIN,Europe,Europe,2004,16.16,826.38,1.04,21.7
Finland,FIN,Europe,Europe,2005,16.06,895.92,8.33,22.5
Finland,FIN,Europe,Europe,2006,15.72,795.25,2.61,20.49
Finland,FIN,Europe,Europe,2007,15.57,806.75,4.05,28.5
Finland,FIN,Europe,Europe,2008,16.24,895.98,7.09,29.28
Finland,FIN,Europe,Europe,2009,15.98,747.2,7.07,31.82
Finland,FIN,Europe,Europe,2010,15.37,810.33,5.84,37.37
Finland,FIN,Europe,Europe,2011,15.79,640.43,3.09,39.89
Finland,FIN,Europe,Europe,2012,16.38,808.67,8.25,38.29
Finland,FIN,Europe,Europe,2013,15.68,790.72,4.14,45.58
Finland,FIN,Europe,Europe,2014,15.23,587,8.76,48.92
Finland,FIN,Europe,Europe,2015,16.05,774.54,3,51.84
Finland,FIN,Europe,Europe,2016,15.82,804.48,6.78,55.97
Finland,FIN,Europe,Europe,2017,16.77,709.01,5.58,57.42
Finland,FIN,Europe,Europe,2018,16.4,780.19,4.19,65.72
Finland,FIN,Europe,Europe,2019,16.15,795.54,6.59,65.19
Finland,FIN,Europe,Europe,2020,15.69,690.76,9.29,67.99
Finland,FIN,Europe,Europe,2021,16.36,801.5,9.42,70.38
Finland,FIN,Europe,Europe,2022,16.23,649.27,5.94,76.52
Finland,FIN,Europe,Europe,2023,16.83,833.05,7.15,81.25
Finland,FIN,Europe,Europe,2024,17.09,870.57,3.77,80.48
Finland,FIN,Europe,Europe,2025,16.49,766.69,9.81,82.09
Fiji,FJI,Oceania,Oceania,2000,24.54,1352.85,13.19,11.43
Fiji,FJI,Oceania,Oceania,2001,25.01,1302.42,14.36,7.79
Fiji,FJI,Oceania,Oceania,2002,24.47,1321.19,12.35,14.39
Fiji,FJI,Oceania,Oceania,2003,25.3,1344.06,16.97,16.39
Fiji,FJI,Oceania,Oceania,2004,24.32,1353.83,11.56,23.32
Fiji,FJI,Oceania,Oceania,2005,25.11,1158.53,14.95,24.57
Fiji,FJI,Oceania,Oceania,2006,24.53,1207.52,16.94,27.7
Fiji,FJI,Oceania,Oceania,2007,24.94,1330.57,10.16,30.31
Fiji,FJI,Oceania,Oceania,2008,24.93,1397.31,15.41,30.44
Fiji,FJI,Oceania,Oceania,2009,25.41,1344.74,10.43,40.37
Fiji,FJI,Oceania,Oceania,2010,25.57,1510.93,16.19,36.74
Fiji,FJI,Oceania,Oceania,2011,25.32,1456.36,14.41,41.47
Fiji,FJI,Oceania,Oceania,2012,25.04,1435.93,22.86,43.88
Fiji,FJI,Oceania,Oceania,2013,25.09,1378.86,17.77,49.23
Fiji,FJI,Oceania,Oceania,2014,24.94,1451.22,19.72,53.99
Fiji,FJI,Oceania,Oceania,2015,25.05,1356.85,14.46,52.77
Fiji,FJI,Oceania,Oceania,2016,24.89,1337.71,12.99,56.94
Fiji,FJI,Oceania,Oceania,2017,24.79,1386.03,17.99,63.63
Fiji,FJI,Oceania,Oceania,2018,25.06,1375.29,16.57,67.48
Fiji,FJI,Oceania,Oceania,2019,25.91,1333.72,21.06,70.53
Fiji,FJI,Oceania,Oceania,2020,24.95,1438.94,21.14,70.79
Fiji,FJI,Oceania,Oceania,2021,25.2,1249.94,15.51,77.51
Fiji,FJI,Oceania,Oceania,2022,25.36,1389.16,19.37,78.46
Fiji,FJI,Oceania,Oceania,2023,25.02,1503.75,19.66,83.33
Fiji,FJI,Oceania,Oceania,2024,25.67,1311.35,17.81,84.98
Fiji,FJI,Oceania,Oceania,2025,25.55,1332.31,14.78,86.81
Falkland Islands,FLK,South America,Americas,2000,23.09,2027.9,8.33,10.75
Falkland Islands,FLK,South America,Americas,2001,22.68,2193.41,15.53,11.99
Falkland Islands,FLK,South America,Americas,2002,23.7,2001.17,11.49,12.36
Falkland Islands,FLK,South America,Americas,2003,22.93,2042.45,6.3,17.63
Falkland Islands,FLK,South America,Americas,2004,23.45,2112.04,8.7,22.96
Falkland Islands,FLK,South America,Americas,2005,23.3,2021.36,13.52,23.64
Falkland Islands,FLK,South America,Americas,2006,24.02,2215.05,12.1,29.81
Falkland Islands,FLK,South America,Americas,2007,23.28,2126.31,12.65,31.75
Falkland Islands,FLK,South America,Americas,2008,23.94,2160.88,12.41,33.11
Falkland Islands,FLK,South America,Americas,2009,23.9,2128.19,11.33,38.34
Falkland Islands,FLK,South America,Americas,2010,23.43,2092.21,12.42,37.55
Falkland Islands,FLK,South America,Americas,2011,24.16,1956.27,13.69,45.89
Falkland Islands,FLK,South America,Americas,2012,23.63,2125.99,7.25,47.03
Falkland Islands,FLK,South America,Americas,2013,23.24,2166.74,7.85,51.36
Falkland Islands,FLK,South America,Americas,2014,23.48,2010.84,11,52.22
Falkland Islands,FLK,South America,Americas,2015,24.19,2121.57,9.86,53.29
Falkland Islands,FLK,South America,Americas,2016,23.54,2128.56,16.59,57.75
Falkland Islands,FLK,South America,Americas,2017,23.63,2055.48,10.73,60.54
Falkland Islands,FLK,South America,Americas,2018,24.21,2134.45,10.33,60.9
Falkland Islands,FLK,South America,Americas,2019,23.87,1925.36,13.48,70.82
Falkland Islands,FLK,South America,Americas,2020,23.6,2131.7,4.71,67
Falkland Islands,FLK,South America,Americas,2021,24,2041.81,10.85,72.16
Falkland Islands,FLK,South America,Americas,2022,23.59,2177.62,2.96,76.94
Falkland Islands,FLK,South America,Americas,2023,23.56,2042.21,11.31,80.64
Falkland Islands,FLK,South America,Americas,2024,24.36,2258.91,12.24,86.65
Falkland Islands,FLK,South America,Americas,2025,24.29,2174.96,15.77,84.65
France,FRA,Europe,Europe,2000,11.68,1228.3,1.75,1.1
France,FRA,Europe,Europe,2001,10.98,1252.67,1.03,2.4
France,FRA,Europe,Europe,2002,11.51,1114.07,4.29,8.87
France,FRA,Europe,Europe,2003,12.25,1227.91,2.48,9.72
France,FRA,Europe,Europe,2004,11.64,1197.68,4.9,13.52
France,FRA,Europe,Europe,2005,11.61,1163.52,4.07,17.17
France,FRA,Europe,Europe,2006,11.89,1064.54,0.38,19.39
France,FRA,Europe,Europe,2007,11.77,1329.14,8.96,24.8
France,FRA,Europe,Europe,2008,12.26,1145.25,0.7,25.17
France,FRA,Europe,Europe,2009,11.43,1143.27,1.15,31.39
France,FRA,Europe,Europe,2010,12.12,1248.22,0.19,32.42
France,FRA,Europe,Europe,2011,12.32,1080.65,3.3,38.7
France,FRA,Europe,Europe,2012,11.85,1107.72,4.14,42.4
France,FRA,Europe,Europe,2013,11.82,1255.37,1.69,42.97
France,FRA,Europe,Europe,2014,11.39,1237.5,8.63,45.52
France,FRA,Europe,Europe,2015,12.08,1113.27,10.52,48.06
France,FRA,Europe,Europe,2016,11.68,1170.96,4.09,49.29
France,FRA,Europe,Europe,2017,12,1111.42,6.37,58.05
France,FRA,Europe,Europe,2018,11.88,1088.46,5.17,54.84
France,FRA,Europe,Europe,2019,11.79,1135.67,6.15,65.33
France,FRA,Europe,Europe,2020,11.97,1374.83,4.22,63.2
France,FRA,Europe,Europe,2021,12.26,1169.33,2.53,71.11
France,FRA,Europe,Europe,2022,12.76,1167.36,6.01,71.93
France,FRA,Europe,Europe,2023,12.64,1116.6,6.55,76.77
France,FRA,Europe,Europe,2024,12.04,1272.03,8.98,76.28
France,FRA,Europe,Europe,2025,12.48,1286.01,6.48,83.42
Faroe Islands,FRO,Europe,Europe,2000,15.61,1369.83,29.44,4.51
Faroe Islands,FRO,Europe,Europe,2001,15.82,1251.99,29.82,8.92
Faroe Islands,FRO,Europe,Europe,2002,16.09,1190.82,32.95,8.86
Faroe Islands,FRO,Europe,Europe,2003,15.68,1368.89,36.66,13.67
Faroe Islands,FRO,Europe,Europe,2004,15.23,1186.11,30.74,18.71
Faroe Islands,FRO,Europe,Europe,2005,15.41,1305.74,32.25,20.63
Faroe Islands,FRO,Europe,Europe,2006,15.98,1233.04,28.51,24.38
Faroe Islands,FRO,Europe,Europe,2007,16.09,1353.76,33.05,30.42
Faroe Islands,FRO,Europe,Europe,2008,15.41,1385.17,31.95,33.71
Faroe Islands,FRO,Europe,Europe,2009,15.68,1180.33,35.5,34.61
Faroe Islands,FRO,Europe,Europe,2010,16.07,1335.63,33.88,35.39
Faroe Islands,FRO,Europe,Europe,2011,16.36,1299.46,33.04,35.2
Faroe Islands,FRO,Europe,Europe,2012,15.68,1297.41,30.26,41.55
Faroe Islands,FRO,Europe,Europe,2013,15.65,1410.97,30.75,50.32
Faroe Islands,FRO,Europe,Europe,2014,15.92,1526.13,34.59,48.41
Faroe Islands,FRO,Europe,Europe,2015,15.92,1260.87,33.61,55.18
Faroe Islands,FRO,Europe,Europe,2016,15.77,1289.75,25.53,55.54
Faroe Islands,FRO,Europe,Europe,2017,16.22,1327.25,32.34,57.29
Faroe Islands,FRO,Europe,Europe,2018,16.33,1456.83,38.43,60.9
Faroe Islands,FRO,Europe,Europe,2019,16.31,1367.49,38.51,66.42
Faroe Islands,FRO,Europe,Europe,2020,16.38,1482.97,39.12,70.92
Faroe Islands,FRO,Europe,Europe,2021,16.51,1345.82,31.55,73.64
Faroe Islands,FRO,Europe,Europe,2022,16.67,1298.65,33.34,75.33
Faroe Islands,FRO,Europe,Europe,2023,16.05,1369.18,34.76,78.04
Faroe Islands,FRO,Europe,Europe,2024,16.29,1278.77,41.85,81.68
Faroe Islands,FRO,Europe,Europe,2025,16.58,1452.4,35.3,85.92
Federated States of Micronesia,FSM,Oceania,Oceania,2000,25.16,1298.4,6.76,0.39
Federated States of Micronesia,FSM,Oceania,Oceania,2001,25.35,1036.27,10.41,1.06
Federated States of Micronesia,FSM,Oceania,Oceania,2002,25.53,1201.73,7.51,5.55
Federated States of Micronesia,FSM,Oceania,Oceania,2003,25.94,1107.43,11.09,12.62
Federated States of Micronesia,FSM,Oceania,Oceania,2004,25.92,1163.88,3.87,14.68
Federated States of Micronesia,FSM,Oceania,Oceania,2005,25.32,1185.65,4.07,20.51
Federated States of Micronesia,FSM,Oceania,Oceania,2006,25.76,1364.49,6.7,19.99
Federated States of Micronesia,FSM,Oceania,Oceania,2007,25.96,1176.41,6.3,18.55
Federated States of Micronesia,FSM,Oceania,Oceania,2008,25.31,1101.94,9.9,25.19
Federated States of Micronesia,FSM,Oceania,Oceania,2009,25.86,1166.59,4.46,32.36
Federated States of Micronesia,FSM,Oceania,Oceania,2010,24.78,1270.31,4.49,30.43
Federated States of Micronesia,FSM,Oceania,Oceania,2011,25.31,1265.89,4.98,33.71
Federated States of Micronesia,FSM,Oceania,Oceania,2012,25.88,1336.07,6.51,43.04
Federated States of Micronesia,FSM,Oceania,Oceania,2013,26.15,1154.72,7.53,40.02
Federated States of Micronesia,FSM,Oceania,Oceania,2014,25.29,1272.91,4.36,47.55
Federated States of Micronesia,FSM,Oceania,Oceania,2015,25.64,1142.7,3.73,47.8
Federated States of Micronesia,FSM,Oceania,Oceania,2016,26.99,1052.38,2.64,50.96
Federated States of Micronesia,FSM,Oceania,Oceania,2017,25.35,1197.48,10.01,55.03
Federated States of Micronesia,FSM,Oceania,Oceania,2018,26.42,1092.23,6.23,56.49
Federated States of Micronesia,FSM,Oceania,Oceania,2019,26.13,1154.82,12.84,59.56
Federated States of Micronesia,FSM,Oceania,Oceania,2020,26.35,1075.05,7.8,63.28
Federated States of Micronesia,FSM,Oceania,Oceania,2021,27.02,1298.71,13.35,63.9
Federated States of Micronesia,FSM,Oceania,Oceania,2022,26.23,1082.71,7.51,72.78
Federated States of Micronesia,FSM,Oceania,Oceania,2023,26.22,1327.69,3.67,75.21
Federated States of Micronesia,FSM,Oceania,Oceania,2024,26.2,1320.15,4.02,77.36
Federated States of Micronesia,FSM,Oceania,Oceania,2025,26.34,1230.2,7.51,80.99
Gabon,GAB,Africa,Africa,2000,29.52,773.71,4.64,5.95
Gabon,GAB,Africa,Africa,2001,29.23,799.78,4.34,7.31
Gabon,GAB,Africa,Africa,2002,29.33,742.19,2.75,7.87
Gabon,GAB,Africa,Africa,2003,29.28,770.44,0.2,10.86
Gabon,GAB,Africa,Africa,2004,29.37,856.05,4.43,17.03
Gabon,GAB,Africa,Africa,2005,29.3,807.21,6.32,17.55
Gabon,GAB,Africa,Africa,2006,29.99,883.05,4.03,20.98
Gabon,GAB,Africa,Africa,2007,30.23,748.84,4.01,24.9
Gabon,GAB,Africa,Africa,2008,29.63,835.23,5.55,29.36
Gabon,GAB,Africa,Africa,2009,29.26,606.81,1.71,31.06
Gabon,GAB,Africa,Africa,2010,29.44,708.29,0,37.24
Gabon,GAB,Africa,Africa,2011,29.77,595.77,0.87,41.05
Gabon,GAB,Africa,Africa,2012,29.1,772.18,0,43.39
Gabon,GAB,Africa,Africa,2013,29.49,715.03,3.89,47.53
Gabon,GAB,Africa,Africa,2014,29.07,808.89,1.87,47.21
Gabon,GAB,Africa,Africa,2015,30.16,791.12,3.63,51.43
Gabon,GAB,Africa,Africa,2016,30.77,849.88,1.73,53.57
Gabon,GAB,Africa,Africa,2017,29.96,739.39,0,57.74
Gabon,GAB,Africa,Africa,2018,30.11,871.77,3.22,63.48
Gabon,GAB,Africa,Africa,2019,29.99,684.38,4.49,61.34
Gabon,GAB,Africa,Africa,2020,29.63,769.97,9.61,64.06
Gabon,GAB,Africa,Africa,2021,30.57,687.25,0.21,69.23
Gabon,GAB,Africa,Africa,2022,30.37,713.38,0,79.1
Gabon,GAB,Africa,Africa,2023,29.92,784.68,1.94,77.76
Gabon,GAB,Africa,Africa,2024,30.59,869.77,2.17,81.25
Gabon,GAB,Africa,Africa,2025,30.5,771.68,0,83.82
United Kingdom,GBR,Europe,Europe,2000,7.33,1118.05,4.89,8.08
United Kingdom,GBR,Europe,Europe,2001,7,1102.9,0,11.75
United Kingdom,GBR,Europe,Europe,2002,7.42,1142.61,4.28,11.66
United Kingdom,GBR,Europe,Europe,2003,7.19,1009.04,0,17.3
United Kingdom,GBR,Europe,Europe,2004,7.42,967.27,0,19.53
United Kingdom,GBR,Europe,Europe,2005,7.25,1153.7,3.95,23.45
United Kingdom,GBR,Europe,Europe,2006,7.3,1202.34,0.91,27.89
United Kingdom,GBR,Europe,Europe,2007,7.04,980.55,6.34,32.27
United Kingdom,GBR,Europe,Europe,2008,7.34,1102.22,2.86,33.38
United Kingdom,GBR,Europe,Europe,2009,7.52,917.17,0,32.94
United Kingdom,GBR,Europe,Europe,2010,7.79,1056.03,8.51,35.9
United Kingdom,GBR,Europe,Europe,2011,7.41,1067.42,6.85,42.99
United Kingdom,GBR,Europe,Europe,2012,7.96,1013.14,12.88,47.09
United Kingdom,GBR,Europe,Europe,2013,6.99,1072.04,2.37,49.61
United Kingdom,GBR,Europe,Europe,2014,7.59,1008.28,4.89,54.83
United Kingdom,GBR,Europe,Europe,2015,8.17,974.74,0,57.22
United Kingdom,GBR,Europe,Europe,2016,8.12,970.21,1.85,58.39
United Kingdom,GBR,Europe,Europe,2017,8.32,1004.49,5.36,59.52
United Kingdom,GBR,Europe,Europe,2018,7.97,1141.93,3.39,63.94
United Kingdom,GBR,Europe,Europe,2019,8.02,1042.49,6.97,70.02
United Kingdom,GBR,Europe,Europe,2020,7.9,926.3,8.28,72.98
United Kingdom,GBR,Europe,Europe,2021,7.77,1022.6,8.53,74.68
United Kingdom,GBR,Europe,Europe,2022,7.61,1222.57,8.38,78.1
United Kingdom,GBR,Europe,Europe,2023,8.11,1129.63,1.88,83.37
United Kingdom,GBR,Europe,Europe,2024,7.85,1040.9,0,87.81
United Kingdom,GBR,Europe,Europe,2025,7.88,1095.53,2.52,86.96
Georgia,GEO,Asia,Asia,2000,29.38,1404.09,765.98,0
Georgia,GEO,Asia,Asia,2001,29.14,1364.35,777.48,7.9
Georgia,GEO,Asia,Asia,2002,30.2,1426.91,783.97,14.54
Georgia,GEO,Asia,Asia,2003,29.92,1436.63,800.01,15.17
Georgia,GEO,Asia,Asia,2004,29.74,1263.75,804.09,17.02
Georgia,GEO,Asia,Asia,2005,29.49,1344.82,812.03,22.82
Georgia,GEO,Asia,Asia,2006,29.46,1434.92,818.33,23.06
Georgia,GEO,Asia,Asia,2007,29.73,1234.48,829.99,25.9
Georgia,GEO,Asia,Asia,2008,29.9,1383.91,837.07,32.06
Georgia,GEO,Asia,Asia,2009,29.99,1415.46,847.45,33.82
Georgia,GEO,Asia,Asia,2010,30.83,1220.86,849.95,38.75
Georgia,GEO,Asia,Asia,2011,29.62,1357.14,868.49,38.28
Georgia,GEO,Asia,Asia,2012,29.88,1329.99,880.15,43.55
Georgia,GEO,Asia,Asia,2013,29.99,1422.56,886.63,46.2
Georgia,GEO,Asia,Asia,2014,30.38,1313.97,894.55,50.16
Georgia,GEO,Asia,Asia,2015,30.26,1319.41,903.85,50.36
Georgia,GEO,Asia,Asia,2016,30.23,1322.29,906.43,56.05
Georgia,GEO,Asia,Asia,2017,30.05,1371.94,920.83,62.47
Georgia,GEO,Asia,Asia,2018,30.05,1257.54,933.6,63.6
Georgia,GEO,Asia,Asia,2019,30.4,1274.6,936.06,65.72
Georgia,GEO,Asia,Asia,2020,30.45,1465.77,951.44,72.35
Georgia,GEO,Asia,Asia,2021,30.83,1500.48,962.49,72.71
Georgia,GEO,Asia,Asia,2022,30.1,1505.42,967.25,77.21
Georgia,GEO,Asia,Asia,2023,30.08,1313.03,976.04,76.31
Georgia,GEO,Asia,Asia,2024,29.81,1311.17,983.95,80.77
Georgia,GEO,Asia,Asia,2025,30.94,1433.48,995.37,85.1
Guernsey,GGY,Europe,Europe,2000,10.8,1209.02,15.53,3.81
Guernsey,GGY,Europe,Europe,2001,11.69,1091.53,16.64,6.02
Guernsey,GGY,Europe,Europe,2002,11.81,1059.77,11.4,7.28
Guernsey,GGY,Europe,Europe,2003,11.59,1278.64,10.67,13.64
Guernsey,GGY,Europe,Europe,2004,11.56,1244.12,6.62,16.53
Guernsey,GGY,Europe,Europe,2005,11.7,1102.16,9.58,17.34
Guernsey,GGY,Europe,Europe,2006,11.79,1123.61,13.69,21.34
Guernsey,GGY,Europe,Europe,2007,12.17,1209.27,13.16,25
Guernsey,GGY,Europe,Europe,2008,12.14,924.32,12.78,30.7
Guernsey,GGY,Europe,Europe,2009,10.98,1205.37,18.91,29.66
Guernsey,GGY,Europe,Europe,2010,11.97,1121.22,14.91,33.14
Guernsey,GGY,Europe,Europe,2011,12.04,1152.34,14.24,39.29
Guernsey,GGY,Europe,Europe,2012,11.24,1015.26,11.7,44.01
Guernsey,GGY,Europe,Europe,2013,12.2,1082.92,15.07,42.49
Guernsey,GGY,Europe,Europe,2014,12.35,1156.29,13.02,49.28
Guernsey,GGY,Europe,Europe,2015,12.26,1222.19,14.7,52.32
Guernsey,GGY,Europe,Europe,2016,11.68,1018.56,15.3,55.03
Guernsey,GGY,Europe,Europe,2017,11.87,1091.83,13.43,57.84
Guernsey,GGY,Europe,Europe,2018,12.14,1214.67,17.21,59.98
Guernsey,GGY,Europe,Europe,2019,11.71,1100.02,20.8,64.85
Guernsey,GGY,Europe,Europe,2020,12.06,1231.89,10.89,67.13
Guernsey,GGY,Europe,Europe,2021,12.18,1285.69,17.52,71.32
Guernsey,GGY,Europe,Europe,2022,11.62,1238.06,19.07,72.49
Guernsey,GGY,Europe,Europe,2023,12.35,1092,14.98,77.02
Guernsey,GGY,Europe,Europe,2024,12.15,1339.13,14.74,79.18
Guernsey,GGY,Europe,Europe,2025,12.19,1001.5,18,83.44
Ghana,GHA,Africa,Africa,2000,32.65,1564.89,7.21,0
Ghana,GHA,Africa,Africa,2001,32.7,1634.69,6.47,2.38
Ghana,GHA,Africa,Africa,2002,33.14,1640.77,4.04,4.28
Ghana,GHA,Africa,Africa,2003,32.93,1516.93,7.36,11.17
Ghana,GHA,Africa,Africa,2004,32.69,1594.18,0.78,14.78
Ghana,GHA,Africa,Africa,2005,32.79,1613.3,9.04,18.32
Ghana,GHA,Africa,Africa,2006,32.84,1660.98,8.74,23.17
Ghana,GHA,Africa,Africa,2007,33.6,1457.03,11.99,24.83
Ghana,GHA,Africa,Africa,2008,33.12,1591.7,4.99,25.51
Ghana,GHA,Africa,Africa,2009,32.75,1719.62,8.55,27.84
Ghana,GHA,Africa,Africa,2010,32.66,1707.58,12.47,30.78
Ghana,GHA,Africa,Africa,2011,32.88,1689.7,8.85,38.7
Ghana,GHA,Africa,Africa,2012,33.11,1654.84,8.23,39.17
Ghana,GHA,Africa,Africa,2013,33.15,1728.53,11.93,46.19
Ghana,GHA,Africa,Africa,2014,32.41,1557.29,10.48,44.99
Ghana,GHA,Africa,Africa,2015,33.31,1442.26,6.74,49
Ghana,GHA,Africa,Africa,2016,32.89,1561.74,10.5,53.6
Ghana,GHA,Africa,Africa,2017,33.32,1720.76,14.24,55.35
Ghana,GHA,Africa,Africa,2018,32.77,1689.62,13.88,56.63
Ghana,GHA,Africa,Africa,2019,33.09,1805.34,8.32,63.89
Ghana,GHA,Africa,Africa,2020,32.77,1682.03,3.82,67.57
Ghana,GHA,Africa,Africa,2021,33.96,1694.18,3.45,70.95
Ghana,GHA,Africa,Africa,2022,33.09,1784.28,9.58,70.32
Ghana,GHA,Africa,Africa,2023,33.38,1619.42,9.08,77.21
Ghana,GHA,Africa,Africa,2024,33.76,1574.09,14.78,75.54
Ghana,GHA,Africa,Africa,2025,33.34,1453.19,8.95,78.39
Guinea,GIN,Africa,Africa,2000,17.47,744.91,111.19,5.29
Guinea,GIN,Africa,Africa,2001,17.56,855.19,114.54,9.03
Guinea,GIN,Africa,Africa,2002,17.96,819.75,115.03,12.13
Guinea,GIN,Africa,Africa,2003,17.7,748.82,119.42,13.79
Guinea,GIN,Africa,Africa,2004,17.75,939.19,120.42,16.62
Guinea,GIN,Africa,Africa,2005,17.84,747.18,112.27,18.69
Guinea,GIN,Africa,Africa,2006,18.43,934.17,117.8,21.78
Guinea,GIN,Africa,Africa,2007,18.52,904.25,119.63,28.64
Guinea,GIN,Africa,Africa,2008,17.99,888.44,129.26,33.24
Guinea,GIN,Africa,Africa,2009,17.73,1021.64,118.86,34.89
Guinea,GIN,Africa,Africa,2010,18.39,934.14,125.94,36.04
Guinea,GIN,Africa,Africa,2011,17.53,836.66,121.41,38.17
Guinea,GIN,Africa,Africa,2012,18.33,660.47,127.69,44.89
Guinea,GIN,Africa,Africa,2013,18.24,703.43,131.9,43.06
Guinea,GIN,Africa,Africa,2014,18.79,960.91,129.26,51.2
Guinea,GIN,Africa,Africa,2015,17.81,971.84,126.43,50.59
Guinea,GIN,Africa,Africa,2016,18.22,987.47,132.73,56.29
Guinea,GIN,Africa,Africa,2017,17.96,867.95,134.49,57.15
Guinea,GIN,Africa,Africa,2018,18.6,911.26,135.15,61.07
Guinea,GIN,Africa,Africa,2019,18.39,747.16,138.65,66.13
Guinea,GIN,Africa,Africa,2020,18.3,810,140.17,68.4
Guinea,GIN,Africa,Africa,2021,18.3,815.76,145.98,71.13
Guinea,GIN,Africa,Africa,2022,18.74,959.45,140.9,72.07
Guinea,GIN,Africa,Africa,2023,18.99,859.63,145.57,77.33
Guinea,GIN,Africa,Africa,2024,18.73,1144.69,145.44,78.29
Guinea,GIN,Africa,Africa,2025,17.95,743.54,140.28,84.28
Gambia,GMB,Africa,Africa,2000,20.81,954.18,8.23,0
Gambia,GMB,Africa,Africa,2001,21.14,1030.78,9.9,9.83
Gambia,GMB,Africa,Africa,2002,20.96,896.2,6.72,9.67
Gambia,GMB,Africa,Africa,2003,20.49,847.99,6.53,13.26
Gambia,GMB,Africa,Africa,2004,20.3,982.96,0,13.75
Gambia,GMB,Africa,Africa,2005,20.28,1034.76,5.09,18.54
Gambia,GMB,Africa,Africa,2006,21.26,1077.69,10.07,20.66
Gambia,GMB,Africa,Africa,2007,20.83,867.77,9.22,24.68
Gambia,GMB,Africa,Africa,2008,20.75,1052.85,3.82,26.43
Gambia,GMB,Africa,Africa,2009,21.13,1136.28,8.17,31.38
Gambia,GMB,Africa,Africa,2010,20.85,1103.21,4.96,37.12
Gambia,GMB,Africa,Africa,2011,21.09,1089.58,8.12,38.43
Gambia,GMB,Africa,Africa,2012,21.85,954.35,6.5,41.84
Gambia,GMB,Africa,Africa,2013,21.01,992.18,8.96,46.11
Gambia,GMB,Africa,Africa,2014,20.12,1050.46,6.96,47.76
Gambia,GMB,Africa,Africa,2015,21.12,1126.76,3.45,54.14
Gambia,GMB,Africa,Africa,2016,20.79,1108.23,9.54,50.18
Gambia,GMB,Africa,Africa,2017,21.68,970.14,3.64,60.55
Gambia,GMB,Africa,Africa,2018,20.66,865.81,4.12,60.53
Gambia,GMB,Africa,Africa,2019,21.73,994.99,12.35,59.84
Gambia,GMB,Africa,Africa,2020,20.96,1075.88,9.17,68.42
Gambia,GMB,Africa,Africa,2021,21.43,1027.65,11.73,70.57
Gambia,GMB,Africa,Africa,2022,21.43,1119.69,11.43,69.54
Gambia,GMB,Africa,Africa,2023,21.29,1056.82,10.46,77.04
Gambia,GMB,Africa,Africa,2024,21.37,1095.97,8.06,76.99
Gambia,GMB,Africa,Africa,2025,22.17,894.78,9.23,83.08
Guinea-Bissau,GNB,Africa,Africa,2000,24,720.41,23.81,5.52
Guinea-Bissau,GNB,Africa,Africa,2001,24.25,615.51,22.59,9.45
Guinea-Bissau,GNB,Africa,Africa,2002,23.64,582.39,21.69,15.52
Guinea-Bissau,GNB,Africa,Africa,2003,23.78,905.66,20.97,16.37
Guinea-Bissau,GNB,Africa,Africa,2004,23.41,785.14,22.94,17.28
Guinea-Bissau,GNB,Africa,Africa,2005,24.07,491.69,25.31,22.1
Guinea-Bissau,GNB,Africa,Africa,2006,24.04,776.32,21.84,26.76
Guinea-Bissau,GNB,Africa,Africa,2007,23.69,697.92,22.07,27.34
Guinea-Bissau,GNB,Africa,Africa,2008,23.96,790.54,22.11,30.2
Guinea-Bissau,GNB,Africa,Africa,2009,23.65,735.26,30.27,39.09
Guinea-Bissau,GNB,Africa,Africa,2010,24.06,640.15,26.99,39.83
Guinea-Bissau,GNB,Africa,Africa,2011,24.43,565.75,23.94,36.35
Guinea-Bissau,GNB,Africa,Africa,2012,24.17,775.88,27.58,45.27
Guinea-Bissau,GNB,Africa,Africa,2013,24.29,545.63,27.2,52.32
Guinea-Bissau,GNB,Africa,Africa,2014,24.12,727.99,28.49,51.74
Guinea-Bissau,GNB,Africa,Africa,2015,24.69,733.79,29.95,56.81
Guinea-Bissau,GNB,Africa,Africa,2016,24.36,811.69,29.09,56.4
Guinea-Bissau,GNB,Africa,Africa,2017,24.66,744.22,31.88,60.6
Guinea-Bissau,GNB,Africa,Africa,2018,24.17,749.8,27.68,63.64
Guinea-Bissau,GNB,Africa,Africa,2019,25.04,732.44,32.41,67.01
Guinea-Bissau,GNB,Africa,Africa,2020,24.04,714.87,27.7,69.71
Guinea-Bissau,GNB,Africa,Africa,2021,24.62,766.05,26.85,73.92
Guinea-Bissau,GNB,Africa,Africa,2022,24.29,639.85,33.53,75.1
Guinea-Bissau,GNB,Africa,Africa,2023,24.54,834.72,31.14,81.09
Guinea-Bissau,GNB,Africa,Africa,2024,25.11,781.97,33.09,82.15
Guinea-Bissau,GNB,Africa,Africa,2025,24.66,751.45,31.98,82.9
Equatorial Guinea,GNQ,Africa,Africa,2000,24.65,1462.58,0,5.08
Equatorial Guinea,GNQ,Africa,Africa,2001,24.85,1280.22,3.53,7.68
Equatorial Guinea,GNQ,Africa,Africa,2002,25.02,1345.13,4.99,8.72
Equatorial Guinea,GNQ,Africa,Africa,2003,24.41,1541.13,8.28,11.49
Equatorial Guinea,GNQ,Africa,Africa,2004,24.63,1369.31,6.31,15.57
Equatorial Guinea,GNQ,Africa,Africa,2005,25.68,1411.81,6.35,18.29
Equatorial Guinea,GNQ,Africa,Africa,2006,24.63,1369.52,8.16,21.9
Equatorial Guinea,GNQ,Africa,Africa,2007,25.29,1309.53,5.12,23.76
Equatorial Guinea,GNQ,Africa,Africa,2008,24.72,1439.3,2.56,30.23
Equatorial Guinea,GNQ,Africa,Africa,2009,25.32,1525.06,3.4,32.87
Equatorial Guinea,GNQ,Africa,Africa,2010,25.12,1434.4,2.37,33.25
Equatorial Guinea,GNQ,Africa,Africa,2011,24.93,1396.83,4.8,36.89
Equatorial Guinea,GNQ,Africa,Africa,2012,25.4,1372.55,9.75,41.02
Equatorial Guinea,GNQ,Africa,Africa,2013,24.71,1461.8,0.85,41.54
Equatorial Guinea,GNQ,Africa,Africa,2014,25.28,1437.64,5.46,46.39
Equatorial Guinea,GNQ,Africa,Africa,2015,25.1,1471.44,6.37,50.64
Equatorial Guinea,GNQ,Africa,Africa,2016,24.97,1355.72,1.89,49.47
Equatorial Guinea,GNQ,Africa,Africa,2017,24.71,1428.44,6.77,58.03
Equatorial Guinea,GNQ,Africa,Africa,2018,25.1,1429.75,9.22,59.54
Equatorial Guinea,GNQ,Africa,Africa,2019,25.32,1429.21,0.32,67.03
Equatorial Guinea,GNQ,Africa,Africa,2020,25.49,1423.43,0.47,65.42
Equatorial Guinea,GNQ,Africa,Africa,2021,25.39,1539.12,6.75,72.64
Equatorial Guinea,GNQ,Africa,Africa,2022,25.51,1278.84,5.49,74.88
Equatorial Guinea,GNQ,Africa,Africa,2023,25.17,1294.99,3.79,75.99
Equatorial Guinea,GNQ,Africa,Africa,2024,26.08,1495.93,0,79.54
Equatorial Guinea,GNQ,Africa,Africa,2025,25.33,1603.68,2.55,83.03
Greece,GRC,Europe,Europe,2000,11.89,1103.27,19.08,2.94
Greece,GRC,Europe,Europe,2001,12.65,905.25,18.34,7.14
Greece,GRC,Europe,Europe,2002,11.08,916.82,17.09,12.24
Greece,GRC,Europe,Europe,2003,12.44,843.23,17.88,10.6
Greece,GRC,Europe,Europe,2004,12.38,1216.83,15.16,18.8
Greece,GRC,Europe,Europe,2005,12.14,920.66,22.96,18.89
Greece,GRC,Europe,Europe,2006,11.94,820.95,22.88,22.26
Greece,GRC,Europe,Europe,2007,12.79,1159.3,24.16,24.64
Greece,GRC,Europe,Europe,2008,12.65,993.87,20.9,27.5
Greece,GRC,Europe,Europe,2009,12.62,1069.57,25.07,33.22
Greece,GRC,Europe,Europe,2010,13.33,1019.53,18.67,35.62
Greece,GRC,Europe,Europe,2011,12.66,894.2,22.53,40.51
Greece,GRC,Europe,Europe,2012,13.17,1069.45,20.33,41.24
Greece,GRC,Europe,Europe,2013,12.94,1036.76,20.68,43.97
Greece,GRC,Europe,Europe,2014,12.26,1203.5,20.72,49.57
Greece,GRC,Europe,Europe,2015,12.46,1124.37,23.28,49.31
Greece,GRC,Europe,Europe,2016,12.72,1049.24,24.49,55.31
Greece,GRC,Europe,Europe,2017,13.07,1058.73,16.21,54.5
Greece,GRC,Europe,Europe,2018,12.73,967.12,21.57,56.37
Greece,GRC,Europe,Europe,2019,13.06,1139,22.73,66.74
Greece,GRC,Europe,Europe,2020,12.62,871.67,23.05,66.54
Greece,GRC,Europe,Europe,2021,12.81,1117.52,22.93,69.53
Greece,GRC,Europe,Europe,2022,12.64,1072.98,20.01,71.65
Greece,GRC,Europe,Europe,2023,12.93,1074.67,26.35,80.81
Greece,GRC,Europe,Europe,2024,12.52,1174.08,22.81,79.57
Greece,GRC,Europe,Europe,2025,12.99,1083.93,23.25,82.67
Grenada,GRD,North America,Americas,2000,11.08,851.66,26.38,4.81
Grenada,GRD,North America,Americas,2001,9.88,835.82,30.1,3.5
Grenada,GRD,North America,Americas,2002,9.39,634.8,34.59,6.06
Grenada,GRD,North America,Americas,2003,10.4,670.08,29.32,7.91
Grenada,GRD,North America,Americas,2004,9.9,720.3,27.06,12.2
Grenada,GRD,North America,Americas,2005,10,823.01,34.91,17.34
Grenada,GRD,North America,Americas,2006,10.82,694.79,35.87,19.7
Grenada,GRD,North America,Americas,2007,9.92,671.34,33.9,20.03
Grenada,GRD,North America,Americas,2008,10.64,817.25,39.38,25.31
Grenada,GRD,North America,Americas,2009,9.81,751.61,30.84,30.69
Grenada,GRD,North America,Americas,2010,10.37,611.57,35.48,30.8
Grenada,GRD,North America,Americas,2011,10.68,831.94,38.41,30.84
Grenada,GRD,North America,Americas,2012,10.24,753.43,37.77,37.94
Grenada,GRD,North America,Americas,2013,10.32,795.52,34.7,42.51
Grenada,GRD,North America,Americas,2014,10.69,688.62,31.49,46.98
Grenada,GRD,North America,Americas,2015,10.6,694.17,36.69,51.1
Grenada,GRD,North America,Americas,2016,10.54,749.41,36.33,48.96
Grenada,GRD,North America,Americas,2017,10.36,591.18,39.61,58.55
Grenada,GRD,North America,Americas,2018,10.7,739.86,41.29,56.39
Grenada,GRD,North America,Americas,2019,11.06,715.92,33.42,59.52
Grenada,GRD,North America,Americas,2020,10.6,842.79,39.4,65.12
Grenada,GRD,North America,Americas,2021,11.82,765.72,39.34,68.74
Grenada,GRD,North America,Americas,2022,10.78,913.85,34.38,73.81
Grenada,GRD,North America,Americas,2023,10.68,750.97,45.01,73.76
Grenada,GRD,North America,Americas,2024,10.87,716.2,37.31,74.03
Grenada,GRD,North America,Americas,2025,11.63,641.1,37.81,82.85
Greenland,GRL,North America,Americas,2000,24.21,854.08,59.58,3.39
Greenland,GRL,North America,Americas,2001,25.13,1011.82,56.83,6.84
Greenland,GRL,North America,Americas,2002,24.43,775.65,57.64,10.21
Greenland,GRL,North America,Americas,2003,24.36,846.53,61.48,17.08
Greenland,GRL,North America,Americas,2004,24.38,685.13,51.86,14.3
Greenland,GRL,North America,Americas,2005,24.6,929.57,61.01,20.22
Greenland,GRL,North America,Americas,2006,24.9,834.9,66.43,24.09
Greenland,GRL,North America,Americas,2007,24.48,892.07,53.17,24.58
Greenland,GRL,North America,Americas,2008,24.84,868.1,55.09,30.74
Greenland,GRL,North America,Americas,2009,24.26,862.56,65.17,30.77
Greenland,GRL,North America,Americas,2010,25.11,813.37,62.49,34.59
Greenland,GRL,North America,Americas,2011,24.48,850.22,61.45,36.67
Greenland,GRL,North America,Americas,2012,24.77,831.24,72.63,42.43
Greenland,GRL,North America,Americas,2013,24.63,817.69,63.25,45.05
Greenland,GRL,North America,Americas,2014,23.89,685.36,61.84,48.42
Greenland,GRL,North America,Americas,2015,24.42,740,58.72,51.07
Greenland,GRL,North America,Americas,2016,24.72,860.85,67.48,56.05
Greenland,GRL,North America,Americas,2017,24.8,953.91,72.34,56.84
Greenland,GRL,North America,Americas,2018,24.99,779.53,68.36,59.61
Greenland,GRL,North America,Americas,2019,24.44,931.79,64.98,61.34
Greenland,GRL,North America,Americas,2020,25.02,934.38,71.02,65.79
Greenland,GRL,North America,Americas,2021,25.78,874.07,74.43,73.13
Greenland,GRL,North America,Americas,2022,25.58,760.91,71.85,75.17
Greenland,GRL,North America,Americas,2023,25.68,1032.71,73.53,78.75
Greenland,GRL,North America,Americas,2024,24.83,786.92,78.43,79.45
Greenland,GRL,North America,Americas,2025,25.73,864.15,74.33,82.51
Guatemala,GTM,North America,Americas,2000,18.45,952.45,0,2.14
Guatemala,GTM,North America,Americas,2001,17.71,1012.67,2.01,4.16
Guatemala,GTM,North America,Americas,2002,18.1,923.67,0,8.16
Guatemala,GTM,North America,Americas,2003,18.04,849.76,0,14.1
Guatemala,GTM,North America,Americas,2004,18.36,814.11,3.56,14.94
Guatemala,GTM,North America,Americas,2005,18.49,975.04,1.59,17.67
Guatemala,GTM,North America,Americas,2006,18.67,1123.36,4.88,21.51
Guatemala,GTM,North America,Americas,2007,17.64,970.97,2,26.77
Guatemala,GTM,North America,Americas,2008,18.18,850.73,0,27.22
Guatemala,GTM,North America,Americas,2009,18.56,911.4,1.1,30.69
Guatemala,GTM,North America,Americas,2010,18.29,1038.42,5.93,33.47
Guatemala,GTM,North America,Americas,2011,18.97,995.68,1.52,39.85
Guatemala,GTM,North America,Americas,2012,18.81,1015.78,0.37,41.98
Guatemala,GTM,North America,Americas,2013,18.87,802.35,4.46,43.57
Guatemala,GTM,North America,Americas,2014,18.9,951.12,5.53,48.1
Guatemala,GTM,North America,Americas,2015,18.31,989.3,3.23,54.34
Guatemala,GTM,North America,Americas,2016,19.07,996.81,4.3,51.06
Guatemala,GTM,North America,Americas,2017,18.77,1124.93,2.48,59.64
Guatemala,GTM,North America,Americas,2018,17.9,1001.27,8.63,56.64
Guatemala,GTM,North America,Americas,2019,18.46,900.18,0,61.87
Guatemala,GTM,North America,Americas,2020,18.64,877.29,4.28,61.69
Guatemala,GTM,North America,Americas,2021,19.02,942.44,0,70.61
Guatemala,GTM,North America,Americas,2022,18.83,1020.95,5.3,75.13
Guatemala,GTM,North America,Americas,2023,18.61,954.46,0.34,72.14
Guatemala,GTM,North America,Americas,2024,18.83,978.17,4.43,77.33
Guatemala,GTM,North America,Americas,2025,19.49,1008.3,0,79.25
Guam,GUM,Oceania,Oceania,2000,27.99,1898.09,11.96,1.52
Guam,GUM,Oceania,Oceania,2001,28.01,1849.91,12,5.96
Guam,GUM,Oceania,Oceania,2002,27.35,1717.95,15.45,6.44
Guam,GUM,Oceania,Oceania,2003,27.45,1894.69,15.51,10.83
Guam,GUM,Oceania,Oceania,2004,27.71,1779.17,14.31,13.39
Guam,GUM,Oceania,Oceania,2005,27.93,1897.42,12.67,17.34
Guam,GUM,Oceania,Oceania,2006,27.49,1798.48,14.78,20.83
Guam,GUM,Oceania,Oceania,2007,27.53,1914.56,14.33,25.57
Guam,GUM,Oceania,Oceania,2008,27.06,1820.53,18.99,23.06
Guam,GUM,Oceania,Oceania,2009,28,1833.38,18.82,31.24
Guam,GUM,Oceania,Oceania,2010,27.43,1581.6,15.9,29.61
Guam,GUM,Oceania,Oceania,2011,27.03,1758.48,15.05,39.22
Guam,GUM,Oceania,Oceania,2012,27.03,1822.17,16.06,40.22
Guam,GUM,Oceania,Oceania,2013,28.11,2021.54,20.56,41.44
Guam,GUM,Oceania,Oceania,2014,27.59,1866.04,19.88,45.01
Guam,GUM,Oceania,Oceania,2015,27.87,1894.71,20.06,50.47
Guam,GUM,Oceania,Oceania,2016,27.83,1636.46,25.92,50.7
Guam,GUM,Oceania,Oceania,2017,27.71,1862.52,19.07,53.95
Guam,GUM,Oceania,Oceania,2018,27.45,1745.8,20.14,56.87
Guam,GUM,Oceania,Oceania,2019,27.91,1812.02,16.97,59.78
Guam,GUM,Oceania,Oceania,2020,28.31,1847.98,21.17,67.73
Guam,GUM,Oceania,Oceania,2021,28.52,1873.97,19.16,69.61
Guam,GUM,Oceania,Oceania,2022,28.18,1956.5,20.99,69.94
Guam,GUM,Oceania,Oceania,2023,28.29,1903.91,17.15,72.43
Guam,GUM,Oceania,Oceania,2024,28.44,1788.41,25.82,76.68
Guam,GUM,Oceania,Oceania,2025,28.18,2030.58,22.58,82.96
Guyana,GUY,South America,Americas,2000,20.93,1497.69,27.71,7.85
Guyana,GUY,South America,Americas,2001,21.5,1411.4,32.93,9.17
Guyana,GUY,South America,Americas,2002,20.78,1327.76,34.47,18.28
Guyana,GUY,South America,Americas,2003,21.08,1145.29,35.64,15.31
Guyana,GUY,South America,Americas,2004,20.85,1316.99,40.54,19.87
Guyana,GUY,South America,Americas,2005,20.91,1298.34,39.06,22
Guyana,GUY,South America,Americas,2006,21.17,1477.04,38.5,24.75
Guyana,GUY,South America,Americas,2007,20.69,1322.31,38.15,26.91
Guyana,GUY,South America,Americas,2008,21.33,1436.64,35.96,33.77
Guyana,GUY,South America,Americas,2009,20.92,1379.85,41.29,38.85
Guyana,GUY,South America,Americas,2010,21.44,1341.39,40.46,44.3
Guyana,GUY,South America,Americas,2011,21.71,1294.51,40.18,43.24
Guyana,GUY,South America,Americas,2012,21.18,1394.23,37.3,47.11
Guyana,GUY,South America,Americas,2013,21.18,1315.99,44.05,51.27
Guyana,GUY,South America,Americas,2014,21.62,1438.22,44.43,53.63
Guyana,GUY,South America,Americas,2015,21.39,1641.77,44.64,53.25
Guyana,GUY,South America,Americas,2016,21.99,1429.54,41.1,55.88
Guyana,GUY,South America,Americas,2017,21.04,1356.51,46.56,62.8
Guyana,GUY,South America,Americas,2018,21.72,1301.05,37.12,60.49
Guyana,GUY,South America,Americas,2019,20.87,1436.98,43.1,73.03
Guyana,GUY,South America,Americas,2020,21.5,1336.25,46.38,73.75
Guyana,GUY,South America,Americas,2021,21.45,1184.96,42.9,73.77
Guyana,GUY,South America,Americas,2022,21.92,1466.88,50.62,80.34
Guyana,GUY,South America,Americas,2023,22.21,1434.47,43.22,80.68
Guyana,GUY,South America,Americas,2024,21.76,1337.39,48.22,85.77
Guyana,GUY,South America,Americas,2025,21.43,1119.32,45.06,87.62
Hong Kong S.A.R.,HKG,Asia,Asia,2000,19.78,901.65,323.69,1.8
Hong Kong S.A.R.,HKG,Asia,Asia,2001,19.03,836.66,327.4,6.94
Hong Kong S.A.R.,HKG,Asia,Asia,2002,19.41,948.81,327.83,13.94
Hong Kong S.A.R.,HKG,Asia,Asia,2003,20.09,727.45,332.76,13.34
Hong Kong S.A.R.,HKG,Asia,Asia,2004,19.44,887.34,340.48,19.11
Hong Kong S.A.R.,HKG,Asia,Asia,2005,20.01,700.42,345.16,20.87
Hong Kong S.A.R.,HKG,Asia,Asia,2006,20.12,922.34,353.41,22.46
Hong Kong S.A.R.,HKG,Asia,Asia,2007,20.04,766.09,352.58,28.73
Hong Kong S.A.R.,HKG,Asia,Asia,2008,19.16,806.06,355.37,26.07
Hong Kong S.A.R.,HKG,Asia,Asia,2009,19.64,749.03,362.31,34.48
Hong Kong S.A.R.,HKG,Asia,Asia,2010,19.24,807.43,363.23,36.47
Hong Kong S.A.R.,HKG,Asia,Asia,2011,18.98,705.7,369.16,37.75
Hong Kong S.A.R.,HKG,Asia,Asia,2012,19.7,820.9,374.88,42.6
Hong Kong S.A.R.,HKG,Asia,Asia,2013,19.64,870,379.97,47.22
Hong Kong S.A.R.,HKG,Asia,Asia,2014,19.87,838.43,377.36,50.47
Hong Kong S.A.R.,HKG,Asia,Asia,2015,20.4,821.78,378.22,51.78
Hong Kong S.A.R.,HKG,Asia,Asia,2016,19.79,802.36,386.73,50.73
Hong Kong S.A.R.,HKG,Asia,Asia,2017,19.62,833.97,389.04,57.38
Hong Kong S.A.R.,HKG,Asia,Asia,2018,20.27,807.66,404.39,63.58
Hong Kong S.A.R.,HKG,Asia,Asia,2019,20.27,866.33,402.36,65.4
Hong Kong S.A.R.,HKG,Asia,Asia,2020,19.62,692.95,404.44,69.61
Hong Kong S.A.R.,HKG,Asia,Asia,2021,20.01,921.65,405.24,71.72
Hong Kong S.A.R.,HKG,Asia,Asia,2022,19.91,911.26,406.98,75.25
Hong Kong S.A.R.,HKG,Asia,Asia,2023,19.9,747.58,411.91,81.36
Hong Kong S.A.R.,HKG,Asia,Asia,2024,20.29,847,417.05,82.5
Hong Kong S.A.R.,HKG,Asia,Asia,2025,20.14,865.73,425.79,87.73
Honduras,HND,North America,Americas,2000,22.53,1222.03,50.3,4.39
Honduras,HND,North America,Americas,2001,22.93,1369.45,49.4,9.2
Honduras,HND,North America,Americas,2002,22.48,1187.14,58.06,11.6
Honduras,HND,North America,Americas,2003,22.92,1183.54,51.87,12.18
Honduras,HND,North America,Americas,2004,23.5,1176.06,48.39,19.91
Honduras,HND,North America,Americas,2005,23.05,1357.05,56.48,20.42
Honduras,HND,North America,Americas,2006,23.17,1212.07,49.9,25.79
Honduras,HND,North America,Americas,2007,23.74,944.9,49.9,26.92
Honduras,HND,North America,Americas,2008,23.63,935.93,50.65,29.66
Honduras,HND,North America,Americas,2009,23.41,1273.31,54.43,32.44
Honduras,HND,North America,Americas,2010,23.37,1272.93,52.97,39.27
Honduras,HND,North America,Americas,2011,23.23,1146.25,56.78,41.27
Honduras,HND,North America,Americas,2012,24.26,1074.45,56.58,40.46
Honduras,HND,North America,Americas,2013,24.2,1373.22,50.75,46.69
Honduras,HND,North America,Americas,2014,23.35,1310.37,49.77,50.14
Honduras,HND,North America,Americas,2015,23.63,1280.66,57,53.97
Honduras,HND,North America,Americas,2016,24.05,1172.51,61.04,59.13
Honduras,HND,North America,Americas,2017,23.99,1210.34,55.92,62.78
Honduras,HND,North America,Americas,2018,23.91,1087.15,58.66,61.4
Honduras,HND,North America,Americas,2019,23.17,1356.29,61.07,68.37
Honduras,HND,North America,Americas,2020,23.56,1159.63,63.14,67.29
Honduras,HND,North America,Americas,2021,24.3,1143.9,61.7,70.63
Honduras,HND,North America,Americas,2022,23.31,1366.94,59.86,76.54
Honduras,HND,North America,Americas,2023,24.05,1158.89,65.09,79.01
Honduras,HND,North America,Americas,2024,24.01,1281.33,66.88,82.63
Honduras,HND,North America,Americas,2025,24.3,1253.45,60.77,85.78
Croatia,HRV,Europe,Europe,2000,9.09,1058.92,109.27,2.03
Croatia,HRV,Europe,Europe,2001,9.01,1097.01,105.05,6.49
Croatia,HRV,Europe,Europe,2002,8.95,1118.96,108.92,10.39
Croatia,HRV,Europe,Europe,2003,8.87,1077.18,106.19,11.6
Croatia,HRV,Europe,Europe,2004,8.55,1342.96,114.76,12.35
Croatia,HRV,Europe,Europe,2005,8.75,1207.22,114.01,15.45
Croatia,HRV,Europe,Europe,2006,9.65,1103.42,112.81,23.08
Croatia,HRV,Europe,Europe,2007,9.36,1058.75,114.22,22.72
Croatia,HRV,Europe,Europe,2008,9.25,1229.59,115.61,26.88
Croatia,HRV,Europe,Europe,2009,8.86,1255.93,111.29,29.48
Croatia,HRV,Europe,Europe,2010,9.13,1184.76,116.5,32.32
Croatia,HRV,Europe,Europe,2011,8.94,1122.99,115.86,34.16
Croatia,HRV,Europe,Europe,2012,9.05,1221.61,115.77,37.34
Croatia,HRV,Europe,Europe,2013,9.63,1084.25,123.3,45.47
Croatia,HRV,Europe,Europe,2014,9.54,1247.61,125.08,48.7
Croatia,HRV,Europe,Europe,2015,9.18,1257.36,123.41,49.51
Croatia,HRV,Europe,Europe,2016,9.18,1282.33,123.16,50.72
Croatia,HRV,Europe,Europe,2017,9.5,1219.99,128.24,54.65
Croatia,HRV,Europe,Europe,2018,9.16,1194.69,126.15,56
Croatia,HRV,Europe,Europe,2019,9.68,1224.4,128.01,63.1
Croatia,HRV,Europe,Europe,2020,9.76,1193.77,125.92,65.6
Croatia,HRV,Europe,Europe,2021,9.57,1064.48,133.17,66.92
Croatia,HRV,Europe,Europe,2022,9.1,1165.27,135.34,72.05
Croatia,HRV,Europe,Europe,2023,9.2,1098.45,129.99,70.58
Croatia,HRV,Europe,Europe,2024,9.53,1219.66,136.72,77.34
Croatia,HRV,Europe,Europe,2025,10.09,1135.89,131.81,80.59
Haiti,HTI,North America,Americas,2000,8.36,998.55,21.98,3.27
Haiti,HTI,North America,Americas,2001,8,1079.33,26.84,5.93
Haiti,HTI,North America,Americas,2002,8.28,886.77,22.55,10.58
Haiti,HTI,North America,Americas,2003,8.42,955.24,26.51,11.29
Haiti,HTI,North America,Americas,2004,8.19,1004.22,25.85,18.18
Haiti,HTI,North America,Americas,2005,8.28,1097.54,21.66,20.83
Haiti,HTI,North America,Americas,2006,8.79,1054.29,28.42,25.37
Haiti,HTI,North America,Americas,2007,8.09,1074.98,21.33,23.87
Haiti,HTI,North America,Americas,2008,8.46,1189.9,25.83,28.95
Haiti,HTI,North America,Americas,2009,9.06,1082.2,22.07,32.26
Haiti,HTI,North America,Americas,2010,9.22,951.79,28.21,32.98
Haiti,HTI,North America,Americas,2011,8.51,973.47,20.28,38.26
Haiti,HTI,North America,Americas,2012,8.93,1155.42,23.14,40.2
Haiti,HTI,North America,Americas,2013,9.18,1170.76,27.37,45.31
Haiti,HTI,North America,Americas,2014,8.93,1116.03,27.38,47.96
Haiti,HTI,North America,Americas,2015,9.48,1279.4,23.25,52.03
Haiti,HTI,North America,Americas,2016,9.25,1059.35,23.25,53.99
Haiti,HTI,North America,Americas,2017,9.66,1195.5,26.81,55.88
Haiti,HTI,North America,Americas,2018,9.66,1273.97,27.52,62.81
Haiti,HTI,North America,Americas,2019,9.01,970.89,25.08,66.9
Haiti,HTI,North America,Americas,2020,8.74,1047.38,24.63,64.55
Haiti,HTI,North America,Americas,2021,8.75,983.29,29.04,73.48
Haiti,HTI,North America,Americas,2022,9.56,1172.16,27.69,74.21
Haiti,HTI,North America,Americas,2023,9.59,1116.87,24.04,76.82
Haiti,HTI,North America,Americas,2024,9.07,1080.65,28.67,82.31
Haiti,HTI,North America,Americas,2025,9.19,1196.12,30.02,84.73
Hungary,HUN,Europe,Europe,2000,14.88,1544.32,48.65,2.15
Hungary,HUN,Europe,Europe,2001,16.27,1531.34,38.14,4.67
Hungary,HUN,Europe,Europe,2002,15.92,1525.64,43.02,12.6
Hungary,HUN,Europe,Europe,2003,16.48,1501.48,44.95,11.01
Hungary,HUN,Europe,Europe,2004,16.48,1625.3,45.9,15.04
Hungary,HUN,Europe,Europe,2005,16.04,1461.75,48.58,13.4
Hungary,HUN,Europe,Europe,2006,15.81,1460.06,49.49,23.67
Hungary,HUN,Europe,Europe,2007,15.71,1631.93,41.22,25.88
Hungary,HUN,Europe,Europe,2008,15.68,1672.32,46.23,31.1
Hungary,HUN,Europe,Europe,2009,16.98,1675.98,47.09,30.92
Hungary,HUN,Europe,Europe,2010,15.77,1595.39,46.08,34
Hungary,HUN,Europe,Europe,2011,16.7,1550.83,48.74,37.91
Hungary,HUN,Europe,Europe,2012,16.24,1509.16,44.78,41.39
Hungary,HUN,Europe,Europe,2013,16.35,1533.81,52.42,45.37
Hungary,HUN,Europe,Europe,2014,16.21,1692.5,52.45,48.2
Hungary,HUN,Europe,Europe,2015,16.54,1656.32,52.42,48.1
Hungary,HUN,Europe,Europe,2016,16.28,1531.11,53.02,53.59
Hungary,HUN,Europe,Europe,2017,17,1721.61,55.73,59.63
Hungary,HUN,Europe,Europe,2018,16.53,1724.52,48.54,58.62
Hungary,HUN,Europe,Europe,2019,16.88,1570.38,53.15,64.08
Hungary,HUN,Europe,Europe,2020,16.53,1622.13,59,68.83
Hungary,HUN,Europe,Europe,2021,16.51,1467.69,53.13,71.04
Hungary,HUN,Europe,Europe,2022,16.54,1717.45,51.44,74.77
Hungary,HUN,Europe,Europe,2023,16.32,1609.3,52.72,78.64
Hungary,HUN,Europe,Europe,2024,16.81,1657.12,57.19,78.6
Hungary,HUN,Europe,Europe,2025,16.56,1503.23,50.95,85.37
Indonesia,IDN,Asia,Asia,2000,25.63,1628.35,23.24,6.03
Indonesia,IDN,Asia,Asia,2001,25.61,1693.97,28.99,8.09
Indonesia,IDN,Asia,Asia,2002,25.74,1576.33,18.33,12.38
Indonesia,IDN,Asia,Asia,2003,25.91,1765.1,23.2,15.59
Indonesia,IDN,Asia,Asia,2004,25.5,1552.93,20.34,19.39
Indonesia,IDN,Asia,Asia,2005,25.64,1807.19,24.96,19.91
Indonesia,IDN,Asia,Asia,2006,26.21,1707.57,27.5,22.57
Indonesia,IDN,Asia,Asia,2007,25.71,1764.87,20.57,25.3
Indonesia,IDN,Asia,Asia,2008,26.61,1557.58,26.06,29.28
Indonesia,IDN,Asia,Asia,2009,26.27,1591.26,28.28,34.02
Indonesia,IDN,Asia,Asia,2010,25.5,1671.41,27.13,36.19
Indonesia,IDN,Asia,Asia,2011,26.09,1760.5,27.58,43.87
Indonesia,IDN,Asia,Asia,2012,26.33,1572.1,30.98,42.27
Indonesia,IDN,Asia,Asia,2013,26.19,1711.62,30.04,43.36
Indonesia,IDN,Asia,Asia,2014,25.6,1673.54,24.9,52.01
Indonesia,IDN,Asia,Asia,2015,26.05,1788.28,24.68,50.25
Indonesia,IDN,Asia,Asia,2016,25.71,1633.99,22.54,56.02
Indonesia,IDN,Asia,Asia,2017,25.59,1586.06,24.72,59.72
Indonesia,IDN,Asia,Asia,2018,25.84,1606.79,35.04,64.78
Indonesia,IDN,Asia,Asia,2019,26.33,1785.76,30.79,62.81
Indonesia,IDN,Asia,Asia,2020,25.89,1505.73,29.23,65.79
Indonesia,IDN,Asia,Asia,2021,26.58,1667.93,28.18,74.53
Indonesia,IDN,Asia,Asia,2022,26.23,1719.14,30.33,74.51
Indonesia,IDN,Asia,Asia,2023,25.96,1478.28,24.67,78.86
Indonesia,IDN,Asia,Asia,2024,26.71,1665.45,29.9,81.37
Indonesia,IDN,Asia,Asia,2025,26.25,1738.11,25.82,87.9
Isle of Man,IMN,Europe,Europe,2000,8.78,1200.74,45.05,5.67
Isle of Man,IMN,Europe,Europe,2001,8.11,1009.99,48.12,7.99
Isle of Man,IMN,Europe,Europe,2002,8.06,1217.71,45.75,14.87
Isle of Man,IMN,Europe,Europe,2003,8.41,1173.74,45.85,16.72
Isle of Man,IMN,Europe,Europe,2004,8.29,1210.01,47.82,18.84
Isle of Man,IMN,Europe,Europe,2005,7.75,1229.63,46.03,23.95
Isle of Man,IMN,Europe,Europe,2006,8.22,1190.53,48.81,23.6
Isle of Man,IMN,Europe,Europe,2007,8.15,1120.79,43.98,29.31
Isle of Man,IMN,Europe,Europe,2008,8.15,1057.15,49.3,31.28
Isle of Man,IMN,Europe,Europe,2009,7.87,1295.37,51.04,36.6
Isle of Man,IMN,Europe,Europe,2010,8.63,1048.13,51.02,36.69
Isle of Man,IMN,Europe,Europe,2011,9.08,1108.37,49.04,41.19
Isle of Man,IMN,Europe,Europe,2012,8.13,1118.53,47.47,46.9
Isle of Man,IMN,Europe,Europe,2013,8.68,1138.54,53.62,49.34
Isle of Man,IMN,Europe,Europe,2014,8.62,1073.26,50.65,49.89
Isle of Man,IMN,Europe,Europe,2015,8.63,966.6,53.56,54.61
Isle of Man,IMN,Europe,Europe,2016,8.97,1109.41,52.35,57.63
Isle of Man,IMN,Europe,Europe,2017,9.51,1171.08,52.67,60.35
Isle of Man,IMN,Europe,Europe,2018,9.35,1227.9,51.3,64.64
Isle of Man,IMN,Europe,Europe,2019,8.86,1044.79,55.48,71.18
Isle of Man,IMN,Europe,Europe,2020,9.39,1044.43,52.79,68.09
Isle of Man,IMN,Europe,Europe,2021,9.96,1148.26,51.43,72.93
Isle of Man,IMN,Europe,Europe,2022,9.33,1142.37,52.46,75.49
Isle of Man,IMN,Europe,Europe,2023,8.83,1276.82,59.23,81.9
Isle of Man,IMN,Europe,Europe,2024,9.39,1234.45,57.71,83.96
Isle of Man,IMN,Europe,Europe,2025,9.2,1113.12,55.59,82.95
India,IND,Asia,Asia,2000,23.31,1457.99,31.63,8.22
India,IND,Asia,Asia,2001,23.6,1410.58,36.66,13.48
India,IND,Asia,Asia,2002,22.59,1431.04,33.2,15.07
India,IND,Asia,Asia,2003,24.04,1220.06,35.28,18.7
India,IND,Asia,Asia,2004,23.77,1212.39,35.27,16.92
India,IND,Asia,Asia,2005,23.72,1374.04,32.53,24.15
India,IND,Asia,Asia,2006,24.01,1408.92,33.29,29.95
India,IND,Asia,Asia,2007,23.4,1059.24,31.45,28.69
India,IND,Asia,Asia,2008,23.44,1269.83,37.88,31.71
India,IND,Asia,Asia,2009,23.52,1280.59,36.58,33.32
India,IND,Asia,Asia,2010,23.73,1425.26,32.58,36.92
India,IND,Asia,Asia,2011,23.57,1237.37,37.57,42.93
India,IND,Asia,Asia,2012,24.13,1249.36,40.97,43.98
India,IND,Asia,Asia,2013,23.98,1186.89,37.86,49.54
India,IND,Asia,Asia,2014,23.9,1353.84,38.8,52.89
India,IND,Asia,Asia,2015,23.86,1204.14,40.14,56.89
India,IND,Asia,Asia,2016,23.8,1263.9,41.71,57.74
India,IND,Asia,Asia,2017,23.88,1393.44,38.55,63.22
India,IND,Asia,Asia,2018,24.38,1321.41,41.44,63.41
India,IND,Asia,Asia,2019,24.05,1244.43,42.82,69.89
India,IND,Asia,Asia,2020,24.12,1256.51,43.22,70.41
India,IND,Asia,Asia,2021,23.96,1316.87,38.76,72.05
India,IND,Asia,Asia,2022,23.64,1332.15,42.73,79.12
India,IND,Asia,Asia,2023,24.04,1335.01,42.36,80.53
India,IND,Asia,Asia,2024,24.59,1376.63,44.19,86.93
India,IND,Asia,Asia,2025,24.3,1203.3,40.11,86.04
Indian Ocean Territories,IOA,Asia,Africa,2000,22.68,1366.33,9.5,2.12
Indian Ocean Territories,IOA,Asia,Africa,2001,23.13,1336.99,11.74,2.52
Indian Ocean Territories,IOA,Asia,Africa,2002,22.45,1417.21,12.78,7.34
Indian Ocean Territories,IOA,Asia,Africa,2003,22.67,1462.32,9.15,9.11
Indian Ocean Territories,IOA,Asia,Africa,2004,23.07,1283.74,14.58,16.65
Indian Ocean Territories,IOA,Asia,Africa,2005,22.76,1213.83,19.05,18.03
Indian Ocean Territories,IOA,Asia,Africa,2006,23.35,1359.54,13.4,24.62
Indian Ocean Territories,IOA,Asia,Africa,2007,22.69,1228.76,11.16,25.51
Indian Ocean Territories,IOA,Asia,Africa,2008,23.69,1296.1,16.42,25.42
Indian Ocean Territories,IOA,Asia,Africa,2009,23.48,1250.59,11.61,28.96
Indian Ocean Territories,IOA,Asia,Africa,2010,22.77,1311.47,12.31,33.19
Indian Ocean Territories,IOA,Asia,Africa,2011,23.86,1327.36,16.07,34.77
Indian Ocean Territories,IOA,Asia,Africa,2012,23.38,1378.95,15.26,38.5
Indian Ocean Territories,IOA,Asia,Africa,2013,23.88,1354.48,11.56,41.93
Indian Ocean Territories,IOA,Asia,Africa,2014,23.56,1247.36,13.99,46.79
Indian Ocean Territories,IOA,Asia,Africa,2015,23.45,1253.46,14.53,48.5
Indian Ocean Territories,IOA,Asia,Africa,2016,23.1,1369.59,4.87,54.55
Indian Ocean Territories,IOA,Asia,Africa,2017,22.57,1231.25,10.14,59.68
Indian Ocean Territories,IOA,Asia,Africa,2018,23.8,1270.65,10.99,58.45
Indian Ocean Territories,IOA,Asia,Africa,2019,23.77,1293.52,13.24,62.36
Indian Ocean Territories,IOA,Asia,Africa,2020,23.44,1282.73,9.5,65.86
Indian Ocean Territories,IOA,Asia,Africa,2021,23.24,1371.68,13.96,70.61
Indian Ocean Territories,IOA,Asia,Africa,2022,23.6,1258.36,10.77,67.75
Indian Ocean Territories,IOA,Asia,Africa,2023,23.62,1384.98,12.74,77.22
Indian Ocean Territories,IOA,Asia,Africa,2024,23.57,1256.39,9.52,77.1
Indian Ocean Territories,IOA,Asia,Africa,2025,24.45,1295.69,13.29,80.43
Ireland,IRL,Europe,Europe,2000,5.06,1298.23,23.64,3.24
Ireland,IRL,Europe,Europe,2001,5.44,1381.9,14.51,8.73
Ireland,IRL,Europe,Europe,2002,5.79,1261.33,21.84,9.27
Ireland,IRL,Europe,Europe,2003,6.23,1365.7,21.24,15.47
Ireland,IRL,Europe,Europe,2004,6.1,1260.31,21.59,20.07
Ireland,IRL,Europe,Europe,2005,6.23,1351.59,21.44,20.45
Ireland,IRL,Europe,Europe,2006,5.93,1250.71,19.24,29.64
Ireland,IRL,Europe,Europe,2007,6.76,1189.02,25.22,30.07
Ireland,IRL,Europe,Europe,2008,5.95,1347.2,19.63,30.27
Ireland,IRL,Europe,Europe,2009,6.04,1289.44,17.01,34.84
Ireland,IRL,Europe,Europe,2010,6.42,1191.5,24.08,39.61
Ireland,IRL,Europe,Europe,2011,6.09,1391.98,22.27,39.83
Ireland,IRL,Europe,Europe,2012,6.51,1288.45,24.37,40.5
Ireland,IRL,Europe,Europe,2013,5.66,1158.18,24.35,43.77
Ireland,IRL,Europe,Europe,2014,6.72,1161.73,21,48.24
Ireland,IRL,Europe,Europe,2015,6.11,1274.78,19.38,54.86
Ireland,IRL,Europe,Europe,2016,7.19,1194.99,28.6,59.6
Ireland,IRL,Europe,Europe,2017,6.72,1352.11,27.07,60.85
Ireland,IRL,Europe,Europe,2018,7.01,1277.53,23.72,60.46
Ireland,IRL,Europe,Europe,2019,7.29,1434.56,26.12,64.31
Ireland,IRL,Europe,Europe,2020,6.17,1089.32,23.81,69.94
Ireland,IRL,Europe,Europe,2021,7.01,1369.56,26.86,74.77
Ireland,IRL,Europe,Europe,2022,7.74,1275.04,19.61,78.7
Ireland,IRL,Europe,Europe,2023,6.25,1270.45,24.91,82.14
Ireland,IRL,Europe,Europe,2024,6.76,1311.25,26.61,78.65
Ireland,IRL,Europe,Europe,2025,6.71,1271.05,28.11,86.6
Iran,IRN,Asia,Asia,2000,16.37,1520.22,7.07,0.14
Iran,IRN,Asia,Asia,2001,16.47,1414.65,9.24,4.74
Iran,IRN,Asia,Asia,2002,16.01,1480.69,8.76,5.12
Iran,IRN,Asia,Asia,2003,16.75,1443.46,4.47,8.84
Iran,IRN,Asia,Asia,2004,16.74,1422.36,1.49,13.9
Iran,IRN,Asia,Asia,2005,16.82,1463.94,15.73,17.62
Iran,IRN,Asia,Asia,2006,17.17,1462.86,4.38,22.43
Iran,IRN,Asia,Asia,2007,17.14,1541.71,8.63,23.31
Iran,IRN,Asia,Asia,2008,16.66,1488.12,6.62,28.7
Iran,IRN,Asia,Asia,2009,17.4,1379.36,4.16,30.33
Iran,IRN,Asia,Asia,2010,17.01,1305.09,5.5,30.71
Iran,IRN,Asia,Asia,2011,16.46,1537.34,12.18,35.03
Iran,IRN,Asia,Asia,2012,16.94,1447.17,4.43,38.45
Iran,IRN,Asia,Asia,2013,16.66,1413.78,11.18,45.44
Iran,IRN,Asia,Asia,2014,17.32,1482.95,8.78,42.56
Iran,IRN,Asia,Asia,2015,17.57,1505.42,7.89,52.36
Iran,IRN,Asia,Asia,2016,17.99,1434.06,10.22,53.39
Iran,IRN,Asia,Asia,2017,16.85,1498.44,9.76,52.84
Iran,IRN,Asia,Asia,2018,16.84,1344,11.25,60.49
Iran,IRN,Asia,Asia,2019,17.68,1347.36,14.15,62.41
Iran,IRN,Asia,Asia,2020,16.98,1542.42,12.45,62.22
Iran,IRN,Asia,Asia,2021,17.45,1599.09,11.36,67.81
Iran,IRN,Asia,Asia,2022,16.9,1454.44,4.08,69.66
Iran,IRN,Asia,Asia,2023,16.92,1523.3,7.93,70.41
Iran,IRN,Asia,Asia,2024,17.79,1465.92,13.28,78.61
Iran,IRN,Asia,Asia,2025,17.48,1427.03,11.54,82.12
Iraq,IRQ,Asia,Asia,2000,20.31,869.95,130.34,4.59
Iraq,IRQ,Asia,Asia,2001,19.99,809.78,131.59,7.38
Iraq,IRQ,Asia,Asia,2002,19.88,801.58,135.54,13.2
Iraq,IRQ,Asia,Asia,2003,20.44,833.61,136.57,13.32
Iraq,IRQ,Asia,Asia,2004,20.11,892.61,139.67,24.55
Iraq,IRQ,Asia,Asia,2005,20.91,820.08,133.5,21.78
Iraq,IRQ,Asia,Asia,2006,21.03,811.58,141.95,27.52
Iraq,IRQ,Asia,Asia,2007,20.81,807.28,145.52,32.47
Iraq,IRQ,Asia,Asia,2008,20.94,924.54,141.7,29.59
Iraq,IRQ,Asia,Asia,2009,20.77,932.04,150.29,37.42
Iraq,IRQ,Asia,Asia,2010,20.92,900.02,152.1,38.54
Iraq,IRQ,Asia,Asia,2011,21.23,982.1,150.45,40.85
Iraq,IRQ,Asia,Asia,2012,20.32,857.55,152.4,46.02
Iraq,IRQ,Asia,Asia,2013,20.8,780.66,149.15,50.51
Iraq,IRQ,Asia,Asia,2014,20.45,926.67,151.22,54.89
Iraq,IRQ,Asia,Asia,2015,21.34,836.73,153.72,57.16
Iraq,IRQ,Asia,Asia,2016,20.98,893.2,161.17,60.63
Iraq,IRQ,Asia,Asia,2017,21.62,877.36,155.28,60.63
Iraq,IRQ,Asia,Asia,2018,21.44,913.48,160.2,62.95
Iraq,IRQ,Asia,Asia,2019,21.74,974.06,161.38,65.3
Iraq,IRQ,Asia,Asia,2020,21.46,906.39,161.08,69.48
Iraq,IRQ,Asia,Asia,2021,21.44,952.21,165.41,75.79
Iraq,IRQ,Asia,Asia,2022,21.05,748.59,165.17,77.76
Iraq,IRQ,Asia,Asia,2023,21.46,968.71,168.7,78.91
Iraq,IRQ,Asia,Asia,2024,21.18,1025.57,171.24,82.98
Iraq,IRQ,Asia,Asia,2025,21.37,905.25,169.95,84.67
Iceland,ISL,Europe,Europe,2000,6.71,1450.87,5.08,5.38
Iceland,ISL,Europe,Europe,2001,7.38,1457.09,0,6.72
Iceland,ISL,Europe,Europe,2002,6.27,1351.89,3.07,9.64
Iceland,ISL,Europe,Europe,2003,5.81,1406.56,5.37,13.62
Iceland,ISL,Europe,Europe,2004,6.22,1407.53,4,16.41
Iceland,ISL,Europe,Europe,2005,7.14,1311.07,4.61,18.69
Iceland,ISL,Europe,Europe,2006,6.99,1179.38,1.06,21.97
Iceland,ISL,Europe,Europe,2007,7.45,1241.8,0,25.04
Iceland,ISL,Europe,Europe,2008,7.12,1317.04,3.02,27.03
Iceland,ISL,Europe,Europe,2009,6.69,1546.99,1.3,29.35
Iceland,ISL,Europe,Europe,2010,7.07,1310.49,4.06,31.61
Iceland,ISL,Europe,Europe,2011,7.54,1253.64,0,37.03
Iceland,ISL,Europe,Europe,2012,7.4,1377.4,2.14,41.55
Iceland,ISL,Europe,Europe,2013,6.95,1335.34,0,44.37
Iceland,ISL,Europe,Europe,2014,7.29,1436.97,0.2,48.88
Iceland,ISL,Europe,Europe,2015,6.91,1428.77,6.12,52.67
Iceland,ISL,Europe,Europe,2016,6.8,1345.14,0,53.32
Iceland,ISL,Europe,Europe,2017,7.26,1343.2,6.65,56.66
Iceland,ISL,Europe,Europe,2018,7.1,1452.29,0.6,58.62
Iceland,ISL,Europe,Europe,2019,7.04,1455.46,0.75,67.03
Iceland,ISL,Europe,Europe,2020,7.14,1393.44,6.26,70.12
Iceland,ISL,Europe,Europe,2021,7.07,1399.73,0.27,74.17
Iceland,ISL,Europe,Europe,2022,7.77,1173.11,3.37,73.29
Iceland,ISL,Europe,Europe,2023,7.09,1455.3,3.42,75.96
Iceland,ISL,Europe,Europe,2024,7.52,1378.39,0,78.21
Iceland,ISL,Europe,Europe,2025,6.99,1267.14,3.79,85.78
Israel,ISR,Asia,Asia,2000,18.27,1883.44,9.71,2.04
Israel,ISR,Asia,Asia,2001,18.25,2123.2,14.38,4.3
Israel,ISR,Asia,Asia,2002,18.48,1904.54,10.1,4.7
Israel,ISR,Asia,Asia,2003,18.47,1968.15,10.98,9.28
Israel,ISR,Asia,Asia,2004,17.98,1918.59,9.13,15.58
Israel,ISR,Asia,Asia,2005,17.81,2037.03,8.45,17.27
Israel,ISR,Asia,Asia,2006,18.46,1751.74,11.21,20.89
Israel,ISR,Asia,Asia,2007,17.47,1921,11.68,24.23
Israel,ISR,Asia,Asia,2008,18.53,1953,11.38,29.41
Israel,ISR,Asia,Asia,2009,18.3,1960.89,11.62,29.04
Israel,ISR,Asia,Asia,2010,18.62,1820.02,9.52,31.31
Israel,ISR,Asia,Asia,2011,18.99,2046.54,10.55,39.8
Israel,ISR,Asia,Asia,2012,18.42,1954.17,9.76,41.35
Israel,ISR,Asia,Asia,2013,18.48,2013.39,9.88,43.63
Israel,ISR,Asia,Asia,2014,18.84,1815.03,14.85,45.07
Israel,ISR,Asia,Asia,2015,18.68,1954.91,8.87,46.88
Israel,ISR,Asia,Asia,2016,18.39,1896.65,11.38,54.6
Israel,ISR,Asia,Asia,2017,19.09,1909.62,11.53,55.91
Israel,ISR,Asia,Asia,2018,19.23,2199.37,8.38,59.39
Israel,ISR,Asia,Asia,2019,18.89,1865.03,13.5,62.02
Israel,ISR,Asia,Asia,2020,18.55,1879.86,15.2,63.31
Israel,ISR,Asia,Asia,2021,19.07,1977.28,13.36,68.16
Israel,ISR,Asia,Asia,2022,18.95,1906.33,14.73,72.91
Israel,ISR,Asia,Asia,2023,18.36,1843.39,10.84,75.79
Israel,ISR,Asia,Asia,2024,18.26,1964.57,14.58,75.58
Israel,ISR,Asia,Asia,2025,19.19,1998.24,16.82,78.71
Italy,ITA,Europe,Europe,2000,12.52,443.59,802.53,5.47
Italy,ITA,Europe,Europe,2001,12.88,590.9,812.88,7.66
Italy,ITA,Europe,Europe,2002,12.62,648.02,819.64,13.15
Italy,ITA,Europe,Europe,2003,12.93,582.77,828.29,11.7
Italy,ITA,Europe,Europe,2004,13.08,540.49,839.01,19.46
Italy,ITA,Europe,Europe,2005,12.95,592.16,851.93,18.2
Italy,ITA,Europe,Europe,2006,12.33,578.37,858.99,24.2
Italy,ITA,Europe,Europe,2007,12.78,609.91,865.94,28.79
Italy,ITA,Europe,Europe,2008,13.15,738.1,869.28,30.36
Italy,ITA,Europe,Europe,2009,12.96,639.54,887.9,32.47
Italy,ITA,Europe,Europe,2010,13.85,647.67,892.72,39.82
Italy,ITA,Europe,Europe,2011,13.33,748.26,899.2,39.05
Italy,ITA,Europe,Europe,2012,12.96,590.62,910.6,44.79
Italy,ITA,Europe,Europe,2013,13.1,494.75,923,49.09
Italy,ITA,Europe,Europe,2014,12.71,357.91,934.27,51.8
Italy,ITA,Europe,Europe,2015,13.19,448.75,937.19,55.76
Italy,ITA,Europe,Europe,2016,13.21,605.38,954.31,61.03
Italy,ITA,Europe,Europe,2017,12.86,361.16,958.49,60.1
Italy,ITA,Europe,Europe,2018,12.85,419.61,966.69,61.65
Italy,ITA,Europe,Europe,2019,13.68,356.83,982.67,65.74
Italy,ITA,Europe,Europe,2020,13.21,533.27,987.94,69.77
Italy,ITA,Europe,Europe,2021,13.31,511.27,999.29,74.31
Italy,ITA,Europe,Europe,2022,13.07,534.93,1012.17,76.07
Italy,ITA,Europe,Europe,2023,13.75,459.52,1019.16,77.04
Italy,ITA,Europe,Europe,2024,13.5,666.03,1030.17,82.4
Italy,ITA,Europe,Europe,2025,14.31,564.95,1036.75,86.22
Jamaica,JAM,North America,Americas,2000,4.85,784.08,51.2,0.31
Jamaica,JAM,North America,Americas,2001,4.3,855.5,32.3,5.16
Jamaica,JAM,North America,Americas,2002,4.44,637.23,38.38,9.38
Jamaica,JAM,North America,Americas,2003,4.69,793.95,44.83,12.14
Jamaica,JAM,North America,Americas,2004,4.81,775.62,43.69,14.28
Jamaica,JAM,North America,Americas,2005,4.22,902.26,44.98,21.19
Jamaica,JAM,North America,Americas,2006,4.82,581.24,39.64,23.91
Jamaica,JAM,North America,Americas,2007,5.08,820.44,47.25,23.88
Jamaica,JAM,North America,Americas,2008,4.86,879.69,42.94,26.84
Jamaica,JAM,North America,Americas,2009,5.54,742.28,39.57,31.51
Jamaica,JAM,North America,Americas,2010,4.89,914.11,45.7,33.55
Jamaica,JAM,North America,Americas,2011,5.39,690.98,37.85,36.39
Jamaica,JAM,North America,Americas,2012,5.42,698.83,46.24,38.49
Jamaica,JAM,North America,Americas,2013,5.03,639.41,37.18,43.75
Jamaica,JAM,North America,Americas,2014,4.88,772.24,50.19,44.33
Jamaica,JAM,North America,Americas,2015,5.18,758.43,47.41,47.97
Jamaica,JAM,North America,Americas,2016,5.41,834.54,43.92,53.99
Jamaica,JAM,North America,Americas,2017,5.45,747.87,52.77,58.54
Jamaica,JAM,North America,Americas,2018,5.33,530.27,49.23,58.07
Jamaica,JAM,North America,Americas,2019,5.5,737.9,44.34,60.21
Jamaica,JAM,North America,Americas,2020,5.6,807.27,42.88,63.49
Jamaica,JAM,North America,Americas,2021,4.97,683.79,45.73,67.64
Jamaica,JAM,North America,Americas,2022,6.13,697.01,52.08,71.18
Jamaica,JAM,North America,Americas,2023,5.54,877.15,53.06,73.32
Jamaica,JAM,North America,Americas,2024,5.77,824.19,47.96,78.59
Jamaica,JAM,North America,Americas,2025,6.02,753.95,51.82,78.76
Jersey,JEY,Europe,Europe,2000,10.99,937.17,9.72,4.05
Jersey,JEY,Europe,Europe,2001,10.56,856.68,8.16,5.65
Jersey,JEY,Europe,Europe,2002,11.26,909.52,7.68,9.4
Jersey,JEY,Europe,Europe,2003,10.95,863.41,12.12,14.38
Jersey,JEY,Europe,Europe,2004,10.65,827.57,10.99,18.13
Jersey,JEY,Europe,Europe,2005,10.85,997,10.4,19.73
Jersey,JEY,Europe,Europe,2006,10.28,792.41,7.15,20.27
Jersey,JEY,Europe,Europe,2007,10.54,816.02,11.04,21.73
Jersey,JEY,Europe,Europe,2008,10.78,955.92,11.1,28.75
Jersey,JEY,Europe,Europe,2009,10.63,869.37,8.38,31.23
Jersey,JEY,Europe,Europe,2010,11.01,958.37,13.81,34.71
Jersey,JEY,Europe,Europe,2011,10.56,924.62,6.26,37.44
Jersey,JEY,Europe,Europe,2012,11.05,1023.42,5.33,41.86
Jersey,JEY,Europe,Europe,2013,11.27,1015.83,9.38,47.99
Jersey,JEY,Europe,Europe,2014,10.91,910.16,12.18,47.58
Jersey,JEY,Europe,Europe,2015,11.08,1085.62,10.5,49.36
Jersey,JEY,Europe,Europe,2016,11.1,855.71,8.18,55.32
Jersey,JEY,Europe,Europe,2017,12.36,730.27,12.09,56.94
Jersey,JEY,Europe,Europe,2018,10.87,807.09,10.49,60.64
Jersey,JEY,Europe,Europe,2019,11.47,954.92,11.32,68.61
Jersey,JEY,Europe,Europe,2020,11.34,904.33,13.71,66.68
Jersey,JEY,Europe,Europe,2021,11.44,851.47,10.48,72.13
Jersey,JEY,Europe,Europe,2022,11.5,929.52,8.04,70.8
Jersey,JEY,Europe,Europe,2023,11.5,951.26,11.75,76.2
Jersey,JEY,Europe,Europe,2024,11.77,1070.16,10.34,79.39
Jersey,JEY,Europe,Europe,2025,11.79,916.16,12.53,82.04
Jordan,JOR,Asia,Asia,2000,10.19,724.04,22.03,2.35
Jordan,JOR,Asia,Asia,2001,10.31,598.85,22.01,4.86
Jordan,JOR,Asia,Asia,2002,10.24,618.7,22.27,6.78
Jordan,JOR,Asia,Asia,2003,10.25,924.36,26.81,9.77
Jordan,JOR,Asia,Asia,2004,10.02,587.76,20.2,15.95
Jordan,JOR,Asia,Asia,2005,9.43,712.88,20.79,17.29
Jordan,JOR,Asia,Asia,2006,10.42,599.73,19.67,22.85
Jordan,JOR,Asia,Asia,2007,10.64,655.18,22.83,22.38
Jordan,JOR,Asia,Asia,2008,10.45,720.36,22.08,28.51
Jordan,JOR,Asia,Asia,2009,10.88,768.01,23.78,32.26
Jordan,JOR,Asia,Asia,2010,10.87,629.09,24.15,30.97
Jordan,JOR,Asia,Asia,2011,10.24,741.53,24.54,34.72
Jordan,JOR,Asia,Asia,2012,10.52,725.87,28.54,39.02
Jordan,JOR,Asia,Asia,2013,10.9,762.21,23.01,44.87
Jordan,JOR,Asia,Asia,2014,10.62,618.69,28.14,44.4
Jordan,JOR,Asia,Asia,2015,10.67,653.31,23.1,49.33
Jordan,JOR,Asia,Asia,2016,10.03,640.02,23.81,55.38
Jordan,JOR,Asia,Asia,2017,10.48,709.82,21.34,54.65
Jordan,JOR,Asia,Asia,2018,10.7,748.23,29.5,59.09
Jordan,JOR,Asia,Asia,2019,11.43,573.11,27.23,62.95
Jordan,JOR,Asia,Asia,2020,10.83,820.56,28.92,62.62
Jordan,JOR,Asia,Asia,2021,11.19,672.37,29.36,69.51
Jordan,JOR,Asia,Asia,2022,10.76,622.3,31.11,69.8
Jordan,JOR,Asia,Asia,2023,10.72,539.9,22.56,75.69
Jordan,JOR,Asia,Asia,2024,11.01,507.4,26.87,81.98
Jordan,JOR,Asia,Asia,2025,10.59,686.83,29.54,78.61
Japan,JPN,Asia,Asia,2000,20.49,365.61,16.58,2.28
Japan,JPN,Asia,Asia,2001,20.77,255.66,12.81,6.11
Japan,JPN,Asia,Asia,2002,20.98,219.82,14.83,10.76
Japan,JPN,Asia,Asia,2003,20.94,300.74,6.87,14.84
Japan,JPN,Asia,Asia,2004,21.46,181.31,17.32,17.04
Japan,JPN,Asia,Asia,2005,20.89,220.45,15.66,17.57
Japan,JPN,Asia,Asia,2006,20.64,115.16,13.64,26.25
Japan,JPN,Asia,Asia,2007,20.55,326.84,17.6,27.47
Japan,JPN,Asia,Asia,2008,21.28,365.05,16.18,29.67
Japan,JPN,Asia,Asia,2009,20.61,356.16,14.88,29.15
Japan,JPN,Asia,Asia,2010,21.26,379.2,12.72,33.4
Japan,JPN,Asia,Asia,2011,20.84,253.83,13.44,37.68
Japan,JPN,Asia,Asia,2012,20.79,373.07,14.53,38.73
Japan,JPN,Asia,Asia,2013,20.5,315.59,16.41,45.83
Japan,JPN,Asia,Asia,2014,21.24,292.52,9.69,48.84
Japan,JPN,Asia,Asia,2015,21.06,330.83,17.42,51.36
Japan,JPN,Asia,Asia,2016,21.2,348.22,15.14,56.69
Japan,JPN,Asia,Asia,2017,21.19,209.02,12.47,55.91
Japan,JPN,Asia,Asia,2018,20.87,288.19,8.33,58.64
Japan,JPN,Asia,Asia,2019,21.62,541.39,15.87,63.53
Japan,JPN,Asia,Asia,2020,20.74,413.37,21.37,64.98
Japan,JPN,Asia,Asia,2021,21.58,387.16,15.09,69.76
Japan,JPN,Asia,Asia,2022,21.27,508.21,21.65,70.63
Japan,JPN,Asia,Asia,2023,21.43,495.82,18.04,76.81
Japan,JPN,Asia,Asia,2024,21.65,493.76,14.48,79.24
Japan,JPN,Asia,Asia,2025,21.3,535.57,16.33,83.59
Siachen Glacier,KAS,Asia,Asia,2000,17.62,1109.18,16.13,6.82
Siachen Glacier,KAS,Asia,Asia,2001,17.51,1139.63,14.82,8.85
Siachen Glacier,KAS,Asia,Asia,2002,17.76,1042.54,14.37,13.99
Siachen Glacier,KAS,Asia,Asia,2003,17.55,1045.75,17.96,17.76
Siachen Glacier,KAS,Asia,Asia,2004,17.34,1106.61,17.53,18.61
Siachen Glacier,KAS,Asia,Asia,2005,18.18,932.51,14.57,21.86
Siachen Glacier,KAS,Asia,Asia,2006,17.41,958.24,17.05,24.77
Siachen Glacier,KAS,Asia,Asia,2007,17.9,1058.26,22.09,28.92
Siachen Glacier,KAS,Asia,Asia,2008,17.17,1046.6,15.95,33.46
Siachen Glacier,KAS,Asia,Asia,2009,17.94,1012.34,17.32,34.84
Siachen Glacier,KAS,Asia,Asia,2010,18.36,1188.33,15.75,43.06
Siachen Glacier,KAS,Asia,Asia,2011,17.75,1130.17,15.02,41.9
Siachen Glacier,KAS,Asia,Asia,2012,18.18,1093.37,18.68,49.18
Siachen Glacier,KAS,Asia,Asia,2013,17.78,1048.82,13.23,49.49
Siachen Glacier,KAS,Asia,Asia,2014,17.69,976.62,15.62,50.68
Siachen Glacier,KAS,Asia,Asia,2015,18.25,806.56,17.36,53.1
Siachen Glacier,KAS,Asia,Asia,2016,17.9,992.61,17.41,56.72
Siachen Glacier,KAS,Asia,Asia,2017,17.72,1027.82,11.81,64.09
Siachen Glacier,KAS,Asia,Asia,2018,18.32,940.58,11.21,63.49
Siachen Glacier,KAS,Asia,Asia,2019,18.41,1028.48,15.38,66.45
Siachen Glacier,KAS,Asia,Asia,2020,18.01,1080.01,16.48,70.36
Siachen Glacier,KAS,Asia,Asia,2021,18.79,1098.5,15.56,77.58
Siachen Glacier,KAS,Asia,Asia,2022,18.21,1026.34,19.65,77.69
Siachen Glacier,KAS,Asia,Asia,2023,18.2,1098.44,16.97,81.25
Siachen Glacier,KAS,Asia,Asia,2024,18.04,984.71,13.82,84.59
Siachen Glacier,KAS,Asia,Asia,2025,18.33,1054.2,15.58,87.68
Kazakhstan,KAZ,Asia,Asia,2000,22.66,865.44,130.72,9.51
Kazakhstan,KAZ,Asia,Asia,2001,22.06,974.78,130.17,8.55
Kazakhstan,KAZ,Asia,Asia,2002,22.07,1197.02,137.55,11.39
Kazakhstan,KAZ,Asia,Asia,2003,22.53,1177.91,136.46,16.14
Kazakhstan,KAZ,Asia,Asia,2004,22.49,1103.2,136.5,16.57
Kazakhstan,KAZ,Asia,Asia,2005,22.64,1172.58,139.39,23.45
Kazakhstan,KAZ,Asia,Asia,2006,22.07,1209.52,139.64,22.87
Kazakhstan,KAZ,Asia,Asia,2007,22.26,1219.27,143.68,26.99
Kazakhstan,KAZ,Asia,Asia,2008,22.53,1220.49,145.5,32.11
Kazakhstan,KAZ,Asia,Asia,2009,23,959.33,145.6,30.36
Kazakhstan,KAZ,Asia,Asia,2010,22.64,1222.67,145.7,41.92
Kazakhstan,KAZ,Asia,Asia,2011,22.62,1207.22,149.68,40.14
Kazakhstan,KAZ,Asia,Asia,2012,22.58,1164.95,152.53,45.01
Kazakhstan,KAZ,Asia,Asia,2013,23.01,1151.04,154.39,50.13
Kazakhstan,KAZ,Asia,Asia,2014,22,1112.56,144.69,50.86
Kazakhstan,KAZ,Asia,Asia,2015,23.2,1264.76,151.65,53.27
Kazakhstan,KAZ,Asia,Asia,2016,22.96,1087.88,154.21,55.35
Kazakhstan,KAZ,Asia,Asia,2017,23,1338.84,156.75,62.6
Kazakhstan,KAZ,Asia,Asia,2018,22.16,1068.83,158.42,64.85
Kazakhstan,KAZ,Asia,Asia,2019,22.77,1209.18,158.76,64.62
Kazakhstan,KAZ,Asia,Asia,2020,22.98,1053.75,163.6,66.76
Kazakhstan,KAZ,Asia,Asia,2021,22.54,1241.1,157.1,75.26
Kazakhstan,KAZ,Asia,Asia,2022,23.24,1097.9,165.02,79.49
Kazakhstan,KAZ,Asia,Asia,2023,22.74,1251.88,169.48,77.51
Kazakhstan,KAZ,Asia,Asia,2024,22.97,1050.1,168.83,82.57
Kazakhstan,KAZ,Asia,Asia,2025,22.97,1187.98,168.72,89.61
Kenya,KEN,Africa,Africa,2000,18.05,1327.64,209.24,2.5
Kenya,KEN,Africa,Africa,2001,17.58,1322.26,209.78,8.12
Kenya,KEN,Africa,Africa,2002,18.23,1265.42,211.73,13.21
Kenya,KEN,Africa,Africa,2003,17.99,1240.99,211.27,13
Kenya,KEN,Africa,Africa,2004,17.59,1204.14,220.76,19.32
Kenya,KEN,Africa,Africa,2005,18.32,1255.65,213.54,18.95
Kenya,KEN,Africa,Africa,2006,18.41,1274.67,224.21,26.39
Kenya,KEN,Africa,Africa,2007,18.13,1236.6,224.03,28.27
Kenya,KEN,Africa,Africa,2008,17.48,1241.42,224.64,29.37
Kenya,KEN,Africa,Africa,2009,17.82,1343.85,232.3,33.9
Kenya,KEN,Africa,Africa,2010,17.62,1157.98,234.39,34.66
Kenya,KEN,Africa,Africa,2011,17.91,1392.8,236.03,37.79
Kenya,KEN,Africa,Africa,2012,18.42,1088.45,240.36,43.61
Kenya,KEN,Africa,Africa,2013,18.5,1234.7,243.69,45.61
Kenya,KEN,Africa,Africa,2014,18.19,1301.73,240.9,48.66
Kenya,KEN,Africa,Africa,2015,17.98,1346.76,246.84,51.41
Kenya,KEN,Africa,Africa,2016,18.22,1285.22,255.25,54.92
Kenya,KEN,Africa,Africa,2017,18.45,1422.78,249.3,54.89
Kenya,KEN,Africa,Africa,2018,18.91,1380.79,251.65,61.24
Kenya,KEN,Africa,Africa,2019,18.79,1401.18,256.54,63.18
Kenya,KEN,Africa,Africa,2020,18.28,1316.51,257.81,65.97
Kenya,KEN,Africa,Africa,2021,18.76,1131,260.17,69.64
Kenya,KEN,Africa,Africa,2022,19.01,1369.14,262.91,76.68
Kenya,KEN,Africa,Africa,2023,18.59,1278.92,264.73,79.62
Kenya,KEN,Africa,Africa,2024,18.22,1365.08,267.19,79.6
Kenya,KEN,Africa,Africa,2025,18.25,1250.08,269.97,83.38
Kyrgyzstan,KGZ,Asia,Asia,2000,13.25,762.01,202.85,5.79
Kyrgyzstan,KGZ,Asia,Asia,2001,13.36,973.73,198.7,3.77
Kyrgyzstan,KGZ,Asia,Asia,2002,12.84,883.56,199.72,11.92
Kyrgyzstan,KGZ,Asia,Asia,2003,13.17,836.41,207.38,15.8
Kyrgyzstan,KGZ,Asia,Asia,2004,13.77,787.95,206.65,16.57
Kyrgyzstan,KGZ,Asia,Asia,2005,13.05,895.49,208.73,22.8
Kyrgyzstan,KGZ,Asia,Asia,2006,13.78,867.25,211.49,28.21
Kyrgyzstan,KGZ,Asia,Asia,2007,13.08,984.31,217.36,28.73
Kyrgyzstan,KGZ,Asia,Asia,2008,13.31,802.67,219.6,27.78
Kyrgyzstan,KGZ,Asia,Asia,2009,13.56,870.84,220.55,33.5
Kyrgyzstan,KGZ,Asia,Asia,2010,14.16,953.99,222.54,33.98
Kyrgyzstan,KGZ,Asia,Asia,2011,13.19,804.16,231.67,41.82
Kyrgyzstan,KGZ,Asia,Asia,2012,13.52,855.9,227.42,43.88
Kyrgyzstan,KGZ,Asia,Asia,2013,13.43,1077.12,228.39,43.26
Kyrgyzstan,KGZ,Asia,Asia,2014,13.49,864.53,232.25,50.99
Kyrgyzstan,KGZ,Asia,Asia,2015,13.08,794.9,237.15,53.01
Kyrgyzstan,KGZ,Asia,Asia,2016,13.51,889.74,231.66,56.02
Kyrgyzstan,KGZ,Asia,Asia,2017,14.15,1052.41,242.12,60.27
Kyrgyzstan,KGZ,Asia,Asia,2018,14.09,827.65,247.55,64.4
Kyrgyzstan,KGZ,Asia,Asia,2019,14.42,788.26,246.67,61.8
Kyrgyzstan,KGZ,Asia,Asia,2020,13.83,1000.94,242.39,68.51
Kyrgyzstan,KGZ,Asia,Asia,2021,14.22,878.41,251.56,72.26
Kyrgyzstan,KGZ,Asia,Asia,2022,13.75,995.5,250.68,74.54
Kyrgyzstan,KGZ,Asia,Asia,2023,14.5,895.3,250.94,79.8
Kyrgyzstan,KGZ,Asia,Asia,2024,14.22,915.92,259.05,82.84
Kyrgyzstan,KGZ,Asia,Asia,2025,15.05,906.69,262.55,81.3
Cambodia,KHM,Asia,Asia,2000,24.17,1373.47,20.84,8.02
Cambodia,KHM,Asia,Asia,2001,23.75,1400.44,14.83,7.76
Cambodia,KHM,Asia,Asia,2002,24.44,1440.38,15.03,14.68
Cambodia,KHM,Asia,Asia,2003,24.49,1431.05,16.62,15.54
Cambodia,KHM,Asia,Asia,2004,24.81,1402.69,15.45,16.92
Cambodia,KHM,Asia,Asia,2005,24.27,1577.85,14.99,22.1
Cambodia,KHM,Asia,Asia,2006,23.85,1333.89,16.07,26.04
Cambodia,KHM,Asia,Asia,2007,24.75,1321.08,14.56,29.27
Cambodia,KHM,Asia,Asia,2008,24.19,1411.68,12.79,33.78
Cambodia,KHM,Asia,Asia,2009,23.8,1355,26.48,34.51
Cambodia,KHM,Asia,Asia,2010,24.57,1511.18,22.19,39.68
Cambodia,KHM,Asia,Asia,2011,24.49,1422.2,17.85,41.18
Cambodia,KHM,Asia,Asia,2012,24.57,1456.65,16.29,45.55
Cambodia,KHM,Asia,Asia,2013,24.91,1559.27,17.27,49.95
Cambodia,KHM,Asia,Asia,2014,24.85,1453.14,22.41,52.76
Cambodia,KHM,Asia,Asia,2015,24.69,1452.72,19.1,56.87
Cambodia,KHM,Asia,Asia,2016,24.47,1346.86,18.53,56.28
Cambodia,KHM,Asia,Asia,2017,25.46,1411.19,20.62,59.98
Cambodia,KHM,Asia,Asia,2018,24.62,1359.02,21.24,64.4
Cambodia,KHM,Asia,Asia,2019,24.17,1403.16,18.71,67.31
Cambodia,KHM,Asia,Asia,2020,25.15,1410.18,23.69,69.05
Cambodia,KHM,Asia,Asia,2021,24.87,1514.21,16.55,76.02
Cambodia,KHM,Asia,Asia,2022,24.91,1368.28,16.4,77.75
Cambodia,KHM,Asia,Asia,2023,25.71,1292.33,18.27,83.75
Cambodia,KHM,Asia,Asia,2024,24.74,1583.96,19.11,82.6
Cambodia,KHM,Asia,Asia,2025,25.06,1453,24.55,86.61
Kiribati,KIR,Oceania,Oceania,2000,21.1,1080.55,13.73,0.36
Kiribati,KIR,Oceania,Oceania,2001,21.16,967.43,18.09,4.91
Kiribati,KIR,Oceania,Oceania,2002,21.51,1226.17,20.95,6.26
Kiribati,KIR,Oceania,Oceania,2003,20.93,1113.13,12.71,9.09
Kiribati,KIR,Oceania,Oceania,2004,21.87,1051.65,14.17,15.78
Kiribati,KIR,Oceania,Oceania,2005,21.35,1212.65,17.75,18.93
Kiribati,KIR,Oceania,Oceania,2006,21.42,1113.94,16.47,22.64
Kiribati,KIR,Oceania,Oceania,2007,20.97,1073.83,18.3,24.37
Kiribati,KIR,Oceania,Oceania,2008,21.49,1318.6,14.68,30.65
Kiribati,KIR,Oceania,Oceania,2009,21.28,1187.16,19.92,31.37
Kiribati,KIR,Oceania,Oceania,2010,21.37,1216.94,12.87,33.76
Kiribati,KIR,Oceania,Oceania,2011,22.54,1204.55,16.02,34.36
Kiribati,KIR,Oceania,Oceania,2012,21.67,1090.87,14.81,39.05
Kiribati,KIR,Oceania,Oceania,2013,22.06,1179.88,16.77,43.42
Kiribati,KIR,Oceania,Oceania,2014,21.72,1102.65,15.39,48.27
Kiribati,KIR,Oceania,Oceania,2015,21.59,1163.18,14.68,43.82
Kiribati,KIR,Oceania,Oceania,2016,21.47,1218.3,21.42,55.73
Kiribati,KIR,Oceania,Oceania,2017,22.2,1082.65,20.66,59.02
Kiribati,KIR,Oceania,Oceania,2018,21.91,1189.3,17.24,59.44
Kiribati,KIR,Oceania,Oceania,2019,21.84,1045.56,16.52,66.42
Kiribati,KIR,Oceania,Oceania,2020,21.75,1097.4,17.63,66.98
Kiribati,KIR,Oceania,Oceania,2021,22.07,1209.89,20.61,67.49
Kiribati,KIR,Oceania,Oceania,2022,21.67,1010.04,18.15,67.56
Kiribati,KIR,Oceania,Oceania,2023,22.03,1316.61,17.7,72.11
Kiribati,KIR,Oceania,Oceania,2024,22.8,1107.35,23.55,75.72
Kiribati,KIR,Oceania,Oceania,2025,21.97,1122.41,15.86,77.34
Saint Kitts and Nevis,KNA,North America,Americas,2000,8.88,850.16,153.34,5.22
Saint Kitts and Nevis,KNA,North America,Americas,2001,8.62,894.88,155.29,8.33
Saint Kitts and Nevis,KNA,North America,Americas,2002,9.07,751.55,154.97,13.52
Saint Kitts and Nevis,KNA,North America,Americas,2003,9.11,903.27,158.13,14.61
Saint Kitts and Nevis,KNA,North America,Americas,2004,8.59,831.38,162.9,20.79
Saint Kitts and Nevis,KNA,North America,Americas,2005,8.63,725.75,165.47,22.14
Saint Kitts and Nevis,KNA,North America,Americas,2006,8.71,918.4,157.17,25.39
Saint Kitts and Nevis,KNA,North America,Americas,2007,8.36,784.39,162.77,31.61
Saint Kitts and Nevis,KNA,North America,Americas,2008,8.74,881.49,167.7,32.43
Saint Kitts and Nevis,KNA,North America,Americas,2009,8.49,860.48,165.26,32.09
Saint Kitts and Nevis,KNA,North America,Americas,2010,8.94,936.75,168.36,37.72
Saint Kitts and Nevis,KNA,North America,Americas,2011,9.28,960.83,173.64,40.64
Saint Kitts and Nevis,KNA,North America,Americas,2012,9.34,852.03,175.54,42.48
Saint Kitts and Nevis,KNA,North America,Americas,2013,9.53,850.73,170.49,47.39
Saint Kitts and Nevis,KNA,North America,Americas,2014,9.35,840.79,179.54,52.1
Saint Kitts and Nevis,KNA,North America,Americas,2015,9.1,919.34,182.81,56.34
Saint Kitts and Nevis,KNA,North America,Americas,2016,9.65,902.79,186.99,53.63
Saint Kitts and Nevis,KNA,North America,Americas,2017,9.4,1015.68,185.15,62.57
Saint Kitts and Nevis,KNA,North America,Americas,2018,8.88,915.43,184.2,63.71
Saint Kitts and Nevis,KNA,North America,Americas,2019,9.34,942.37,189.05,69.68
Saint Kitts and Nevis,KNA,North America,Americas,2020,8.91,1036.18,191.55,68.91
Saint Kitts and Nevis,KNA,North America,Americas,2021,9.67,867.74,194.35,70.36
Saint Kitts and Nevis,KNA,North America,Americas,2022,9.18,934.91,197.45,77.57
Saint Kitts and Nevis,KNA,North America,Americas,2023,9.03,781.43,194.32,80.2
Saint Kitts and Nevis,KNA,North America,Americas,2024,9.11,1061.51,197.6,81
Saint Kitts and Nevis,KNA,North America,Americas,2025,9.34,924.11,200.75,90.64
South Korea,KOR,Asia,Asia,2000,26.08,490.79,7.6,6.56
South Korea,KOR,Asia,Asia,2001,26.07,548.37,11.31,10.39
South Korea,KOR,Asia,Asia,2002,26.18,627.2,13.45,11.35
South Korea,KOR,Asia,Asia,2003,25.7,728.38,10.07,16.14
South Korea,KOR,Asia,Asia,2004,26.06,714.98,15.17,21.4
South Korea,KOR,Asia,Asia,2005,26.08,612.67,9.29,19.08
South Korea,KOR,Asia,Asia,2006,25.66,689.91,12.77,26.61
South Korea,KOR,Asia,Asia,2007,25.34,536.06,10.89,26.23
South Korea,KOR,Asia,Asia,2008,26.18,629.6,11.24,28.35
South Korea,KOR,Asia,Asia,2009,25.54,706.46,15.64,32.01
South Korea,KOR,Asia,Asia,2010,25.79,463.69,12.56,40.59
South Korea,KOR,Asia,Asia,2011,25.79,495.63,9.14,42.23
South Korea,KOR,Asia,Asia,2012,25.81,555.59,11.6,43.03
South Korea,KOR,Asia,Asia,2013,26.38,630.47,10.95,51.19
South Korea,KOR,Asia,Asia,2014,25.76,581.65,13.88,48.13
South Korea,KOR,Asia,Asia,2015,26.52,633.09,15.32,56.71
South Korea,KOR,Asia,Asia,2016,26.11,594.51,11.58,58.46
South Korea,KOR,Asia,Asia,2017,26.16,546.62,11.72,57.04
South Korea,KOR,Asia,Asia,2018,26.58,478.14,13.71,63.24
South Korea,KOR,Asia,Asia,2019,26.69,723.77,13.22,66.95
South Korea,KOR,Asia,Asia,2020,26.23,583.87,15.66,71.37
South Korea,KOR,Asia,Asia,2021,25.96,637.72,8.17,71.8
South Korea,KOR,Asia,Asia,2022,26.29,569.08,14.4,76.54
South Korea,KOR,Asia,Asia,2023,25.68,501.76,14.3,80.39
South Korea,KOR,Asia,Asia,2024,26.72,609.99,14.51,81.37
South Korea,KOR,Asia,Asia,2025,26.67,593.68,19.7,82.78
Kosovo,KOS,Europe,Europe,2000,16.75,1032.28,21.53,3.91
Kosovo,KOS,Europe,Europe,2001,16.94,1073.67,21.26,6.53
Kosovo,KOS,Europe,Europe,2002,16.83,1154.75,19.51,9.04
Kosovo,KOS,Europe,Europe,2003,16.91,1176.61,21.31,14.38
Kosovo,KOS,Europe,Europe,2004,16.98,1137.84,15.97,18.55
Kosovo,KOS,Europe,Europe,2005,16.51,1000.09,19.97,17.08
Kosovo,KOS,Europe,Europe,2006,16.58,1265.95,19.51,24.22
Kosovo,KOS,Europe,Europe,2007,16.46,1193.79,23.38,25.76
Kosovo,KOS,Europe,Europe,2008,17.12,1087.66,22.08,28.99
Kosovo,KOS,Europe,Europe,2009,16.66,1109.35,17.55,34.97
Kosovo,KOS,Europe,Europe,2010,17.01,999.99,26.83,36.65
Kosovo,KOS,Europe,Europe,2011,17.45,1257.48,30.06,41.5
Kosovo,KOS,Europe,Europe,2012,16.68,1192.58,27.01,37.67
Kosovo,KOS,Europe,Europe,2013,17.25,1150.24,19.69,43.4
Kosovo,KOS,Europe,Europe,2014,17.14,1041.57,25.43,48.17
Kosovo,KOS,Europe,Europe,2015,16.91,1166.27,29.3,53.07
Kosovo,KOS,Europe,Europe,2016,17.23,1019.6,25.9,50.88
Kosovo,KOS,Europe,Europe,2017,18.45,1212.54,25.55,56.16
Kosovo,KOS,Europe,Europe,2018,17.25,1089.43,31.5,58.65
Kosovo,KOS,Europe,Europe,2019,16.47,1223.68,22.72,64.97
Kosovo,KOS,Europe,Europe,2020,16.99,1126.41,26.58,64.82
Kosovo,KOS,Europe,Europe,2021,18.03,1113.35,23.92,72.33
Kosovo,KOS,Europe,Europe,2022,17.44,1254.53,24.53,75.28
Kosovo,KOS,Europe,Europe,2023,17.34,1241.64,22.25,73.45
Kosovo,KOS,Europe,Europe,2024,17.72,1213.37,29.48,77.92
Kosovo,KOS,Europe,Europe,2025,17.47,1147.79,25.22,86.63
Kuwait,KWT,Asia,Asia,2000,26.51,1340.55,108.57,1.22
Kuwait,KWT,Asia,Asia,2001,26,1324.99,114.42,4.8
Kuwait,KWT,Asia,Asia,2002,26.59,1393.28,119.59,5.48
Kuwait,KWT,Asia,Asia,2003,25.95,1418.03,121.96,10.58
Kuwait,KWT,Asia,Asia,2004,26.75,1326.35,119.88,13.96
Kuwait,KWT,Asia,Asia,2005,26.4,1356.12,126.11,16.3
Kuwait,KWT,Asia,Asia,2006,27.25,1476.49,121.1,20.33
Kuwait,KWT,Asia,Asia,2007,26.77,1473.24,122.46,25.55
Kuwait,KWT,Asia,Asia,2008,26.69,1454.75,121.68,26.05
Kuwait,KWT,Asia,Asia,2009,27.13,1631.01,123.93,29.18
Kuwait,KWT,Asia,Asia,2010,27.28,1514.84,130.64,34.55
Kuwait,KWT,Asia,Asia,2011,26.65,1301.37,132.3,37.71
Kuwait,KWT,Asia,Asia,2012,26.74,1478.36,129.74,38
Kuwait,KWT,Asia,Asia,2013,27.14,1571.7,133.35,40.68
Kuwait,KWT,Asia,Asia,2014,26.96,1471.06,128.74,47.26
Kuwait,KWT,Asia,Asia,2015,26.92,1600.76,141.65,47.14
Kuwait,KWT,Asia,Asia,2016,27.39,1499.75,136.86,50.33
Kuwait,KWT,Asia,Asia,2017,27.1,1342.53,135.89,58.22
Kuwait,KWT,Asia,Asia,2018,27.51,1655.99,137.68,58.69
Kuwait,KWT,Asia,Asia,2019,27.26,1553.85,141.65,62.18
Kuwait,KWT,Asia,Asia,2020,27.86,1464.02,136.33,65.67
Kuwait,KWT,Asia,Asia,2021,27.61,1255.56,143.96,67.52
Kuwait,KWT,Asia,Asia,2022,26.1,1494.79,140.16,70.05
Kuwait,KWT,Asia,Asia,2023,26.95,1511.34,141.38,74.95
Kuwait,KWT,Asia,Asia,2024,27.37,1573.4,149.25,76
Kuwait,KWT,Asia,Asia,2025,27.25,1329.87,144,80.49
Laos,LAO,Asia,Asia,2000,14.17,151.33,15.06,0.24
Laos,LAO,Asia,Asia,2001,13.85,369.17,12.25,9.25
Laos,LAO,Asia,Asia,2002,13.75,121.52,14.39,13.58
Laos,LAO,Asia,Asia,2003,13.5,99.05,7.33,15.87
Laos,LAO,Asia,Asia,2004,14.04,114.87,10.17,19.96
Laos,LAO,Asia,Asia,2005,14.14,87.73,13.45,19.31
Laos,LAO,Asia,Asia,2006,13.78,217.67,16.7,25.23
Laos,LAO,Asia,Asia,2007,13.81,146.57,13.29,26.69
Laos,LAO,Asia,Asia,2008,13.72,209.72,11.29,30.35
Laos,LAO,Asia,Asia,2009,13.48,232.98,11.7,33.65
Laos,LAO,Asia,Asia,2010,14.02,193.75,12.67,37.5
Laos,LAO,Asia,Asia,2011,14.98,0,5.74,41.96
Laos,LAO,Asia,Asia,2012,14.08,205.43,14.84,44.19
Laos,LAO,Asia,Asia,2013,14.34,258.49,13.79,46.83
Laos,LAO,Asia,Asia,2014,14.46,202.28,8.63,48.79
Laos,LAO,Asia,Asia,2015,14.62,281.96,12.74,54.33
Laos,LAO,Asia,Asia,2016,14.34,211.37,11.25,57.53
Laos,LAO,Asia,Asia,2017,14.71,98.18,12.15,56.47
Laos,LAO,Asia,Asia,2018,14.32,105.38,13.42,60.28
Laos,LAO,Asia,Asia,2019,14.83,270.88,14.34,65.29
Laos,LAO,Asia,Asia,2020,15.02,261.41,11.25,68.06
Laos,LAO,Asia,Asia,2021,14.45,380.58,9.13,69.49
Laos,LAO,Asia,Asia,2022,14.41,50.27,10.15,77.4
Laos,LAO,Asia,Asia,2023,14.87,196.96,13.91,79.39
Laos,LAO,Asia,Asia,2024,14.98,195.33,16.07,81.07
Laos,LAO,Asia,Asia,2025,14.37,329.02,18.05,87.3
Lebanon,LBN,Asia,Asia,2000,22.11,1136.94,119.15,5.16
Lebanon,LBN,Asia,Asia,2001,22.42,954.25,116.4,10.26
Lebanon,LBN,Asia,Asia,2002,22.2,991.14,120.78,13.13
Lebanon,LBN,Asia,Asia,2003,21.64,1043.59,121.53,15.2
Lebanon,LBN,Asia,Asia,2004,22.11,1157.79,128.76,17.97
Lebanon,LBN,Asia,Asia,2005,23.13,1079.61,120.67,18.56
Lebanon,LBN,Asia,Asia,2006,22.41,1096.03,128.28,23.86
Lebanon,LBN,Asia,Asia,2007,22.43,1180.2,131.21,30.42
Lebanon,LBN,Asia,Asia,2008,22.54,1154.5,130.13,26.37
Lebanon,LBN,Asia,Asia,2009,22.4,1078.39,126.97,34.91
Lebanon,LBN,Asia,Asia,2010,21.86,942.92,131.89,35.18
Lebanon,LBN,Asia,Asia,2011,22.89,1195.16,137.36,44.36
Lebanon,LBN,Asia,Asia,2012,23.21,1227.45,133.35,40.54
Lebanon,LBN,Asia,Asia,2013,22.33,1097.23,131.75,48.17
Lebanon,LBN,Asia,Asia,2014,21.8,1049.97,136.66,48.96
Lebanon,LBN,Asia,Asia,2015,22.94,1112.11,137.33,50.09
Lebanon,LBN,Asia,Asia,2016,22.58,1076.73,141.01,56.83
Lebanon,LBN,Asia,Asia,2017,22.14,1077.08,139.23,59.9
Lebanon,LBN,Asia,Asia,2018,23.59,1114.45,139.79,58.87
Lebanon,LBN,Asia,Asia,2019,22.92,1127.34,145.34,67.61
Lebanon,LBN,Asia,Asia,2020,22.93,1295.74,140.04,69.88
Lebanon,LBN,Asia,Asia,2021,22.58,1098.24,146.52,71.76
Lebanon,LBN,Asia,Asia,2022,22.8,1072.7,146.5,71.57
Lebanon,LBN,Asia,Asia,2023,22.95,1210.85,153.46,78.03
Lebanon,LBN,Asia,Asia,2024,23.59,1015.84,150.3,83.49
Lebanon,LBN,Asia,Asia,2025,22.92,1011.15,150.25,84.3
Liberia,LBR,Africa,Africa,2000,23.45,1337.22,1.44,0
Liberia,LBR,Africa,Africa,2001,23.57,1306.52,5.72,1.42
Liberia,LBR,Africa,Africa,2002,23.81,1374.1,4.69,11.11
Liberia,LBR,Africa,Africa,2003,22.71,1247.34,5.38,9.9
Liberia,LBR,Africa,Africa,2004,23.39,1294.43,6.65,13.41
Liberia,LBR,Africa,Africa,2005,23.67,1399.25,10.08,14.89
Liberia,LBR,Africa,Africa,2006,23.38,1231.59,0.93,19.45
Liberia,LBR,Africa,Africa,2007,23.39,1150.25,10.07,25.63
Liberia,LBR,Africa,Africa,2008,23.66,1406.95,6.57,26.35
Liberia,LBR,Africa,Africa,2009,22.96,1301.22,4.75,33.05
Liberia,LBR,Africa,Africa,2010,23.15,1240.04,11.28,33.24
Liberia,LBR,Africa,Africa,2011,23.37,1237.93,8.81,36.31
Liberia,LBR,Africa,Africa,2012,23.43,1415.76,6.26,38.52
Liberia,LBR,Africa,Africa,2013,23.57,1558.97,5.74,43.32
Liberia,LBR,Africa,Africa,2014,23.39,1302.49,8.08,47.92
Liberia,LBR,Africa,Africa,2015,23.52,1411.96,4.08,47.8
Liberia,LBR,Africa,Africa,2016,23.79,1380.82,8.66,54.74
Liberia,LBR,Africa,Africa,2017,24.09,1269.97,0,55.53
Liberia,LBR,Africa,Africa,2018,23.96,1206.72,7.63,61.97
Liberia,LBR,Africa,Africa,2019,23.35,1245.69,4.47,63.36
Liberia,LBR,Africa,Africa,2020,23.34,1514.04,4.82,65.05
Liberia,LBR,Africa,Africa,2021,23.9,1401.13,5.27,70.74
Liberia,LBR,Africa,Africa,2022,23.6,1322.71,5.48,72.88
Liberia,LBR,Africa,Africa,2023,23.41,1497.47,7.78,76.8
Liberia,LBR,Africa,Africa,2024,23.93,1417.45,7.5,81.65
Liberia,LBR,Africa,Africa,2025,24.39,1487.61,1.24,84.84
Libya,LBY,Africa,Africa,2000,22.87,1148.85,65.11,0.65
Libya,LBY,Africa,Africa,2001,23.01,1071.97,67.85,9.78
Libya,LBY,Africa,Africa,2002,22.62,945.47,65.89,12.46
Libya,LBY,Africa,Africa,2003,22.42,1012.18,68.7,16.37
Libya,LBY,Africa,Africa,2004,22.85,871.67,66.64,18.08
Libya,LBY,Africa,Africa,2005,23.1,977.18,71.94,18.55
Libya,LBY,Africa,Africa,2006,23.02,1138.44,65.56,24.97
Libya,LBY,Africa,Africa,2007,23.17,1138.74,70.02,30.96
Libya,LBY,Africa,Africa,2008,23.11,1085.94,72.8,32.21
Libya,LBY,Africa,Africa,2009,22.54,1104.02,69.45,35.98
Libya,LBY,Africa,Africa,2010,22.53,1064.3,69.02,35.89
Libya,LBY,Africa,Africa,2011,23.46,847.54,73.74,42.08
Libya,LBY,Africa,Africa,2012,23.37,965.51,75.82,43.35
Libya,LBY,Africa,Africa,2013,23.61,933.54,73.35,48.15
Libya,LBY,Africa,Africa,2014,23.46,942.04,77.53,54.88
Libya,LBY,Africa,Africa,2015,22.93,1015.4,78.86,52.47
Libya,LBY,Africa,Africa,2016,22.59,1193.31,79.28,60.45
Libya,LBY,Africa,Africa,2017,22.8,1195.31,75.92,61.1
Libya,LBY,Africa,Africa,2018,23.59,1219.05,77.12,64.89
Libya,LBY,Africa,Africa,2019,23.45,1196.12,76.36,68.08
Libya,LBY,Africa,Africa,2020,23.7,1130.57,78.82,71.44
Libya,LBY,Africa,Africa,2021,23.98,937.91,78.48,73.19
Libya,LBY,Africa,Africa,2022,23.77,1033.9,80.22,76.22
Libya,LBY,Africa,Africa,2023,23.54,1134.98,78.56,83.28
Libya,LBY,Africa,Africa,2024,24.18,1032.87,83.63,83.5
Libya,LBY,Africa,Africa,2025,23.72,1118.52,87.21,84.79
Saint Lucia,LCA,North America,Americas,2000,13.57,1522.3,19.74,5.96
Saint Lucia,LCA,North America,Americas,2001,14.14,1470.46,26.9,4.39
Saint Lucia,LCA,North America,Americas,2002,14.04,1398.42,24.1,12.85
Saint Lucia,LCA,North America,Americas,2003,13.77,1497.09,26.78,12.87
Saint Lucia,LCA,North America,Americas,2004,13.85,1529.62,23.62,19.96
Saint Lucia,LCA,North America,Americas,2005,14.16,1395.21,24.5,20.43
Saint Lucia,LCA,North America,Americas,2006,13.95,1653.34,24.68,22.97
Saint Lucia,LCA,North America,Americas,2007,13.68,1492.53,24.51,28.88
Saint Lucia,LCA,North America,Americas,2008,14.11,1359.57,30.38,31.39
Saint Lucia,LCA,North America,Americas,2009,13.84,1361.12,24.77,35.26
Saint Lucia,LCA,North America,Americas,2010,13.72,1405.83,26.04,37.23
Saint Lucia,LCA,North America,Americas,2011,14.41,1394,27.86,38.93
Saint Lucia,LCA,North America,Americas,2012,13.83,1501.62,33.38,42.36
Saint Lucia,LCA,North America,Americas,2013,13.7,1472.5,32.44,46.69
Saint Lucia,LCA,North America,Americas,2014,14.07,1368.43,31.51,52.57
Saint Lucia,LCA,North America,Americas,2015,13.85,1505.91,29.01,52.18
Saint Lucia,LCA,North America,Americas,2016,14.17,1481.68,35.49,57.4
Saint Lucia,LCA,North America,Americas,2017,14.62,1425.25,35.68,58.84
Saint Lucia,LCA,North America,Americas,2018,13.82,1414.95,32.74,61.69
Saint Lucia,LCA,North America,Americas,2019,14.11,1561.37,33,67.46
Saint Lucia,LCA,North America,Americas,2020,14.86,1594.91,31.57,67.44
Saint Lucia,LCA,North America,Americas,2021,14.65,1369.86,28.07,73
Saint Lucia,LCA,North America,Americas,2022,14.48,1343.6,31.12,74.43
Saint Lucia,LCA,North America,Americas,2023,14.31,1596.23,30.09,77.93
Saint Lucia,LCA,North America,Americas,2024,14.99,1380.46,31.96,80.77
Saint Lucia,LCA,North America,Americas,2025,14.72,1582.74,33.58,85.92
Liechtenstein,LIE,Europe,Europe,2000,12.42,1379.28,0,6.9
Liechtenstein,LIE,Europe,Europe,2001,13.1,1200.54,0,5.86
Liechtenstein,LIE,Europe,Europe,2002,12.86,1468.65,3.51,9.92
Liechtenstein,LIE,Europe,Europe,2003,12.65,1445.01,1.59,14.73
Liechtenstein,LIE,Europe,Europe,2004,12.73,1157.47,0,21.32
Liechtenstein,LIE,Europe,Europe,2005,12.42,1493.99,0.51,14.15
Liechtenstein,LIE,Europe,Europe,2006,12.35,1423.82,2.14,22.38
Liechtenstein,LIE,Europe,Europe,2007,13.35,1457.4,2.84,27.86
Liechtenstein,LIE,Europe,Europe,2008,13.09,1413.78,0,32.19
Liechtenstein,LIE,Europe,Europe,2009,12.67,1610.08,0,32.55
Liechtenstein,LIE,Europe,Europe,2010,13.24,1459.98,3.85,39.59
Liechtenstein,LIE,Europe,Europe,2011,12.9,1422.09,0,40.66
Liechtenstein,LIE,Europe,Europe,2012,12.97,1548.79,1.14,40.94
Liechtenstein,LIE,Europe,Europe,2013,13.31,1458.7,0.32,45.83
Liechtenstein,LIE,Europe,Europe,2014,13.36,1441.42,0,48.23
Liechtenstein,LIE,Europe,Europe,2015,13.16,1313.78,0,52.23
Liechtenstein,LIE,Europe,Europe,2016,12.85,1584.33,3.23,55.28
Liechtenstein,LIE,Europe,Europe,2017,12.84,1486.08,3.44,59.08
Liechtenstein,LIE,Europe,Europe,2018,14.1,1428.31,2.99,63.3
Liechtenstein,LIE,Europe,Europe,2019,13.64,1371.54,1.64,63.7
Liechtenstein,LIE,Europe,Europe,2020,12.83,1443.04,0.73,65.35
Liechtenstein,LIE,Europe,Europe,2021,14.05,1499.94,2.21,70.02
Liechtenstein,LIE,Europe,Europe,2022,13.11,1664.3,0.85,74.24
Liechtenstein,LIE,Europe,Europe,2023,13.31,1462.92,3.94,77.4
Liechtenstein,LIE,Europe,Europe,2024,13.25,1512.92,3.21,80.52
Liechtenstein,LIE,Europe,Europe,2025,13.54,1435.87,0,83.62
Sri Lanka,LKA,Asia,Asia,2000,22.23,985.18,13.56,7.89
Sri Lanka,LKA,Asia,Asia,2001,21.52,1139.33,19.12,10.56
Sri Lanka,LKA,Asia,Asia,2002,22.23,1287.27,18.06,11.6
Sri Lanka,LKA,Asia,Asia,2003,22.13,1135.63,15.95,17.18
Sri Lanka,LKA,Asia,Asia,2004,21.81,1077.55,20.81,19.45
Sri Lanka,LKA,Asia,Asia,2005,22.18,1074.76,18.18,22.17
Sri Lanka,LKA,Asia,Asia,2006,22.08,1081.19,15.92,26.99
Sri Lanka,LKA,Asia,Asia,2007,21.79,1199.34,19.39,28.38
Sri Lanka,LKA,Asia,Asia,2008,22.22,950.31,24.41,30.66
Sri Lanka,LKA,Asia,Asia,2009,22.11,1052.45,20.82,35.4
Sri Lanka,LKA,Asia,Asia,2010,22.68,1098.74,15.82,38.72
Sri Lanka,LKA,Asia,Asia,2011,22.81,1309.2,15.24,39.37
Sri Lanka,LKA,Asia,Asia,2012,22.25,1161.17,20.49,45.59
Sri Lanka,LKA,Asia,Asia,2013,22.45,1209.13,18.27,49.88
Sri Lanka,LKA,Asia,Asia,2014,22.75,1187.23,22.67,51.38
Sri Lanka,LKA,Asia,Asia,2015,22.91,1152.65,19.82,57.92
Sri Lanka,LKA,Asia,Asia,2016,22.93,1123.36,21.95,60.33
Sri Lanka,LKA,Asia,Asia,2017,22.51,1252.18,22.72,64.49
Sri Lanka,LKA,Asia,Asia,2018,22.65,1023.36,22.01,69.09
Sri Lanka,LKA,Asia,Asia,2019,22.98,1082.66,19.03,68.37
Sri Lanka,LKA,Asia,Asia,2020,23.04,1142.8,24.03,73.13
Sri Lanka,LKA,Asia,Asia,2021,22.73,1161.88,19.54,71.97
Sri Lanka,LKA,Asia,Asia,2022,22.64,1189.1,18.99,75.14
Sri Lanka,LKA,Asia,Asia,2023,22.97,1184.04,21.44,81.09
Sri Lanka,LKA,Asia,Asia,2024,23,1212.02,21.1,83.89
Sri Lanka,LKA,Asia,Asia,2025,22.15,1140.82,26.7,86.84
Lesotho,LSO,Africa,Africa,2000,22.01,1617.74,38.61,2.07
Lesotho,LSO,Africa,Africa,2001,21.01,1588.63,34.76,2.72
Lesotho,LSO,Africa,Africa,2002,21.76,1407.53,29.84,8.32
Lesotho,LSO,Africa,Africa,2003,21,1393.1,35.43,8.93
Lesotho,LSO,Africa,Africa,2004,21.56,1370.7,33.18,16.27
Lesotho,LSO,Africa,Africa,2005,21.55,1445.88,31.62,16.42
Lesotho,LSO,Africa,Africa,2006,22,1355.1,37.14,18.05
Lesotho,LSO,Africa,Africa,2007,21.14,1430.69,34.95,22.32
Lesotho,LSO,Africa,Africa,2008,21.61,1528.76,39.23,28.66
Lesotho,LSO,Africa,Africa,2009,21.64,1516.39,35.72,29.52
Lesotho,LSO,Africa,Africa,2010,21.57,1392.48,35.73,34.91
Lesotho,LSO,Africa,Africa,2011,22.21,1407.59,40,37.34
Lesotho,LSO,Africa,Africa,2012,21.39,1473.9,41.44,41.14
Lesotho,LSO,Africa,Africa,2013,21.41,1566.01,41.94,42.43
Lesotho,LSO,Africa,Africa,2014,21.9,1395.34,44.21,43.15
Lesotho,LSO,Africa,Africa,2015,21.93,1560.91,39.24,52.19
Lesotho,LSO,Africa,Africa,2016,21.16,1395.38,44.69,50.6
Lesotho,LSO,Africa,Africa,2017,21.83,1519.8,42.93,52.57
Lesotho,LSO,Africa,Africa,2018,21.82,1359.17,46.71,57.68
Lesotho,LSO,Africa,Africa,2019,21.67,1545.62,44.98,61.37
Lesotho,LSO,Africa,Africa,2020,21.68,1419.88,43.39,63.32
Lesotho,LSO,Africa,Africa,2021,22.1,1518.64,45.7,65.8
Lesotho,LSO,Africa,Africa,2022,22.31,1461.84,45.88,69.92
Lesotho,LSO,Africa,Africa,2023,21.58,1522.86,48.14,74.56
Lesotho,LSO,Africa,Africa,2024,21.77,1276.46,44.82,81.52
Lesotho,LSO,Africa,Africa,2025,22.02,1484.86,44.32,85.67
Lithuania,LTU,Europe,Europe,2000,21.14,450.34,81.35,0.44
Lithuania,LTU,Europe,Europe,2001,21.6,482.14,82.14,5.53
Lithuania,LTU,Europe,Europe,2002,21.67,405.81,83.35,10.22
Lithuania,LTU,Europe,Europe,2003,20.79,496.74,74.57,7.85
Lithuania,LTU,Europe,Europe,2004,21.53,457.86,80.12,15.12
Lithuania,LTU,Europe,Europe,2005,21.53,687.43,86.48,18.58
Lithuania,LTU,Europe,Europe,2006,22.14,397.81,87.99,22.89
Lithuania,LTU,Europe,Europe,2007,21.15,588.1,87.06,27.23
Lithuania,LTU,Europe,Europe,2008,21.84,575.04,89.04,32.79
Lithuania,LTU,Europe,Europe,2009,22.05,594.71,86.79,30.84
Lithuania,LTU,Europe,Europe,2010,21,552.78,86.11,34.42
Lithuania,LTU,Europe,Europe,2011,21.2,586.59,89.99,39.02
Lithuania,LTU,Europe,Europe,2012,21.67,773.14,80.17,39.74
Lithuania,LTU,Europe,Europe,2013,21.81,537.21,87.97,44.59
Lithuania,LTU,Europe,Europe,2014,21.75,575.69,89.88,50.13
Lithuania,LTU,Europe,Europe,2015,22.15,474.85,90.88,52.68
Lithuania,LTU,Europe,Europe,2016,21.5,492.76,99.03,56.23
Lithuania,LTU,Europe,Europe,2017,21.98,652.74,96.03,58.57
Lithuania,LTU,Europe,Europe,2018,21.9,373.65,101.25,59.52
Lithuania,LTU,Europe,Europe,2019,22.05,628.82,103.73,64.73
Lithuania,LTU,Europe,Europe,2020,22.37,560.23,99.77,69.1
Lithuania,LTU,Europe,Europe,2021,22.33,459.69,100.24,69.48
Lithuania,LTU,Europe,Europe,2022,22.86,632.39,102.27,74.84
Lithuania,LTU,Europe,Europe,2023,21.59,515.36,104.81,75.71
Lithuania,LTU,Europe,Europe,2024,22,586.37,100.85,79.47
Lithuania,LTU,Europe,Europe,2025,22.04,719.16,99.79,83.35
Luxembourg,LUX,Europe,Europe,2000,11.33,1302.65,38.22,5.62
Luxembourg,LUX,Europe,Europe,2001,10.79,1228.61,39.74,10.97
Luxembourg,LUX,Europe,Europe,2002,11.28,1299.99,47.31,10.04
Luxembourg,LUX,Europe,Europe,2003,11.44,1400.73,41.84,13.45
Luxembourg,LUX,Europe,Europe,2004,11.27,1180.49,40.77,21.98
Luxembourg,LUX,Europe,Europe,2005,11.39,1200.15,49.05,19.64
Luxembourg,LUX,Europe,Europe,2006,11.33,1326.18,42.71,30.16
Luxembourg,LUX,Europe,Europe,2007,11.88,1365.67,42.94,28.49
Luxembourg,LUX,Europe,Europe,2008,11.67,1336.01,37.38,35.21
Luxembourg,LUX,Europe,Europe,2009,11.64,1347.81,43.4,29.54
Luxembourg,LUX,Europe,Europe,2010,11.9,1278.99,44.67,38.26
Luxembourg,LUX,Europe,Europe,2011,11.37,1400.75,45.97,43.44
Luxembourg,LUX,Europe,Europe,2012,11.5,1431.8,48.54,46.81
Luxembourg,LUX,Europe,Europe,2013,11.05,1385.97,46.57,47.07
Luxembourg,LUX,Europe,Europe,2014,12.25,1373.91,43.09,54.59
Luxembourg,LUX,Europe,Europe,2015,11.98,1363.73,48.67,54.55
Luxembourg,LUX,Europe,Europe,2016,11.34,1376.53,50.21,55.89
Luxembourg,LUX,Europe,Europe,2017,11.6,1457.89,50.74,62.28
Luxembourg,LUX,Europe,Europe,2018,11.65,1274.52,52.57,66.58
Luxembourg,LUX,Europe,Europe,2019,11.53,1367.95,54.02,65.16
Luxembourg,LUX,Europe,Europe,2020,12.04,1303.64,56.41,68.44
Luxembourg,LUX,Europe,Europe,2021,11.89,1354.67,50.31,76.24
Luxembourg,LUX,Europe,Europe,2022,12.59,1298.61,51.53,75.99
Luxembourg,LUX,Europe,Europe,2023,11.74,1418.01,45.52,84.56
Luxembourg,LUX,Europe,Europe,2024,12.38,1499.38,55.71,82.31
Luxembourg,LUX,Europe,Europe,2025,11.98,1412.77,53.45,84.98
Latvia,LVA,Europe,Europe,2000,12.5,1559.73,18.5,4.25
Latvia,LVA,Europe,Europe,2001,12.56,1575.91,17.53,12.4
Latvia,LVA,Europe,Europe,2002,12.13,1553.73,19.57,15.05
Latvia,LVA,Europe,Europe,2003,12.72,1624.43,12.95,15.79
Latvia,LVA,Europe,Europe,2004,13.29,1537.56,17.4,18.52
Latvia,LVA,Europe,Europe,2005,13.43,1674.02,13.52,23.12
Latvia,LVA,Europe,Europe,2006,12.52,1734.5,20.01,27.05
Latvia,LVA,Europe,Europe,2007,12.56,1494.15,20.6,28.2
Latvia,LVA,Europe,Europe,2008,13.22,1751.97,19.3,31.83
Latvia,LVA,Europe,Europe,2009,13.7,1705,15.82,32.49
Latvia,LVA,Europe,Europe,2010,13.38,1648.51,19.22,37.3
Latvia,LVA,Europe,Europe,2011,12.61,1746.87,18.69,46.35
Latvia,LVA,Europe,Europe,2012,13.86,1676.22,17.43,47.55
Latvia,LVA,Europe,Europe,2013,13.34,1556.74,12.65,48.99
Latvia,LVA,Europe,Europe,2014,13.03,1635.25,18.89,50.63
Latvia,LVA,Europe,Europe,2015,13.6,1548.79,20.42,54.6
Latvia,LVA,Europe,Europe,2016,13.31,1528.99,19.91,54.68
Latvia,LVA,Europe,Europe,2017,13.15,1748.7,21.62,60.78
Latvia,LVA,Europe,Europe,2018,13.83,1654.29,18.96,66.61
Latvia,LVA,Europe,Europe,2019,13.72,1627.31,20.59,67.92
Latvia,LVA,Europe,Europe,2020,13.44,1867.48,24.72,71.51
Latvia,LVA,Europe,Europe,2021,13.71,1720.77,19.32,77.26
Latvia,LVA,Europe,Europe,2022,13.93,1570.02,23.74,75.29
Latvia,LVA,Europe,Europe,2023,13.38,1736.14,20.79,79.12
Latvia,LVA,Europe,Europe,2024,13.4,1666.08,20.4,80.68
Latvia,LVA,Europe,Europe,2025,13.24,1628.07,19,85.63
Macao S.A.R,MAC,Asia,Asia,2000,12.62,1887.03,45.26,3.24
Macao S.A.R,MAC,Asia,Asia,2001,13.6,1624.62,46.13,4.05
Macao S.A.R,MAC,Asia,Asia,2002,12.96,1724.84,45.27,4.79
Macao S.A.R,MAC,Asia,Asia,2003,13.25,1657.88,50.56,11.64
Macao S.A.R,MAC,Asia,Asia,2004,12.92,1568.37,44,18.87
Macao S.A.R,MAC,Asia,Asia,2005,13.17,1907.76,42.57,17.98
Macao S.A.R,MAC,Asia,Asia,2006,12.49,1533.33,43.9,25.34
Macao S.A.R,MAC,Asia,Asia,2007,13.85,1568.06,49.06,24.54
Macao S.A.R,MAC,Asia,Asia,2008,13.36,1654.24,46.7,28.66
Macao S.A.R,MAC,Asia,Asia,2009,13.43,1715.79,45.64,29.54
Macao S.A.R,MAC,Asia,Asia,2010,13.14,1561.61,50.28,37.84
Macao S.A.R,MAC,Asia,Asia,2011,13.68,1764.67,52.69,36.91
Macao S.A.R,MAC,Asia,Asia,2012,13.24,1704.24,57.48,38.93
Macao S.A.R,MAC,Asia,Asia,2013,13.92,1605.51,49.25,46.91
Macao S.A.R,MAC,Asia,Asia,2014,12.98,1847.77,53.86,44.04
Macao S.A.R,MAC,Asia,Asia,2015,13.21,1777.9,50.5,49.81
Macao S.A.R,MAC,Asia,Asia,2016,13.96,1683.49,47.79,51.14
Macao S.A.R,MAC,Asia,Asia,2017,14.46,1818.43,51.7,57.25
Macao S.A.R,MAC,Asia,Asia,2018,12.82,1692.15,55.46,54.76
Macao S.A.R,MAC,Asia,Asia,2019,13.56,1733.7,52.17,60.45
Macao S.A.R,MAC,Asia,Asia,2020,13.25,1652.93,57.8,65.01
Macao S.A.R,MAC,Asia,Asia,2021,13.87,1712.23,56.66,71.51
Macao S.A.R,MAC,Asia,Asia,2022,13.73,1521.24,49.6,75.11
Macao S.A.R,MAC,Asia,Asia,2023,12.85,1765.16,56.08,77.58
Macao S.A.R,MAC,Asia,Asia,2024,13.72,1801.5,62.74,79.45
Macao S.A.R,MAC,Asia,Asia,2025,13.69,1475.35,55.17,80.93
Saint Martin,MAF,North America,Americas,2000,18.77,816.55,5.28,4.12
Saint Martin,MAF,North America,Americas,2001,19.17,845.07,7.23,7.47
Saint Martin,MAF,North America,Americas,2002,19.4,937.97,2.32,10.46
Saint Martin,MAF,North America,Americas,2003,19.08,690.96,7.91,8.55
Saint Martin,MAF,North America,Americas,2004,18.38,639.6,2.24,13.8
Saint Martin,MAF,North America,Americas,2005,19.22,817.26,4.76,19.01
Saint Martin,MAF,North America,Americas,2006,18.97,768.8,7.44,21.17
Saint Martin,MAF,North America,Americas,2007,18.71,860.28,2.83,24.51
Saint Martin,MAF,North America,Americas,2008,19.07,722.17,7.25,24.55
Saint Martin,MAF,North America,Americas,2009,18.9,833.35,9.28,27.34
Saint Martin,MAF,North America,Americas,2010,19.41,831.53,3.45,31.88
Saint Martin,MAF,North America,Americas,2011,19.58,742.4,4.87,35.2
Saint Martin,MAF,North America,Americas,2012,19.43,830.3,7,38.8
Saint Martin,MAF,North America,Americas,2013,20,1039.74,0.22,44.53
Saint Martin,MAF,North America,Americas,2014,18.79,794.5,3.62,47.95
Saint Martin,MAF,North America,Americas,2015,19.02,674.9,4.92,48.28
Saint Martin,MAF,North America,Americas,2016,18.67,744,1.61,53.24
Saint Martin,MAF,North America,Americas,2017,19.65,838.16,9.23,56.63
Saint Martin,MAF,North America,Americas,2018,19.22,778.06,8.3,59.77
Saint Martin,MAF,North America,Americas,2019,20.1,820.36,11,60.91
Saint Martin,MAF,North America,Americas,2020,19.7,869.47,6.46,67.36
Saint Martin,MAF,North America,Americas,2021,19.51,879.97,7.99,67.5
Saint Martin,MAF,North America,Americas,2022,20.21,999.7,2.56,74.5
Saint Martin,MAF,North America,Americas,2023,19.73,782.03,12.51,74.09
Saint Martin,MAF,North America,Americas,2024,19.57,764.28,4.64,83.61
Saint Martin,MAF,North America,Americas,2025,19.79,902.72,8.31,80.97
Morocco,MAR,Africa,Africa,2000,25.64,1952.79,51.27,2.77
Morocco,MAR,Africa,Africa,2001,25.62,1876.27,52.17,4.62
Morocco,MAR,Africa,Africa,2002,25.7,1896.81,51.37,8.91
Morocco,MAR,Africa,Africa,2003,25.84,1969.44,59.1,12.36
Morocco,MAR,Africa,Africa,2004,26,1876.93,53.05,16.78
Morocco,MAR,Africa,Africa,2005,25.96,1904.08,54.59,20.85
Morocco,MAR,Africa,Africa,2006,26.61,1982.08,56.52,23.49
Morocco,MAR,Africa,Africa,2007,25.89,2109.98,49.78,27.84
Morocco,MAR,Africa,Africa,2008,25.98,1978.52,60.97,27.58
Morocco,MAR,Africa,Africa,2009,26.27,1861.43,54.02,30.64
Morocco,MAR,Africa,Africa,2010,26.44,1844.1,58.3,36.67
Morocco,MAR,Africa,Africa,2011,25.63,1886.71,63.32,39.7
Morocco,MAR,Africa,Africa,2012,25.94,1884.61,55.27,44.77
Morocco,MAR,Africa,Africa,2013,26.3,1805.83,57.94,43.45
Morocco,MAR,Africa,Africa,2014,26.13,1946.38,60.6,49.05
Morocco,MAR,Africa,Africa,2015,26.37,1789.83,62.23,49.99
Morocco,MAR,Africa,Africa,2016,26.08,1926.69,58.82,54.77
Morocco,MAR,Africa,Africa,2017,26.63,1801.25,57.88,57.32
Morocco,MAR,Africa,Africa,2018,27.2,2016.69,60.64,57.03
Morocco,MAR,Africa,Africa,2019,26.96,1912.6,66.33,63.11
Morocco,MAR,Africa,Africa,2020,26.51,2050.6,66.42,63.7
Morocco,MAR,Africa,Africa,2021,26.48,2041.87,61.28,68.14
Morocco,MAR,Africa,Africa,2022,26.64,2106.34,62.28,73.64
Morocco,MAR,Africa,Africa,2023,27.01,1835.7,64.18,75.61
Morocco,MAR,Africa,Africa,2024,26.43,1852.18,68.47,76.75
Morocco,MAR,Africa,Africa,2025,26.47,1950.67,72.81,85.61
Monaco,MCO,Europe,Europe,2000,4.19,1089.63,10.38,0.57
Monaco,MCO,Europe,Europe,2001,4.15,1145.93,14.74,4.43
Monaco,MCO,Europe,Europe,2002,3.93,1120.46,13.67,9.37
Monaco,MCO,Europe,Europe,2003,4.02,1211.5,18.6,12
Monaco,MCO,Europe,Europe,2004,3.21,1076.26,11.69,14.11
Monaco,MCO,Europe,Europe,2005,4.03,955.48,16.63,18.87
Monaco,MCO,Europe,Europe,2006,4.34,993.89,20.5,23.68
Monaco,MCO,Europe,Europe,2007,4.27,852.12,15.79,24.08
Monaco,MCO,Europe,Europe,2008,3.82,982.79,14.76,28.47
Monaco,MCO,Europe,Europe,2009,3.7,1107,14.15,30.18
Monaco,MCO,Europe,Europe,2010,4.09,1176.83,16.66,29.47
Monaco,MCO,Europe,Europe,2011,3.66,1054.03,12.78,41.1
Monaco,MCO,Europe,Europe,2012,4.38,1177.48,13.87,41.3
Monaco,MCO,Europe,Europe,2013,4.3,1074.07,17.77,45.32
Monaco,MCO,Europe,Europe,2014,4.55,951.75,14.32,50.19
Monaco,MCO,Europe,Europe,2015,4.37,851.06,16.13,45.94
Monaco,MCO,Europe,Europe,2016,3.65,1071.48,13.71,50.63
Monaco,MCO,Europe,Europe,2017,4.13,1058.95,18.02,57.53
Monaco,MCO,Europe,Europe,2018,4.74,1120.01,17.12,58.76
Monaco,MCO,Europe,Europe,2019,4.4,1051.39,16.63,62.74
Monaco,MCO,Europe,Europe,2020,4.59,925.09,15.97,67.43
Monaco,MCO,Europe,Europe,2021,4.41,1039.23,14.7,68.28
Monaco,MCO,Europe,Europe,2022,4.6,1265.56,17.88,68.43
Monaco,MCO,Europe,Europe,2023,4.56,950.51,18.31,75.83
Monaco,MCO,Europe,Europe,2024,5.18,994.23,14.85,79.09
Monaco,MCO,Europe,Europe,2025,4.86,967.25,17.59,84.73
Moldova,MDA,Europe,Europe,2000,9.01,1285.65,124.41,6.66
Moldova,MDA,Europe,Europe,2001,9.6,1059.99,124.81,6.29
Moldova,MDA,Europe,Europe,2002,9.89,1086.73,125.59,7.81
Moldova,MDA,Europe,Europe,2003,9.5,1109.59,124.9,10.92
Moldova,MDA,Europe,Europe,2004,9.97,1253.04,127.1,21.71
Moldova,MDA,Europe,Europe,2005,9.07,1148.89,128.5,18.21
Moldova,MDA,Europe,Europe,2006,9.41,1145.47,128.76,24.96
Moldova,MDA,Europe,Europe,2007,9.56,1144.15,133.19,28.75
Moldova,MDA,Europe,Europe,2008,10.03,1124.79,136.8,27.87
Moldova,MDA,Europe,Europe,2009,9.88,1133.94,135.35,33.02
Moldova,MDA,Europe,Europe,2010,9.65,1053.86,134.97,37.54
Moldova,MDA,Europe,Europe,2011,9.1,1213.71,134.41,41.2
Moldova,MDA,Europe,Europe,2012,10.56,1286.07,138.81,45.67
Moldova,MDA,Europe,Europe,2013,10.1,1133.84,140.26,45.88
Moldova,MDA,Europe,Europe,2014,10.02,1179.6,138.94,47.29
Moldova,MDA,Europe,Europe,2015,9.68,1204.67,144.04,51.04
Moldova,MDA,Europe,Europe,2016,9.79,1111.21,143.79,52.8
Moldova,MDA,Europe,Europe,2017,9.75,997.67,149.36,60.08
Moldova,MDA,Europe,Europe,2018,10.42,1159.98,153.38,60.92
Moldova,MDA,Europe,Europe,2019,10.55,1201.2,152.07,65.12
Moldova,MDA,Europe,Europe,2020,9.99,1331.38,151.48,69.3
Moldova,MDA,Europe,Europe,2021,10.15,1328.64,152.76,73.55
Moldova,MDA,Europe,Europe,2022,9.87,1078.79,149.78,72.14
Moldova,MDA,Europe,Europe,2023,9.91,1037.41,152.54,78.48
Moldova,MDA,Europe,Europe,2024,9.93,1096.37,159.59,77.58
Moldova,MDA,Europe,Europe,2025,10.31,1073.15,151.86,86.37
Madagascar,MDG,Africa,Africa,2000,32.96,1702.61,50.3,4.3
Madagascar,MDG,Africa,Africa,2001,32.92,1911.08,49.6,6.62
Madagascar,MDG,Africa,Africa,2002,32.35,1977.5,57.78,10.04
Madagascar,MDG,Africa,Africa,2003,32.65,1785.7,51.58,14.03
Madagascar,MDG,Africa,Africa,2004,33.12,1704.29,52.83,18.21
Madagascar,MDG,Africa,Africa,2005,32.76,1756.79,54.84,21.29
Madagascar,MDG,Africa,Africa,2006,33.14,1990.99,60,23.08
Madagascar,MDG,Africa,Africa,2007,32.39,1842.75,51.05,28.06
Madagascar,MDG,Africa,Africa,2008,32.47,1876.98,56.15,30.36
Madagascar,MDG,Africa,Africa,2009,32.69,1907.18,54.01,33.99
Madagascar,MDG,Africa,Africa,2010,33.04,1976.74,58.52,36.42
Madagascar,MDG,Africa,Africa,2011,32.64,1681.35,57.06,40.4
Madagascar,MDG,Africa,Africa,2012,33.15,1882.97,54.53,43.27
Madagascar,MDG,Africa,Africa,2013,33.32,1766.06,55.78,46.73
Madagascar,MDG,Africa,Africa,2014,32.81,1811.07,62.99,50.28
Madagascar,MDG,Africa,Africa,2015,32.74,1858.85,54.75,55.54
Madagascar,MDG,Africa,Africa,2016,32.86,1719.85,59.47,53.79
Madagascar,MDG,Africa,Africa,2017,33.22,1867,64.51,59.38
Madagascar,MDG,Africa,Africa,2018,33.28,1839.17,55.92,67.78
Madagascar,MDG,Africa,Africa,2019,33.99,1568.13,64.97,65.46
Madagascar,MDG,Africa,Africa,2020,33.04,1908.31,63.83,69.42
Madagascar,MDG,Africa,Africa,2021,32.66,1627.69,64.57,71.96
Madagascar,MDG,Africa,Africa,2022,33.86,1754.9,62.21,74.45
Madagascar,MDG,Africa,Africa,2023,32.67,1731.52,60.82,79.36
Madagascar,MDG,Africa,Africa,2024,33.49,1813.87,64.47,80.65
Madagascar,MDG,Africa,Africa,2025,33.42,1913.22,63.32,82.89
Mexico,MEX,North America,Americas,2000,12.34,725.53,147.17,4.49
Mexico,MEX,North America,Americas,2001,13.05,974.43,155.43,3.79
Mexico,MEX,North America,Americas,2002,12.43,776.97,156.25,9.89
Mexico,MEX,North America,Americas,2003,13.33,839.64,164.12,11.72
Mexico,MEX,North America,Americas,2004,13.44,823.2,157.06,12.94
Mexico,MEX,North America,Americas,2005,13.16,738.22,162.74,18.53
Mexico,MEX,North America,Americas,2006,13.2,825.96,162.32,20.27
Mexico,MEX,North America,Americas,2007,13.79,728.15,162.28,23.08
Mexico,MEX,North America,Americas,2008,13.46,873.19,169,27.23
Mexico,MEX,North America,Americas,2009,13.93,730.97,165.41,26.38
Mexico,MEX,North America,Americas,2010,13.53,921.42,168.82,33.86
Mexico,MEX,North America,Americas,2011,13.05,830.09,168.85,33.09
Mexico,MEX,North America,Americas,2012,13.55,676.65,169.43,39.84
Mexico,MEX,North America,Americas,2013,13.48,1022.96,173.48,41.51
Mexico,MEX,North America,Americas,2014,13.49,911.11,173.51,42.83
Mexico,MEX,North America,Americas,2015,13.74,640.12,181.05,46.16
Mexico,MEX,North America,Americas,2016,13.68,822.71,181.36,50.97
Mexico,MEX,North America,Americas,2017,12.94,721.75,179.03,57.05
Mexico,MEX,North America,Americas,2018,14.02,785.94,186.05,59.58
Mexico,MEX,North America,Americas,2019,13.66,841.05,185.71,61.05
Mexico,MEX,North America,Americas,2020,13.7,795.97,184.76,61.27
Mexico,MEX,North America,Americas,2021,14.4,847.85,189.66,69.08
Mexico,MEX,North America,Americas,2022,13.45,688.99,190.21,73.1
Mexico,MEX,North America,Americas,2023,14.05,800.64,190.73,74.39
Mexico,MEX,North America,Americas,2024,14.24,931.94,192.29,78.36
Mexico,MEX,North America,Americas,2025,14.2,855.47,194.61,79.31
Marshall Islands,MHL,Oceania,Oceania,2000,19.01,1428.99,52.41,3.43
Marshall Islands,MHL,Oceania,Oceania,2001,19,1355.52,43.73,3.12
Marshall Islands,MHL,Oceania,Oceania,2002,17.68,1392.45,55.85,10.27
Marshall Islands,MHL,Oceania,Oceania,2003,19.06,1122.86,54.86,17.97
Marshall Islands,MHL,Oceania,Oceania,2004,18.05,1469.29,53.51,15.46
Marshall Islands,MHL,Oceania,Oceania,2005,18.93,1284.02,48.26,19.21
Marshall Islands,MHL,Oceania,Oceania,2006,19.13,1374.84,49.83,20.62
Marshall Islands,MHL,Oceania,Oceania,2007,19.21,1192.56,53.78,24.11
Marshall Islands,MHL,Oceania,Oceania,2008,18.76,1436.75,55.92,27.07
Marshall Islands,MHL,Oceania,Oceania,2009,19.05,1346.76,55.97,30.77
Marshall Islands,MHL,Oceania,Oceania,2010,19.29,1409.72,53.18,34.86
Marshall Islands,MHL,Oceania,Oceania,2011,19.78,1312.04,51.08,38.97
Marshall Islands,MHL,Oceania,Oceania,2012,19.56,1533.62,58.72,43.86
Marshall Islands,MHL,Oceania,Oceania,2013,18.89,1255.69,62.78,45.39
Marshall Islands,MHL,Oceania,Oceania,2014,19.5,1219.06,58.91,46.05
Marshall Islands,MHL,Oceania,Oceania,2015,19.62,1410.92,60.13,47.71
Marshall Islands,MHL,Oceania,Oceania,2016,18.74,1451.03,65.17,53.63
Marshall Islands,MHL,Oceania,Oceania,2017,19.4,1285.5,57.67,57.42
Marshall Islands,MHL,Oceania,Oceania,2018,19.84,1328.37,54.58,65.14
Marshall Islands,MHL,Oceania,Oceania,2019,19.28,1309.22,61.82,62.42
Marshall Islands,MHL,Oceania,Oceania,2020,19.51,1429.59,67.19,67.99
Marshall Islands,MHL,Oceania,Oceania,2021,19.14,1477.33,63.81,70.95
Marshall Islands,MHL,Oceania,Oceania,2022,19.17,1422.26,67.45,73.17
Marshall Islands,MHL,Oceania,Oceania,2023,18.98,1408.29,67.4,76.02
Marshall Islands,MHL,Oceania,Oceania,2024,19.72,1459.95,66.92,81.09
Marshall Islands,MHL,Oceania,Oceania,2025,19.83,1472.7,64.95,82.34
North Macedonia,MKD,Europe,Europe,2000,3.84,1773.6,521.72,2.29
North Macedonia,MKD,Europe,Europe,2001,4.34,1878.92,524.87,11.26
North Macedonia,MKD,Europe,Europe,2002,3.55,1791.88,529.67,10.42
North Macedonia,MKD,Europe,Europe,2003,4.04,1966.93,538.47,15.19
North Macedonia,MKD,Europe,Europe,2004,4.74,1777.5,548.36,18.13
North Macedonia,MKD,Europe,Europe,2005,3.95,1707.06,553.6,22.35
North Macedonia,MKD,Europe,Europe,2006,4.15,1958.21,557.94,25.2
North Macedonia,MKD,Europe,Europe,2007,4.35,1899.7,562.52,27.07
North Macedonia,MKD,Europe,Europe,2008,3.88,1808.82,572.38,33.75
North Macedonia,MKD,Europe,Europe,2009,3.96,1788.47,575.6,31.66
North Macedonia,MKD,Europe,Europe,2010,4.54,1717.31,582.37,38.69
North Macedonia,MKD,Europe,Europe,2011,4.18,1757.92,588.19,41.63
North Macedonia,MKD,Europe,Europe,2012,4.44,1818.9,597.89,44.99
North Macedonia,MKD,Europe,Europe,2013,4.56,1778.63,597.39,50.43
North Macedonia,MKD,Europe,Europe,2014,4.36,1903.87,609.6,50.19
North Macedonia,MKD,Europe,Europe,2015,4.6,1903.63,610.53,50.53
North Macedonia,MKD,Europe,Europe,2016,5.31,1903.57,619.44,56.36
North Macedonia,MKD,Europe,Europe,2017,4.51,1644.44,624.48,60.4
North Macedonia,MKD,Europe,Europe,2018,4.57,1957.5,637.12,63.84
North Macedonia,MKD,Europe,Europe,2019,3.79,1794.68,633.39,66.54
North Macedonia,MKD,Europe,Europe,2020,5.36,1922.02,645.7,71.35
North Macedonia,MKD,Europe,Europe,2021,4.82,1981.05,653.76,70.97
North Macedonia,MKD,Europe,Europe,2022,5.49,1721.56,658.96,75.4
North Macedonia,MKD,Europe,Europe,2023,4.3,1707.24,660.13,80.24
North Macedonia,MKD,Europe,Europe,2024,4.55,1760.98,667.26,80.3
North Macedonia,MKD,Europe,Europe,2025,4.87,1939.48,675.17,84.39
Mali,MLI,Africa,Africa,2000,16.7,1431.11,6.45,2.92
Mali,MLI,Africa,Africa,2001,17.12,1629.8,5.9,4.64
Mali,MLI,Africa,Africa,2002,17.41,1557.02,7.99,9.37
Mali,MLI,Africa,Africa,2003,17.13,1572.54,4.04,12.61
Mali,MLI,Africa,Africa,2004,17.3,1528.38,3.42,14.93
Mali,MLI,Africa,Africa,2005,16.94,1605.65,1.63,19.12
Mali,MLI,Africa,Africa,2006,16.27,1730.55,6.59,23.24
Mali,MLI,Africa,Africa,2007,17.49,1512.84,2.75,27.12
Mali,MLI,Africa,Africa,2008,17.25,1596.13,5.04,27.54
Mali,MLI,Africa,Africa,2009,17.81,1619.29,0,33.96
Mali,MLI,Africa,Africa,2010,17.4,1482.31,5.7,31.27
Mali,MLI,Africa,Africa,2011,17.84,1467.25,5.78,36.98
Mali,MLI,Africa,Africa,2012,17.27,1549.32,5.98,41.29
Mali,MLI,Africa,Africa,2013,16.91,1642.25,6.12,43.36
Mali,MLI,Africa,Africa,2014,17.66,1591.33,6.67,48.75
Mali,MLI,Africa,Africa,2015,17.72,1641.75,10.84,52.2
Mali,MLI,Africa,Africa,2016,17.27,1563.62,5.52,54.54
Mali,MLI,Africa,Africa,2017,18.13,1405.61,12.16,58.25
Mali,MLI,Africa,Africa,2018,17.64,1660.4,11.29,59.37
Mali,MLI,Africa,Africa,2019,18.35,1625.66,6.79,62.65
Mali,MLI,Africa,Africa,2020,17.99,1455.16,1.54,71.04
Mali,MLI,Africa,Africa,2021,17.89,1743.65,7.82,69.16
Mali,MLI,Africa,Africa,2022,17.74,1705.8,1.3,73.63
Mali,MLI,Africa,Africa,2023,18.04,1607.84,8.32,76.37
Mali,MLI,Africa,Africa,2024,17.28,1644,9.23,80.32
Mali,MLI,Africa,Africa,2025,17.9,1704.79,8.77,82.33
Malta,MLT,Europe,Europe,2000,10.38,607.03,0,7.51
Malta,MLT,Europe,Europe,2001,10.87,835.97,5.21,6.94
Malta,MLT,Europe,Europe,2002,10.46,926.22,0,10.81
Malta,MLT,Europe,Europe,2003,10.89,938.86,1.03,16.66
Malta,MLT,Europe,Europe,2004,10.44,724.68,0,17.21
Malta,MLT,Europe,Europe,2005,10.73,787.24,0,18.81
Malta,MLT,Europe,Europe,2006,11.02,832.62,5.48,20.89
Malta,MLT,Europe,Europe,2007,10.58,911.54,7.57,24.69
Malta,MLT,Europe,Europe,2008,10.89,1058.61,7.74,33.25
Malta,MLT,Europe,Europe,2009,10.59,978.3,4.76,32.8
Malta,MLT,Europe,Europe,2010,10.53,791.69,5.1,34.64
Malta,MLT,Europe,Europe,2011,10.34,821.2,5.05,41.36
Malta,MLT,Europe,Europe,2012,10.19,800.53,1.52,43.77
Malta,MLT,Europe,Europe,2013,11.22,923.02,1.89,45.96
Malta,MLT,Europe,Europe,2014,11.43,975.38,3.26,47.54
Malta,MLT,Europe,Europe,2015,11.04,751.4,7.56,50.42
Malta,MLT,Europe,Europe,2016,11.9,729.24,0,52.37
Malta,MLT,Europe,Europe,2017,10.5,1030.01,0,60.54
Malta,MLT,Europe,Europe,2018,11.57,1072.4,3.02,63.09
Malta,MLT,Europe,Europe,2019,10.46,925.02,0.61,65.88
Malta,MLT,Europe,Europe,2020,10.44,767.03,0,67.98
Malta,MLT,Europe,Europe,2021,11.03,905.77,0,68.19
Malta,MLT,Europe,Europe,2022,11.75,894.61,3.92,75.56
Malta,MLT,Europe,Europe,2023,11.59,850.4,2.71,79.77
Malta,MLT,Europe,Europe,2024,11.16,865.37,1.78,81.16
Malta,MLT,Europe,Europe,2025,11.63,841.71,7.43,84.81
Myanmar,MMR,Asia,Asia,2000,20.84,482.47,157.87,0.46
Myanmar,MMR,Asia,Asia,2001,20.75,569.34,161.23,2.8
Myanmar,MMR,Asia,Asia,2002,21.06,645.19,161.12,8.69
Myanmar,MMR,Asia,Asia,2003,21.84,521.43,167.37,10.82
Myanmar,MMR,Asia,Asia,2004,21.64,513.35,171.77,16.16
Myanmar,MMR,Asia,Asia,2005,22,606.55,168.19,19.26
Myanmar,MMR,Asia,Asia,2006,21.47,544.83,164.73,22.72
Myanmar,MMR,Asia,Asia,2007,21,515.59,178.07,24.88
Myanmar,MMR,Asia,Asia,2008,21.81,532,173.23,28.41
Myanmar,MMR,Asia,Asia,2009,21.42,577.89,174.04,31.57
Myanmar,MMR,Asia,Asia,2010,21.69,540.38,176.23,32.02
Myanmar,MMR,Asia,Asia,2011,21.86,468.93,177.16,39.37
Myanmar,MMR,Asia,Asia,2012,21.56,541.87,180.8,45.17
Myanmar,MMR,Asia,Asia,2013,21.51,502.46,180.29,44.55
Myanmar,MMR,Asia,Asia,2014,21.65,641.96,182.6,47.32
Myanmar,MMR,Asia,Asia,2015,21.98,586.64,188.57,49.32
Myanmar,MMR,Asia,Asia,2016,21.44,599.7,187.77,53.57
Myanmar,MMR,Asia,Asia,2017,21.42,526.19,188.06,56.48
Myanmar,MMR,Asia,Asia,2018,22.11,539.09,194.71,62.04
Myanmar,MMR,Asia,Asia,2019,22.18,555.52,189.63,62.03
Myanmar,MMR,Asia,Asia,2020,22,718.09,194.63,65.16
Myanmar,MMR,Asia,Asia,2021,21.51,521.86,196.14,68.77
Myanmar,MMR,Asia,Asia,2022,22.54,798.33,200.55,73.99
Myanmar,MMR,Asia,Asia,2023,21.95,573.1,204.61,74.09
Myanmar,MMR,Asia,Asia,2024,21.37,548.78,204.55,80.61
Myanmar,MMR,Asia,Asia,2025,21.98,640.82,203.98,80.28
Montenegro,MNE,Europe,Europe,2000,5.02,760.91,191.13,3.09
Montenegro,MNE,Europe,Europe,2001,4.62,828.25,196.5,6.82
Montenegro,MNE,Europe,Europe,2002,4,841.1,190.9,13.75
Montenegro,MNE,Europe,Europe,2003,4.9,929.29,196.6,14.2
Montenegro,MNE,Europe,Europe,2004,5.41,670.71,193.61,18.35
Montenegro,MNE,Europe,Europe,2005,4.87,782.88,201.28,19.98
Montenegro,MNE,Europe,Europe,2006,4.91,806.26,202.47,27.94
Montenegro,MNE,Europe,Europe,2007,4.76,843.59,204.16,29.48
Montenegro,MNE,Europe,Europe,2008,4.78,834.35,206.51,29.15
Montenegro,MNE,Europe,Europe,2009,5.54,941.21,209.14,34.26
Montenegro,MNE,Europe,Europe,2010,4.36,923.52,207.06,37.97
Montenegro,MNE,Europe,Europe,2011,5.37,789.65,214.19,38.88
Montenegro,MNE,Europe,Europe,2012,5.05,872.54,220.9,44.97
Montenegro,MNE,Europe,Europe,2013,5.74,869.71,222.13,48.95
Montenegro,MNE,Europe,Europe,2014,4.98,914.62,225.32,51.01
Montenegro,MNE,Europe,Europe,2015,5.74,807.55,227.77,53.39
Montenegro,MNE,Europe,Europe,2016,5.2,781.4,231.99,55.78
Montenegro,MNE,Europe,Europe,2017,5.09,899.68,229.44,61.35
Montenegro,MNE,Europe,Europe,2018,5.33,750.95,228.73,67.42
Montenegro,MNE,Europe,Europe,2019,4.94,863.96,229.7,64.8
Montenegro,MNE,Europe,Europe,2020,5.14,886.74,226.84,70.69
Montenegro,MNE,Europe,Europe,2021,5.58,1016.08,239.37,70.86
Montenegro,MNE,Europe,Europe,2022,5.01,787.96,238.32,75.89
Montenegro,MNE,Europe,Europe,2023,5.2,920.9,241.32,74.25
Montenegro,MNE,Europe,Europe,2024,5.98,802.26,243.63,83.87
Montenegro,MNE,Europe,Europe,2025,5.32,810.38,242.08,85.85
Mongolia,MNG,Asia,Asia,2000,25.26,869.74,27.55,5.79
Mongolia,MNG,Asia,Asia,2001,25.53,832.8,26.93,2.23
Mongolia,MNG,Asia,Asia,2002,25.39,884.07,26.81,10.06
Mongolia,MNG,Asia,Asia,2003,25.16,997.47,23.98,11.05
Mongolia,MNG,Asia,Asia,2004,26.1,1013.24,23.15,19.51
Mongolia,MNG,Asia,Asia,2005,25.89,812.88,28.37,20.47
Mongolia,MNG,Asia,Asia,2006,25.97,830.65,30.3,22.99
Mongolia,MNG,Asia,Asia,2007,25.78,752.65,27.06,26.53
Mongolia,MNG,Asia,Asia,2008,26.06,805.37,26.49,27.09
Mongolia,MNG,Asia,Asia,2009,25.81,754.32,31,36.96
Mongolia,MNG,Asia,Asia,2010,25.52,875.29,28.83,37.66
Mongolia,MNG,Asia,Asia,2011,25.32,995.29,31.37,42.76
Mongolia,MNG,Asia,Asia,2012,25.95,941.75,30.93,44.26
Mongolia,MNG,Asia,Asia,2013,25.77,921.33,27.66,43.68
Mongolia,MNG,Asia,Asia,2014,25.18,1032.52,32.46,48.21
Mongolia,MNG,Asia,Asia,2015,25.52,946.86,27.54,54.06
Mongolia,MNG,Asia,Asia,2016,26.2,732.49,32.79,50.13
Mongolia,MNG,Asia,Asia,2017,25.91,903.12,27.19,56.96
Mongolia,MNG,Asia,Asia,2018,25.9,957.31,30.74,61.68
Mongolia,MNG,Asia,Asia,2019,26.01,933.51,28.6,64.78
Mongolia,MNG,Asia,Asia,2020,25.98,1024.69,35.89,67.62
Mongolia,MNG,Asia,Asia,2021,26.83,820.42,32.16,70.69
Mongolia,MNG,Asia,Asia,2022,26.1,1107.73,32.04,75.84
Mongolia,MNG,Asia,Asia,2023,25.99,1004.55,33.99,76.5
Mongolia,MNG,Asia,Asia,2024,25.7,1036.26,30.31,82.36
Mongolia,MNG,Asia,Asia,2025,25.87,892.16,36.78,83.37
Northern Mariana Islands,MNP,Oceania,Oceania,2000,13.44,629.56,88.57,0.09
Northern Mariana Islands,MNP,Oceania,Oceania,2001,13.58,775.82,88.02,4.52
Northern Mariana Islands,MNP,Oceania,Oceania,2002,14.06,525.45,88.05,9.21
Northern Mariana Islands,MNP,Oceania,Oceania,2003,13.87,577.61,91.4,14.95
Northern Mariana Islands,MNP,Oceania,Oceania,2004,14.37,635.95,88.94,15.51
Northern Mariana Islands,MNP,Oceania,Oceania,2005,14.21,614.87,90.32,15.75
Northern Mariana Islands,MNP,Oceania,Oceania,2006,13.9,688.07,89.09,18.36
Northern Mariana Islands,MNP,Oceania,Oceania,2007,14.49,616.54,89.33,24.24
Northern Mariana Islands,MNP,Oceania,Oceania,2008,13.72,649.04,97.82,25.88
Northern Mariana Islands,MNP,Oceania,Oceania,2009,14.03,676.37,93.54,32.92
Northern Mariana Islands,MNP,Oceania,Oceania,2010,14.38,689.89,96.46,36.59
Northern Mariana Islands,MNP,Oceania,Oceania,2011,14.14,614.91,94.5,34.68
Northern Mariana Islands,MNP,Oceania,Oceania,2012,14.7,716.78,100.65,38.34
Northern Mariana Islands,MNP,Oceania,Oceania,2013,14.74,686.82,101.16,43.34
Northern Mariana Islands,MNP,Oceania,Oceania,2014,15.17,630.17,99.15,44.59
Northern Mariana Islands,MNP,Oceania,Oceania,2015,14.54,561.82,96.47,50.5
Northern Mariana Islands,MNP,Oceania,Oceania,2016,14.24,762.19,104.19,51.09
Northern Mariana Islands,MNP,Oceania,Oceania,2017,14.29,734.98,104.68,54.42
Northern Mariana Islands,MNP,Oceania,Oceania,2018,14.5,791.16,105.03,56.03
Northern Mariana Islands,MNP,Oceania,Oceania,2019,15.17,675.38,101.58,63.14
Northern Mariana Islands,MNP,Oceania,Oceania,2020,14.6,577.49,102,67.15
Northern Mariana Islands,MNP,Oceania,Oceania,2021,14.99,679.75,111.21,69.36
Northern Mariana Islands,MNP,Oceania,Oceania,2022,15.03,784.23,107.6,70.75
Northern Mariana Islands,MNP,Oceania,Oceania,2023,14.34,595.07,113.81,72.97
Northern Mariana Islands,MNP,Oceania,Oceania,2024,14.22,675.03,110.68,76.51
Northern Mariana Islands,MNP,Oceania,Oceania,2025,14.82,766.54,112.44,80.25
Mozambique,MOZ,Africa,Africa,2000,23.77,951.44,61.19,6.65
Mozambique,MOZ,Africa,Africa,2001,23.38,964.47,60.7,10.4
Mozambique,MOZ,Africa,Africa,2002,24,974.06,59.59,11.47
Mozambique,MOZ,Africa,Africa,2003,23.97,936.63,62.64,12.63
Mozambique,MOZ,Africa,Africa,2004,23.41,930.81,64.37,20.28
Mozambique,MOZ,Africa,Africa,2005,23.26,833,58.09,25.24
Mozambique,MOZ,Africa,Africa,2006,23.75,969.3,66.24,24.16
Mozambique,MOZ,Africa,Africa,2007,24.09,1068.1,66.74,29.34
Mozambique,MOZ,Africa,Africa,2008,24.16,977.84,67.42,31.1
Mozambique,MOZ,Africa,Africa,2009,23.46,886.6,68.76,36.98
Mozambique,MOZ,Africa,Africa,2010,23.35,1048.78,66.18,35.75
Mozambique,MOZ,Africa,Africa,2011,23.22,907.62,66.08,43.21
Mozambique,MOZ,Africa,Africa,2012,24.36,892.95,63.77,45.1
Mozambique,MOZ,Africa,Africa,2013,24.21,1071.97,64,48.2
Mozambique,MOZ,Africa,Africa,2014,23.6,1107.49,73.39,54.65
Mozambique,MOZ,Africa,Africa,2015,24.13,761.63,71.38,56.46
Mozambique,MOZ,Africa,Africa,2016,23.44,927.8,70.18,59.05
Mozambique,MOZ,Africa,Africa,2017,24.61,995.66,71.11,58.11
Mozambique,MOZ,Africa,Africa,2018,24.01,930.7,73.41,63.97
Mozambique,MOZ,Africa,Africa,2019,24.28,1017.73,72.06,65.86
Mozambique,MOZ,Africa,Africa,2020,24.08,979.46,75.73,72.07
Mozambique,MOZ,Africa,Africa,2021,24.59,879.6,76.24,72.5
Mozambique,MOZ,Africa,Africa,2022,24.22,998.23,74.28,79.35
Mozambique,MOZ,Africa,Africa,2023,23.95,906.5,75.25,82.11
Mozambique,MOZ,Africa,Africa,2024,25.22,878.62,70.48,82.73
Mozambique,MOZ,Africa,Africa,2025,24.38,1038.92,73.83,85.31
Mauritania,MRT,Africa,Africa,2000,23.66,1016.24,1.27,5.6
Mauritania,MRT,Africa,Africa,2001,23.66,1102.6,0,2.32
Mauritania,MRT,Africa,Africa,2002,23.7,903.37,0,11.86
Mauritania,MRT,Africa,Africa,2003,24.21,1174.1,7.5,15.74
Mauritania,MRT,Africa,Africa,2004,23.62,995.61,4.27,15.99
Mauritania,MRT,Africa,Africa,2005,23.3,912.38,2.7,21.96
Mauritania,MRT,Africa,Africa,2006,23.42,1056.29,5.04,22.48
Mauritania,MRT,Africa,Africa,2007,23.88,1026.39,0.91,25.07
Mauritania,MRT,Africa,Africa,2008,24.01,997.58,1.89,29.76
Mauritania,MRT,Africa,Africa,2009,23.44,1059.02,3.31,30.58
Mauritania,MRT,Africa,Africa,2010,23.88,981.68,8.59,37.47
Mauritania,MRT,Africa,Africa,2011,23.67,1070.53,6.63,42.22
Mauritania,MRT,Africa,Africa,2012,24.32,1091.45,7.4,38.17
Mauritania,MRT,Africa,Africa,2013,23.79,1064.89,0,44.84
Mauritania,MRT,Africa,Africa,2014,23.78,1061.25,0,48.04
Mauritania,MRT,Africa,Africa,2015,24.57,1181.08,0.84,49.01
Mauritania,MRT,Africa,Africa,2016,23.67,968.1,4.5,57.99
Mauritania,MRT,Africa,Africa,2017,24.31,1004.76,2.27,56.65
Mauritania,MRT,Africa,Africa,2018,23.68,1159.61,5.07,64.47
Mauritania,MRT,Africa,Africa,2019,23.73,937.25,1.85,64.99
Mauritania,MRT,Africa,Africa,2020,23.91,995.8,5.95,71.81
Mauritania,MRT,Africa,Africa,2021,24.36,983.03,7.81,71.37
Mauritania,MRT,Africa,Africa,2022,24.58,968.67,5.23,72.12
Mauritania,MRT,Africa,Africa,2023,23.95,863.86,5.8,78.08
Mauritania,MRT,Africa,Africa,2024,25.13,1054.99,10.96,79.52
Mauritania,MRT,Africa,Africa,2025,24.45,1016.44,9.68,83.81
Montserrat,MSR,North America,Americas,2000,14.51,1432.34,21.49,2.88
Montserrat,MSR,North America,Americas,2001,15.01,1379.71,29.62,8.64
Montserrat,MSR,North America,Americas,2002,15.2,1527,25.5,14.94
Montserrat,MSR,North America,Americas,2003,14.59,1350.36,21.9,17.12
Montserrat,MSR,North America,Americas,2004,14.79,1433.87,25.48,18.74
Montserrat,MSR,North America,Americas,2005,15.12,1497.48,26.87,20.43
Montserrat,MSR,North America,Americas,2006,14.36,1347.92,29.31,27.83
Montserrat,MSR,North America,Americas,2007,14.48,1452.79,29.01,26.1
Montserrat,MSR,North America,Americas,2008,15.16,1329.11,24.01,27.24
Montserrat,MSR,North America,Americas,2009,14.62,1485.05,30.59,36.9
Montserrat,MSR,North America,Americas,2010,14.52,1467.29,22.35,38.38
Montserrat,MSR,North America,Americas,2011,14.32,1427.44,25.36,38.19
Montserrat,MSR,North America,Americas,2012,14.95,1396.68,28.99,43.52
Montserrat,MSR,North America,Americas,2013,14.54,1390.5,25.75,50.08
Montserrat,MSR,North America,Americas,2014,15.5,1575.34,28.89,49.55
Montserrat,MSR,North America,Americas,2015,14.87,1483.19,31.07,55.87
Montserrat,MSR,North America,Americas,2016,15.19,1441.69,20.77,53.57
Montserrat,MSR,North America,Americas,2017,14.88,1490.14,30.39,61.6
Montserrat,MSR,North America,Americas,2018,14.53,1361.22,32.52,59.24
Montserrat,MSR,North America,Americas,2019,15.34,1402.98,29.1,67.95
Montserrat,MSR,North America,Americas,2020,15.09,1477.97,27.94,68.27
Montserrat,MSR,North America,Americas,2021,15.22,1445.13,27.47,72.15
Montserrat,MSR,North America,Americas,2022,15.48,1351.33,25,77.77
Montserrat,MSR,North America,Americas,2023,14.71,1424.65,34.75,76.88
Montserrat,MSR,North America,Americas,2024,16.2,1432.49,34.28,83.75
Montserrat,MSR,North America,Americas,2025,15.19,1425.49,29.87,84.71
Malawi,MWI,Africa,Africa,2000,25.62,1115.35,5.27,1.2
Malawi,MWI,Africa,Africa,2001,25.21,917.5,15.64,6.61
Malawi,MWI,Africa,Africa,2002,25.29,907.93,14.24,7.75
Malawi,MWI,Africa,Africa,2003,25.3,785.76,10.32,10.4
Malawi,MWI,Africa,Africa,2004,25.09,957.51,14.39,14.08
Malawi,MWI,Africa,Africa,2005,25.89,1019.54,14.47,19.67
Malawi,MWI,Africa,Africa,2006,25.22,882.57,12.69,17.84
Malawi,MWI,Africa,Africa,2007,25.32,937.39,8.81,25.01
Malawi,MWI,Africa,Africa,2008,24.97,900.68,12.07,27.16
Malawi,MWI,Africa,Africa,2009,25.62,822.15,16.81,32.91
Malawi,MWI,Africa,Africa,2010,24.24,936.76,21.87,34.56
Malawi,MWI,Africa,Africa,2011,25.57,945.33,8.99,42.89
Malawi,MWI,Africa,Africa,2012,25.06,871.85,12.31,40.39
Malawi,MWI,Africa,Africa,2013,25.8,910.91,5.72,46.48
Malawi,MWI,Africa,Africa,2014,25.49,961.63,15.13,49.74
Malawi,MWI,Africa,Africa,2015,25.5,878.93,11.46,47.96
Malawi,MWI,Africa,Africa,2016,25.19,775.06,14.14,52.78
Malawi,MWI,Africa,Africa,2017,25.25,885.43,10.65,54.26
Malawi,MWI,Africa,Africa,2018,25.89,850.92,11.77,58.57
Malawi,MWI,Africa,Africa,2019,25.42,933.7,12.53,64.33
Malawi,MWI,Africa,Africa,2020,25.21,940.98,14.29,66.01
Malawi,MWI,Africa,Africa,2021,25.54,902.4,17.64,65.48
Malawi,MWI,Africa,Africa,2022,26.02,984.48,19.08,72.15
Malawi,MWI,Africa,Africa,2023,25.57,888.33,14.5,74.21
Malawi,MWI,Africa,Africa,2024,25.97,929.25,19.39,76.11
Malawi,MWI,Africa,Africa,2025,26.27,874.49,22.87,81.73
Malaysia,MYS,Asia,Asia,2000,19.45,928.08,15.92,2.06
Malaysia,MYS,Asia,Asia,2001,19.57,983.49,18.03,8.64
Malaysia,MYS,Asia,Asia,2002,19.95,980.86,15.14,9.96
Malaysia,MYS,Asia,Asia,2003,19.75,920.04,16.19,14.15
Malaysia,MYS,Asia,Asia,2004,19.68,838.92,19.86,14.33
Malaysia,MYS,Asia,Asia,2005,19.79,1003.23,25.13,18.4
Malaysia,MYS,Asia,Asia,2006,19.54,956.92,18.75,19.5
Malaysia,MYS,Asia,Asia,2007,19.45,924.65,21.08,23.85
Malaysia,MYS,Asia,Asia,2008,19.72,1040.93,15.97,30.44
Malaysia,MYS,Asia,Asia,2009,19.73,1044.52,14.63,29.93
Malaysia,MYS,Asia,Asia,2010,19.29,1109.24,21.71,32.42
Malaysia,MYS,Asia,Asia,2011,19.35,850.28,22.1,39.25
Malaysia,MYS,Asia,Asia,2012,20.08,992.2,21.73,41.21
Malaysia,MYS,Asia,Asia,2013,20.72,995.1,18.13,45.23
Malaysia,MYS,Asia,Asia,2014,20.53,799.39,24.38,48.11
Malaysia,MYS,Asia,Asia,2015,20.16,1058.95,17.04,48.86
Malaysia,MYS,Asia,Asia,2016,19.42,836.92,25.48,53.53
Malaysia,MYS,Asia,Asia,2017,20.45,943.92,18.4,49.95
Malaysia,MYS,Asia,Asia,2018,20.26,1021.58,18.42,60.67
Malaysia,MYS,Asia,Asia,2019,20.5,938.9,23.5,64.33
Malaysia,MYS,Asia,Asia,2020,20.5,814.7,27.55,65.55
Malaysia,MYS,Asia,Asia,2021,20.4,948.49,25.04,68.75
Malaysia,MYS,Asia,Asia,2022,20.15,911.29,25.33,73.75
Malaysia,MYS,Asia,Asia,2023,19.63,987.99,26.96,77.22
Malaysia,MYS,Asia,Asia,2024,20.36,983.49,21.58,77.94
Malaysia,MYS,Asia,Asia,2025,19.9,1066.15,24.05,82.98
Namibia,NAM,Africa,Africa,2000,25.8,811.97,18.1,0
Namibia,NAM,Africa,Africa,2001,26.1,779.37,11.23,3.55
Namibia,NAM,Africa,Africa,2002,26.14,818.87,11.05,5.94
Namibia,NAM,Africa,Africa,2003,26.45,789.36,12.72,12.45
Namibia,NAM,Africa,Africa,2004,25.78,669.31,12.37,16.1
Namibia,NAM,Africa,Africa,2005,25.69,735.26,12.84,16.8
Namibia,NAM,Africa,Africa,2006,25.71,856.89,16.23,23.11
Namibia,NAM,Africa,Africa,2007,25.79,739.58,15.7,22.43
Namibia,NAM,Africa,Africa,2008,26.45,869.21,7.99,28.18
Namibia,NAM,Africa,Africa,2009,26.3,649.73,12.49,33.86
Namibia,NAM,Africa,Africa,2010,25.85,736.44,13.21,32.04
Namibia,NAM,Africa,Africa,2011,26.52,821.38,12.17,39.3
Namibia,NAM,Africa,Africa,2012,26.07,555.63,11.23,43.8
Namibia,NAM,Africa,Africa,2013,26.42,563.42,16.81,41.1
Namibia,NAM,Africa,Africa,2014,26.83,689.23,12.88,50.14
Namibia,NAM,Africa,Africa,2015,26.4,757.88,15.29,48.15
Namibia,NAM,Africa,Africa,2016,26.28,822.37,17.34,49.75
Namibia,NAM,Africa,Africa,2017,26.59,679.29,9.55,58.91
Namibia,NAM,Africa,Africa,2018,26.65,638.19,16.88,59.65
Namibia,NAM,Africa,Africa,2019,27.27,688.69,13.58,61.73
Namibia,NAM,Africa,Africa,2020,26.72,781.61,20.09,66.73
Namibia,NAM,Africa,Africa,2021,26.27,765.46,21.11,69.52
Namibia,NAM,Africa,Africa,2022,26.69,665.89,20.48,70.83
Namibia,NAM,Africa,Africa,2023,26.73,631.74,19.88,77.32
Namibia,NAM,Africa,Africa,2024,27.15,876.16,19.17,79.93
Namibia,NAM,Africa,Africa,2025,27.55,810.83,18.04,79.56
New Caledonia,NCL,Oceania,Oceania,2000,16.38,1094.92,1.9,5.36
New Caledonia,NCL,Oceania,Oceania,2001,17.13,1235.08,0,6.77
New Caledonia,NCL,Oceania,Oceania,2002,16.38,1333.83,0,14.5
New Caledonia,NCL,Oceania,Oceania,2003,16.78,1074.29,4.82,16.91
New Caledonia,NCL,Oceania,Oceania,2004,16.67,1174.22,0.83,21.5
New Caledonia,NCL,Oceania,Oceania,2005,17.06,1172.59,0,22.97
New Caledonia,NCL,Oceania,Oceania,2006,17.28,1152.14,0,25.24
New Caledonia,NCL,Oceania,Oceania,2007,16.92,1177.46,0,28.31
New Caledonia,NCL,Oceania,Oceania,2008,16.95,1297.91,0,30.66
New Caledonia,NCL,Oceania,Oceania,2009,16.93,1322.3,1.55,36.03
New Caledonia,NCL,Oceania,Oceania,2010,17.07,1296.94,0,39.85
New Caledonia,NCL,Oceania,Oceania,2011,17.08,1054.02,4.27,47.62
New Caledonia,NCL,Oceania,Oceania,2012,17.06,1333.36,0,41.59
New Caledonia,NCL,Oceania,Oceania,2013,17.34,1181.01,2.79,52.07
New Caledonia,NCL,Oceania,Oceania,2014,17.37,1328.28,3.68,49.62
New Caledonia,NCL,Oceania,Oceania,2015,17.88,1163.06,0,54.08
New Caledonia,NCL,Oceania,Oceania,2016,17.6,1377.94,0,55.68
New Caledonia,NCL,Oceania,Oceania,2017,17.62,1217.32,3.66,59.76
New Caledonia,NCL,Oceania,Oceania,2018,17.79,1260.82,7.06,58.96
New Caledonia,NCL,Oceania,Oceania,2019,17.38,1189.01,0,64.63
New Caledonia,NCL,Oceania,Oceania,2020,16.93,1256.88,1.24,73.21
New Caledonia,NCL,Oceania,Oceania,2021,17.55,1399.02,2.92,69.69
New Caledonia,NCL,Oceania,Oceania,2022,17.68,1168.96,0,76.71
New Caledonia,NCL,Oceania,Oceania,2023,17.78,1355.25,4.1,79.81
New Caledonia,NCL,Oceania,Oceania,2024,17.2,1214.78,0.61,81.58
New Caledonia,NCL,Oceania,Oceania,2025,18.14,1257.04,0,88.58
Niger,NER,Africa,Africa,2000,28.64,1119.62,4.06,3.61
Niger,NER,Africa,Africa,2001,28.59,975.67,3.16,8.53
Niger,NER,Africa,Africa,2002,28.36,1239.48,6.42,11.02
Niger,NER,Africa,Africa,2003,28.71,1120.34,12.26,13.72
Niger,NER,Africa,Africa,2004,28.86,1008.96,11.29,16.81
Niger,NER,Africa,Africa,2005,29.06,1164.01,6.85,19.79
Niger,NER,Africa,Africa,2006,28.68,1088.44,10.21,23.12
Niger,NER,Africa,Africa,2007,28.39,998.17,7.23,27.42
Niger,NER,Africa,Africa,2008,29.18,957.86,3.07,29.57
Niger,NER,Africa,Africa,2009,29.11,1063.81,9.43,30.32
Niger,NER,Africa,Africa,2010,28.81,989.9,7.76,36.31
Niger,NER,Africa,Africa,2011,29.14,1158.07,8.67,43.81
Niger,NER,Africa,Africa,2012,28.83,1168.39,9.61,43.71
Niger,NER,Africa,Africa,2013,28.63,1010.79,9.05,46.13
Niger,NER,Africa,Africa,2014,28.85,1088.07,4.23,49.97
Niger,NER,Africa,Africa,2015,29.61,934.57,10.35,51.99
Niger,NER,Africa,Africa,2016,29.15,1170.93,5.79,56.63
Niger,NER,Africa,Africa,2017,29.33,953.37,9.29,59
Niger,NER,Africa,Africa,2018,28.68,1056.53,11.15,62.68
Niger,NER,Africa,Africa,2019,28.58,892,7.81,68.15
Niger,NER,Africa,Africa,2020,29.22,1019.32,9.49,66.36
Niger,NER,Africa,Africa,2021,29.61,1234.65,7.28,72.71
Niger,NER,Africa,Africa,2022,29.14,961.77,9.76,72.57
Niger,NER,Africa,Africa,2023,29.45,1052.82,3.45,75.47
Niger,NER,Africa,Africa,2024,29.45,1095.34,10.43,81.72
Niger,NER,Africa,Africa,2025,29.36,1246.45,5.18,84.69
Norfolk Island,NFK,Oceania,Oceania,2000,27.14,1742.19,95.68,5.12
Norfolk Island,NFK,Oceania,Oceania,2001,28.03,1696,92.17,5.86
Norfolk Island,NFK,Oceania,Oceania,2002,27.85,1532.06,100.73,7.83
Norfolk Island,NFK,Oceania,Oceania,2003,27.79,1649.05,102.65,14.96
Norfolk Island,NFK,Oceania,Oceania,2004,27.71,1542.82,102.31,15.99
Norfolk Island,NFK,Oceania,Oceania,2005,27.44,1749.6,104.07,15.75
Norfolk Island,NFK,Oceania,Oceania,2006,28.28,1810.53,103.63,24.26
Norfolk Island,NFK,Oceania,Oceania,2007,27.79,1688.34,107.99,24.9
Norfolk Island,NFK,Oceania,Oceania,2008,27.94,1736.26,102.56,29.12
Norfolk Island,NFK,Oceania,Oceania,2009,27.52,1810.54,101.19,34.32
Norfolk Island,NFK,Oceania,Oceania,2010,28.16,1828.8,108.71,35.64
Norfolk Island,NFK,Oceania,Oceania,2011,28.29,1653.45,108.99,41.67
Norfolk Island,NFK,Oceania,Oceania,2012,28.46,1865.03,110.48,39.66
Norfolk Island,NFK,Oceania,Oceania,2013,28.13,1826.98,112.12,45.45
Norfolk Island,NFK,Oceania,Oceania,2014,28.5,1809.6,115.25,49.02
Norfolk Island,NFK,Oceania,Oceania,2015,28.82,1640.4,110.21,50.92
Norfolk Island,NFK,Oceania,Oceania,2016,28.09,1787.94,114.77,54.38
Norfolk Island,NFK,Oceania,Oceania,2017,28.32,1619.14,115.89,55.71
Norfolk Island,NFK,Oceania,Oceania,2018,28.26,1811.24,109.53,59.98
Norfolk Island,NFK,Oceania,Oceania,2019,28.22,1769.41,115.52,61.59
Norfolk Island,NFK,Oceania,Oceania,2020,28.8,1681.65,119.67,67.63
Norfolk Island,NFK,Oceania,Oceania,2021,28.52,1715.7,115.17,70.26
Norfolk Island,NFK,Oceania,Oceania,2022,28.62,1845.9,117.65,73.32
Norfolk Island,NFK,Oceania,Oceania,2023,28.27,1788.94,121.6,75.97
Norfolk Island,NFK,Oceania,Oceania,2024,28.92,1527.54,125,81.84
Norfolk Island,NFK,Oceania,Oceania,2025,29.23,1769.93,123.77,79.71
Nigeria,NGA,Africa,Africa,2000,21,441.67,13.01,1.12
Nigeria,NGA,Africa,Africa,2001,20.17,572.61,17.07,6.52
Nigeria,NGA,Africa,Africa,2002,20.62,355.45,15.24,10.45
Nigeria,NGA,Africa,Africa,2003,19.96,538.39,17.27,14.51
Nigeria,NGA,Africa,Africa,2004,20.27,452.76,23,16.23
Nigeria,NGA,Africa,Africa,2005,20.86,519.18,20.85,18.49
Nigeria,NGA,Africa,Africa,2006,20.81,151.3,18.36,22.81
Nigeria,NGA,Africa,Africa,2007,20.51,435.23,24.01,22.4
Nigeria,NGA,Africa,Africa,2008,20.91,357.05,15.43,27
Nigeria,NGA,Africa,Africa,2009,20.75,474.86,21.39,35.87
Nigeria,NGA,Africa,Africa,2010,20.71,459.72,23.52,34.33
Nigeria,NGA,Africa,Africa,2011,20.82,457.58,19.68,37.89
Nigeria,NGA,Africa,Africa,2012,20.78,390.02,16.78,37.07
Nigeria,NGA,Africa,Africa,2013,20.71,460.36,23.34,45.76
Nigeria,NGA,Africa,Africa,2014,20.98,417.56,23.56,49.66
Nigeria,NGA,Africa,Africa,2015,21.43,352.28,17.97,50.59
Nigeria,NGA,Africa,Africa,2016,20.85,443.76,24.41,56.91
Nigeria,NGA,Africa,Africa,2017,20.53,455.88,25.18,60.01
Nigeria,NGA,Africa,Africa,2018,20.56,650.52,26.94,62.63
Nigeria,NGA,Africa,Africa,2019,20.78,359.75,23.62,68.11
Nigeria,NGA,Africa,Africa,2020,20.84,315.75,22.17,68.71
Nigeria,NGA,Africa,Africa,2021,21.29,527.56,24.45,73.26
Nigeria,NGA,Africa,Africa,2022,20.79,537.91,20.94,76.38
Nigeria,NGA,Africa,Africa,2023,20.99,381.1,23.37,79.39
Nigeria,NGA,Africa,Africa,2024,21.35,344.13,27.48,80.79
Nigeria,NGA,Africa,Africa,2025,21.12,447.67,25.57,87.36
Nicaragua,NIC,North America,Americas,2000,23.67,1164.97,17.88,7.42
Nicaragua,NIC,North America,Americas,2001,22.57,1118.08,17.61,4.84
Nicaragua,NIC,North America,Americas,2002,23.93,1027.34,22.47,12.74
Nicaragua,NIC,North America,Americas,2003,23.82,1055.45,23.32,15.3
Nicaragua,NIC,North America,Americas,2004,23.13,1198.25,21.97,18.4
Nicaragua,NIC,North America,Americas,2005,23.15,1323.63,25.43,21.57
Nicaragua,NIC,North America,Americas,2006,23.6,1310.48,24.68,21.68
Nicaragua,NIC,North America,Americas,2007,23.48,1171.75,21.91,29.12
Nicaragua,NIC,North America,Americas,2008,23.14,1164.62,23.57,31.53
Nicaragua,NIC,North America,Americas,2009,22.94,1198.94,24.28,34.02
Nicaragua,NIC,North America,Americas,2010,23.76,1277.49,27.63,36.95
Nicaragua,NIC,North America,Americas,2011,23.37,1287.69,28.06,39.75
Nicaragua,NIC,North America,Americas,2012,23.2,1269.5,24.72,42.02
Nicaragua,NIC,North America,Americas,2013,23.9,1311.99,24.78,46.5
Nicaragua,NIC,North America,Americas,2014,23.49,1370.35,24.21,55.43
Nicaragua,NIC,North America,Americas,2015,23.38,1216.55,25.92,55.93
Nicaragua,NIC,North America,Americas,2016,23.6,1143.52,28.73,58.72
Nicaragua,NIC,North America,Americas,2017,24.43,1293.66,26.85,63.89
Nicaragua,NIC,North America,Americas,2018,24.48,1304.9,25.6,66.57
Nicaragua,NIC,North America,Americas,2019,24.51,1154.99,28.87,66.24
Nicaragua,NIC,North America,Americas,2020,23.03,1251.93,26.46,67.3
Nicaragua,NIC,North America,Americas,2021,23.73,1322.04,24.53,72.09
Nicaragua,NIC,North America,Americas,2022,23.7,1134.31,31.71,78.31
Nicaragua,NIC,North America,Americas,2023,24.01,1337.72,28.86,82.42
Nicaragua,NIC,North America,Americas,2024,23.96,1507.92,30.73,87.71
Nicaragua,NIC,North America,Americas,2025,24.71,1239.79,29.67,82.87
Niue,NIU,Oceania,Oceania,2000,18.75,1715.07,30.65,0
Niue,NIU,Oceania,Oceania,2001,19.09,1699.13,26.08,2.74
Niue,NIU,Oceania,Oceania,2002,18.5,1916.77,27.2,7.65
Niue,NIU,Oceania,Oceania,2003,19.27,1708.21,24.4,10.73
Niue,NIU,Oceania,Oceania,2004,19.09,1669.8,28.77,13.05
Niue,NIU,Oceania,Oceania,2005,18.59,1606.98,28.36,19.05
Niue,NIU,Oceania,Oceania,2006,18.91,1684.59,26.27,22.05
Niue,NIU,Oceania,Oceania,2007,18.67,1721.29,31.3,20.06
Niue,NIU,Oceania,Oceania,2008,19.2,1713.72,31.24,30.07
Niue,NIU,Oceania,Oceania,2009,18.88,1834.1,24,32.6
Niue,NIU,Oceania,Oceania,2010,18.76,1751.65,25.43,33.52
Niue,NIU,Oceania,Oceania,2011,19.06,1904.02,26.37,37.45
Niue,NIU,Oceania,Oceania,2012,18.97,1791.88,27.13,40.72
Niue,NIU,Oceania,Oceania,2013,19.19,1577.53,27.53,42.77
Niue,NIU,Oceania,Oceania,2014,19.3,1543.35,29.9,46.31
Niue,NIU,Oceania,Oceania,2015,19.15,1726.04,36.92,52.8
Niue,NIU,Oceania,Oceania,2016,19.46,1870.78,36.43,53.72
Niue,NIU,Oceania,Oceania,2017,19.6,1747.31,32.43,56.06
Niue,NIU,Oceania,Oceania,2018,19.47,1752.74,29.72,61.91
Niue,NIU,Oceania,Oceania,2019,19.92,1765.5,33.32,63.45
Niue,NIU,Oceania,Oceania,2020,19.86,1707.84,39.44,67.24
Niue,NIU,Oceania,Oceania,2021,20.26,1740.15,30.43,66.59
Niue,NIU,Oceania,Oceania,2022,19.63,1739.78,32.4,73.18
Niue,NIU,Oceania,Oceania,2023,19.56,1727.67,35.63,75.78
Niue,NIU,Oceania,Oceania,2024,19.59,1961.24,31.4,79.89
Niue,NIU,Oceania,Oceania,2025,20.5,1787.97,29.91,78
Netherlands,NLD,Europe,Europe,2000,8.19,739.33,4.26,1.91
Netherlands,NLD,Europe,Europe,2001,7.9,621.01,1.95,5.34
Netherlands,NLD,Europe,Europe,2002,7.27,600.41,0,8.93
Netherlands,NLD,Europe,Europe,2003,8.43,680.01,5.07,9.93
Netherlands,NLD,Europe,Europe,2004,7.34,698.73,0,15.62
Netherlands,NLD,Europe,Europe,2005,7.97,496.38,1.89,15.49
Netherlands,NLD,Europe,Europe,2006,8.52,652.83,2.94,20.2
Netherlands,NLD,Europe,Europe,2007,8.26,699.16,4.08,23.36
Netherlands,NLD,Europe,Europe,2008,7.88,573.57,0,31.53
Netherlands,NLD,Europe,Europe,2009,7.73,636.44,0,28.47
Netherlands,NLD,Europe,Europe,2010,7.59,687.01,0.7,31.79
Netherlands,NLD,Europe,Europe,2011,7.58,575.55,3.78,35.86
Netherlands,NLD,Europe,Europe,2012,7.67,672.64,2.08,40.66
Netherlands,NLD,Europe,Europe,2013,8.37,506.7,6.36,44.56
Netherlands,NLD,Europe,Europe,2014,8.37,530.32,2.04,43.23
Netherlands,NLD,Europe,Europe,2015,7.5,690.04,4.8,50.41
Netherlands,NLD,Europe,Europe,2016,7.99,629.94,2.1,51.12
Netherlands,NLD,Europe,Europe,2017,7.71,609.54,3.67,54.68
Netherlands,NLD,Europe,Europe,2018,7.84,810.54,6.27,59.52
Netherlands,NLD,Europe,Europe,2019,8.39,562.74,1.11,61.81
Netherlands,NLD,Europe,Europe,2020,8.32,595.88,0.55,68.82
Netherlands,NLD,Europe,Europe,2021,8.22,741.04,0,70.1
Netherlands,NLD,Europe,Europe,2022,8.25,709.48,1.98,73.18
Netherlands,NLD,Europe,Europe,2023,7.63,556.34,4.33,75.96
Netherlands,NLD,Europe,Europe,2024,8.61,658.18,7.53,80.49
Netherlands,NLD,Europe,Europe,2025,8.25,642,2.98,81.45
Norway,NOR,Europe,Europe,2000,11.39,1572.97,0,3.6
Norway,NOR,Europe,Europe,2001,11.77,1357.96,0.28,2.49
Norway,NOR,Europe,Europe,2002,11.53,1477.18,0,7.78
Norway,NOR,Europe,Europe,2003,11.44,1683.03,0,13.99
Norway,NOR,Europe,Europe,2004,11.65,1366.64,0.39,15.83
Norway,NOR,Europe,Europe,2005,12.44,1511.38,1.75,16.77
Norway,NOR,Europe,Europe,2006,11.74,1486.08,1.29,20.19
Norway,NOR,Europe,Europe,2007,11.83,1479.55,0.98,25.66
Norway,NOR,Europe,Europe,2008,11.57,1511.21,2.68,25.96
Norway,NOR,Europe,Europe,2009,11.16,1569.46,3.09,31.19
Norway,NOR,Europe,Europe,2010,11.43,1461.99,0,34.66
Norway,NOR,Europe,Europe,2011,11.64,1647.2,8.62,37.31
Norway,NOR,Europe,Europe,2012,11.47,1566.89,1.91,39.34
Norway,NOR,Europe,Europe,2013,11.39,1458.09,5.03,44.44
Norway,NOR,Europe,Europe,2014,11.77,1594.59,1.58,44.59
Norway,NOR,Europe,Europe,2015,11.86,1557.79,4.5,50.99
Norway,NOR,Europe,Europe,2016,12.78,1546.26,5.69,54.58
Norway,NOR,Europe,Europe,2017,12.05,1592.53,0,56.07
Norway,NOR,Europe,Europe,2018,12.32,1397.15,4.96,55.37
Norway,NOR,Europe,Europe,2019,12.85,1591.55,6.45,60.52
Norway,NOR,Europe,Europe,2020,12.38,1454.98,4.29,66.4
Norway,NOR,Europe,Europe,2021,12.1,1543.84,5.46,69.34
Norway,NOR,Europe,Europe,2022,11.74,1406.4,1.4,73.64
Norway,NOR,Europe,Europe,2023,11.33,1460.15,3.42,74.39
Norway,NOR,Europe,Europe,2024,12.06,1423.62,1.79,80.08
Norway,NOR,Europe,Europe,2025,11.73,1605.16,2.75,82.37
Nepal,NPL,Asia,Asia,2000,20.3,1225.64,10.01,3
Nepal,NPL,Asia,Asia,2001,20.71,1044.21,8.4,4.23
Nepal,NPL,Asia,Asia,2002,20.08,1072.45,15.62,9.18
Nepal,NPL,Asia,Asia,2003,19.93,985.42,14.68,12.96
Nepal,NPL,Asia,Asia,2004,20.73,937.37,9.14,14.45
Nepal,NPL,Asia,Asia,2005,20.9,1123.16,11.35,21.18
Nepal,NPL,Asia,Asia,2006,20.44,1171.63,12.04,21.45
Nepal,NPL,Asia,Asia,2007,20.62,1141.12,6.44,23.23
Nepal,NPL,Asia,Asia,2008,20.38,1150.92,13.07,28.88
Nepal,NPL,Asia,Asia,2009,20.74,1015.16,9.3,27.86
Nepal,NPL,Asia,Asia,2010,20.58,1290.06,11.49,32.26
Nepal,NPL,Asia,Asia,2011,20.73,1047.77,7.09,37.8
Nepal,NPL,Asia,Asia,2012,20.32,1108.12,13.54,39.38
Nepal,NPL,Asia,Asia,2013,20.69,1041.66,16.22,43.31
Nepal,NPL,Asia,Asia,2014,20.75,1121.17,13.79,47.07
Nepal,NPL,Asia,Asia,2015,21.02,1002.55,11.57,51.66
Nepal,NPL,Asia,Asia,2016,20.62,1209.78,13.8,54.53
Nepal,NPL,Asia,Asia,2017,20.17,1063.41,9.31,55.25
Nepal,NPL,Asia,Asia,2018,21.38,1283,7.99,60.38
Nepal,NPL,Asia,Asia,2019,21.41,1243.68,15.51,63.66
Nepal,NPL,Asia,Asia,2020,21.44,1219.09,10.07,66.07
Nepal,NPL,Asia,Asia,2021,20.92,1279.3,13.01,69.53
Nepal,NPL,Asia,Asia,2022,21.07,1150.03,15.37,72.52
Nepal,NPL,Asia,Asia,2023,21.02,960.03,14.54,76.34
Nepal,NPL,Asia,Asia,2024,21.07,950.11,15.02,78.51
Nepal,NPL,Asia,Asia,2025,21.2,1049.37,17.79,83.65
Nauru,NRU,Oceania,Oceania,2000,22.73,1035.18,26.88,2.92
Nauru,NRU,Oceania,Oceania,2001,22.9,1132.41,24.81,9.65
Nauru,NRU,Oceania,Oceania,2002,22.98,1308.92,29.88,13.52
Nauru,NRU,Oceania,Oceania,2003,22.8,1256.3,21.92,17.2
Nauru,NRU,Oceania,Oceania,2004,23.1,1166.32,25.28,17.1
Nauru,NRU,Oceania,Oceania,2005,22.58,1159.24,25.28,22.08
Nauru,NRU,Oceania,Oceania,2006,22.7,1260.13,30.42,25.89
Nauru,NRU,Oceania,Oceania,2007,23.2,1340.52,30.74,25.52
Nauru,NRU,Oceania,Oceania,2008,22.98,992.93,33.49,31.91
Nauru,NRU,Oceania,Oceania,2009,22.82,1064.28,25.45,34.47
Nauru,NRU,Oceania,Oceania,2010,22.7,1219.15,30.36,36.98
Nauru,NRU,Oceania,Oceania,2011,23.01,1293.89,22.73,38.61
Nauru,NRU,Oceania,Oceania,2012,22.52,1470.67,28.63,41.33
Nauru,NRU,Oceania,Oceania,2013,23.39,1106.61,33.28,43.1
Nauru,NRU,Oceania,Oceania,2014,23.44,1124.21,24.34,52.41
Nauru,NRU,Oceania,Oceania,2015,23.22,1010.79,24.98,51.19
Nauru,NRU,Oceania,Oceania,2016,22.72,1208.03,28.85,55.51
Nauru,NRU,Oceania,Oceania,2017,22.95,1142.86,22.61,57.76
Nauru,NRU,Oceania,Oceania,2018,23.12,1302.98,33.31,62.91
Nauru,NRU,Oceania,Oceania,2019,23.68,1266.51,24.35,68.76
Nauru,NRU,Oceania,Oceania,2020,23.51,1159.86,30.73,69.24
Nauru,NRU,Oceania,Oceania,2021,23.96,1290.24,31.48,71.54
Nauru,NRU,Oceania,Oceania,2022,23.73,1327.9,26.8,74.85
Nauru,NRU,Oceania,Oceania,2023,23.24,1149.67,25.88,78.12
Nauru,NRU,Oceania,Oceania,2024,23.27,1310.53,25.12,83.36
Nauru,NRU,Oceania,Oceania,2025,23.65,1315.22,26.15,83.94
New Zealand,NZL,Oceania,Oceania,2000,20.88,1052.69,7.65,1.92
New Zealand,NZL,Oceania,Oceania,2001,20.88,1072.74,7.62,7.17
New Zealand,NZL,Oceania,Oceania,2002,20.67,972.42,1.95,6.74
New Zealand,NZL,Oceania,Oceania,2003,21.1,1278.56,8.75,9.31
New Zealand,NZL,Oceania,Oceania,2004,21.03,961.89,4.34,19
New Zealand,NZL,Oceania,Oceania,2005,20.72,1133.02,4.77,19.52
New Zealand,NZL,Oceania,Oceania,2006,21.3,1003.93,7.35,22.47
New Zealand,NZL,Oceania,Oceania,2007,21.37,1022.53,5.4,24.34
New Zealand,NZL,Oceania,Oceania,2008,21.24,1101.12,0.11,27.63
New Zealand,NZL,Oceania,Oceania,2009,21.28,980.99,3.77,34.69
New Zealand,NZL,Oceania,Oceania,2010,20.72,1166.43,9.33,34.96
New Zealand,NZL,Oceania,Oceania,2011,22.11,1122.13,9.83,38.25
New Zealand,NZL,Oceania,Oceania,2012,21.44,1191.26,13.83,39.33
New Zealand,NZL,Oceania,Oceania,2013,21.46,1211.96,10.94,41.7
New Zealand,NZL,Oceania,Oceania,2014,21.48,1231.47,7.71,47.1
New Zealand,NZL,Oceania,Oceania,2015,21.46,1083.93,4.85,47.94
New Zealand,NZL,Oceania,Oceania,2016,21.96,1190.06,4.08,51.59
New Zealand,NZL,Oceania,Oceania,2017,21.71,1027.85,6.64,52.19
New Zealand,NZL,Oceania,Oceania,2018,21.02,1061.08,6.3,60.24
New Zealand,NZL,Oceania,Oceania,2019,21.72,1075.91,4.34,61.52
New Zealand,NZL,Oceania,Oceania,2020,21.32,1114.38,6.28,66.57
New Zealand,NZL,Oceania,Oceania,2021,21.81,1024.45,8.56,71.45
New Zealand,NZL,Oceania,Oceania,2022,21.41,1319.57,6.45,73.22
New Zealand,NZL,Oceania,Oceania,2023,22.13,1104.85,2.4,75.79
New Zealand,NZL,Oceania,Oceania,2024,21.65,1126.71,12.24,78.14
New Zealand,NZL,Oceania,Oceania,2025,21.3,1047.72,8.41,81.9
Oman,OMN,Asia,Asia,2000,22.1,684.57,200.3,6.97
Oman,OMN,Asia,Asia,2001,22.41,560.66,208.2,5.62
Oman,OMN,Asia,Asia,2002,22.07,691.12,211.53,12.17
Oman,OMN,Asia,Asia,2003,22.97,703.37,211.36,13.39
Oman,OMN,Asia,Asia,2004,22.47,589.77,215.78,15.15
Oman,OMN,Asia,Asia,2005,22.55,625.74,223.6,20.38
Oman,OMN,Asia,Asia,2006,22.81,749.99,223.23,24.52
Oman,OMN,Asia,Asia,2007,22.84,633.05,221.32,25.8
Oman,OMN,Asia,Asia,2008,22.72,793.2,219.22,31.03
Oman,OMN,Asia,Asia,2009,22.67,558.7,228.6,30.94
Oman,OMN,Asia,Asia,2010,22.51,585.07,226.57,37.78
Oman,OMN,Asia,Asia,2011,22.82,736.5,235.96,38.49
Oman,OMN,Asia,Asia,2012,22.46,523.06,235.06,40.93
Oman,OMN,Asia,Asia,2013,22.51,430.02,233.35,46.4
Oman,OMN,Asia,Asia,2014,22.66,606.52,241.56,47.1
Oman,OMN,Asia,Asia,2015,22.47,697.38,242.31,53.32
Oman,OMN,Asia,Asia,2016,23.17,510.93,250.62,53.14
Oman,OMN,Asia,Asia,2017,23.25,692.69,249.89,59.08
Oman,OMN,Asia,Asia,2018,22.51,672.05,252.26,61.49
Oman,OMN,Asia,Asia,2019,23.06,492.76,255.86,65.46
Oman,OMN,Asia,Asia,2020,22.92,607.11,257.89,68.87
Oman,OMN,Asia,Asia,2021,23.14,534.48,262.69,73.96
Oman,OMN,Asia,Asia,2022,22.91,654.99,260.07,73.85
Oman,OMN,Asia,Asia,2023,22.88,541.76,264.8,78.55
Oman,OMN,Asia,Asia,2024,23.42,735.4,263.76,80.02
Oman,OMN,Asia,Asia,2025,23.43,589.89,272.52,86.3
Pakistan,PAK,Asia,Asia,2000,17.46,870.62,27.46,5.07
Pakistan,PAK,Asia,Asia,2001,18.11,939.09,23.2,7.71
Pakistan,PAK,Asia,Asia,2002,17.93,860.85,26.17,12.88
Pakistan,PAK,Asia,Asia,2003,18.35,996.31,18.62,15.56
Pakistan,PAK,Asia,Asia,2004,17.47,996.22,21.5,18.85
Pakistan,PAK,Asia,Asia,2005,18.03,799.92,28.62,21.73
Pakistan,PAK,Asia,Asia,2006,18.63,910.06,30.11,28.11
Pakistan,PAK,Asia,Asia,2007,18.28,1012.06,18.72,32.76
Pakistan,PAK,Asia,Asia,2008,18.15,911.32,24.83,33.62
Pakistan,PAK,Asia,Asia,2009,17.9,858.83,26,35.46
Pakistan,PAK,Asia,Asia,2010,18.28,925.57,20.5,37.8
Pakistan,PAK,Asia,Asia,2011,18.7,1140.3,22.2,39.79
Pakistan,PAK,Asia,Asia,2012,18.23,970.78,26.48,43.96
Pakistan,PAK,Asia,Asia,2013,18.88,948.67,27.05,48.16
Pakistan,PAK,Asia,Asia,2014,18.29,975.24,22.32,53.14
Pakistan,PAK,Asia,Asia,2015,18.7,943.77,23.69,56.82
Pakistan,PAK,Asia,Asia,2016,18.83,1032.85,21.42,57.65
Pakistan,PAK,Asia,Asia,2017,18.89,943.09,27.59,60.97
Pakistan,PAK,Asia,Asia,2018,18.87,1113.94,31.11,64.1
Pakistan,PAK,Asia,Asia,2019,18.62,736.34,32.89,65.2
Pakistan,PAK,Asia,Asia,2020,18.69,905.86,28.86,68.86
Pakistan,PAK,Asia,Asia,2021,18.51,1056.83,24.2,75.36
Pakistan,PAK,Asia,Asia,2022,19.52,1207.82,35.09,76.56
Pakistan,PAK,Asia,Asia,2023,19.18,1065.13,30.98,80.07
Pakistan,PAK,Asia,Asia,2024,18.75,850.87,28.54,80.97
Pakistan,PAK,Asia,Asia,2025,18.67,1140.19,33.04,85.59
Panama,PAN,North America,Americas,2000,14.54,707.14,20.69,8.7
Panama,PAN,North America,Americas,2001,13.74,584.94,20.17,8.28
Panama,PAN,North America,Americas,2002,14.39,705.82,19.21,15.87
Panama,PAN,North America,Americas,2003,13.75,745.75,22.2,14.81
Panama,PAN,North America,Americas,2004,13.92,794.34,16.41,19.23
Panama,PAN,North America,Americas,2005,13.76,752.77,23.58,23.88
Panama,PAN,North America,Americas,2006,14.34,677.36,21.83,27.39
Panama,PAN,North America,Americas,2007,14.37,786.07,18.93,28.15
Panama,PAN,North America,Americas,2008,15.14,860.15,16.73,29.04
Panama,PAN,North America,Americas,2009,13.75,666.68,18.89,35.59
Panama,PAN,North America,Americas,2010,15,914.14,15.45,37.97
Panama,PAN,North America,Americas,2011,14.46,859.39,13.9,42.55
Panama,PAN,North America,Americas,2012,14.29,682.82,21.21,45.85
Panama,PAN,North America,Americas,2013,14.28,744.71,12.51,46.37
Panama,PAN,North America,Americas,2014,14.35,824.55,23,50.72
Panama,PAN,North America,Americas,2015,14.8,883.19,21.89,52.61
Panama,PAN,North America,Americas,2016,14.7,736.31,18.06,53.78
Panama,PAN,North America,Americas,2017,14.09,774.64,19.43,59.32
Panama,PAN,North America,Americas,2018,14.46,774.78,21.05,61.96
Panama,PAN,North America,Americas,2019,14.52,888.59,21.4,67.4
Panama,PAN,North America,Americas,2020,14.61,876.31,20.95,68.91
Panama,PAN,North America,Americas,2021,15.3,631.37,20.41,71.46
Panama,PAN,North America,Americas,2022,14.47,788.37,22.82,76.04
Panama,PAN,North America,Americas,2023,14.36,751.23,19.46,81.69
Panama,PAN,North America,Americas,2024,14.61,809.63,25,81.29
Panama,PAN,North America,Americas,2025,15.13,753.88,24.85,89.67
Pitcairn Islands,PCN,Oceania,Oceania,2000,26.13,1592.71,6.45,2.48
Pitcairn Islands,PCN,Oceania,Oceania,2001,25.9,1557.08,1.56,3.65
Pitcairn Islands,PCN,Oceania,Oceania,2002,26.01,1435.86,4.27,3.33
Pitcairn Islands,PCN,Oceania,Oceania,2003,26.76,1407.95,0.27,10.92
Pitcairn Islands,PCN,Oceania,Oceania,2004,26.69,1403.99,6.79,16.61
Pitcairn Islands,PCN,Oceania,Oceania,2005,26.39,1638.44,5.25,21.91
Pitcairn Islands,PCN,Oceania,Oceania,2006,26.59,1629.61,6.13,20.2
Pitcairn Islands,PCN,Oceania,Oceania,2007,26.49,1559.73,7.5,25.06
Pitcairn Islands,PCN,Oceania,Oceania,2008,26.53,1348.8,4.21,25.83
Pitcairn Islands,PCN,Oceania,Oceania,2009,26.41,1569.81,6.32,29.41
Pitcairn Islands,PCN,Oceania,Oceania,2010,26.42,1355.79,8.14,32.35
Pitcairn Islands,PCN,Oceania,Oceania,2011,26.72,1478.52,2.11,34.95
Pitcairn Islands,PCN,Oceania,Oceania,2012,26.58,1455.51,0.96,44.47
Pitcairn Islands,PCN,Oceania,Oceania,2013,25.96,1473.71,10.52,45.28
Pitcairn Islands,PCN,Oceania,Oceania,2014,26.99,1476.99,8.99,41.13
Pitcairn Islands,PCN,Oceania,Oceania,2015,26.18,1365.64,3.7,46.9
Pitcairn Islands,PCN,Oceania,Oceania,2016,26.37,1730.44,3.75,53.57
Pitcairn Islands,PCN,Oceania,Oceania,2017,26.97,1499.31,0.75,54.73
Pitcairn Islands,PCN,Oceania,Oceania,2018,27.06,1575.33,6.62,58.24
Pitcairn Islands,PCN,Oceania,Oceania,2019,26.89,1462.74,9.4,60.95
Pitcairn Islands,PCN,Oceania,Oceania,2020,27.13,1438.83,3.62,65.73
Pitcairn Islands,PCN,Oceania,Oceania,2021,26.77,1440.67,2.84,66.13
Pitcairn Islands,PCN,Oceania,Oceania,2022,27.02,1535.97,11.45,67.53
Pitcairn Islands,PCN,Oceania,Oceania,2023,26.54,1465.79,5.97,72.82
Pitcairn Islands,PCN,Oceania,Oceania,2024,26.77,1610.33,6.09,80.15
Pitcairn Islands,PCN,Oceania,Oceania,2025,26.9,1414.01,10.75,80.29
Peru,PER,South America,Americas,2000,14.94,1145.02,0.07,3.32
Peru,PER,South America,Americas,2001,14.82,1154.16,4.61,3.86
Peru,PER,South America,Americas,2002,15.12,1135.71,0.42,7.7
Peru,PER,South America,Americas,2003,14.52,1104.14,4.06,13.05
Peru,PER,South America,Americas,2004,14.95,1066.33,0,15.82
Peru,PER,South America,Americas,2005,14.91,1259.38,0,16.01
Peru,PER,South America,Americas,2006,15.26,1082.49,0,21.17
Peru,PER,South America,Americas,2007,15.16,1047.92,1.02,21.69
Peru,PER,South America,Americas,2008,15.35,1223.32,9.46,27.14
Peru,PER,South America,Americas,2009,15.62,1131.34,0.24,29.14
Peru,PER,South America,Americas,2010,15.29,1054.44,1.8,33.18
Peru,PER,South America,Americas,2011,15.43,1008.13,2.86,38.41
Peru,PER,South America,Americas,2012,15.96,1140.92,0.11,39.47
Peru,PER,South America,Americas,2013,15.74,977.09,0,44.35
Peru,PER,South America,Americas,2014,15.8,1078.32,3.01,45.38
Peru,PER,South America,Americas,2015,16.33,1192.26,2.13,52.02
Peru,PER,South America,Americas,2016,15.46,1175.81,3.41,53.47
Peru,PER,South America,Americas,2017,15.4,1086.07,3.06,54.16
Peru,PER,South America,Americas,2018,15.42,1237.3,5.28,58.15
Peru,PER,South America,Americas,2019,15.63,949.45,0.51,63.28
Peru,PER,South America,Americas,2020,16.41,1241.51,2.06,60.89
Peru,PER,South America,Americas,2021,16.16,1295.15,0.54,67.32
Peru,PER,South America,Americas,2022,15.66,1078.7,1.66,72.36
Peru,PER,South America,Americas,2023,15.99,1025.68,0,79.2
Peru,PER,South America,Americas,2024,15.82,1171.84,0,78.65
Peru,PER,South America,Americas,2025,16.28,1273.15,1.9,78.01
Philippines,PHL,Asia,Asia,2000,15.82,337.32,18.62,5.26
Philippines,PHL,Asia,Asia,2001,16.33,104.52,10.99,7.98
Philippines,PHL,Asia,Asia,2002,15.78,338.28,13.65,10.09
Philippines,PHL,Asia,Asia,2003,15.94,228.7,10.8,9.71
Philippines,PHL,Asia,Asia,2004,16.01,389.89,19.49,17.83
Philippines,PHL,Asia,Asia,2005,16.53,176.46,14.67,18.11
Philippines,PHL,Asia,Asia,2006,16.48,348.32,17.19,24.96
Philippines,PHL,Asia,Asia,2007,16.21,209.53,15.4,24.35
Philippines,PHL,Asia,Asia,2008,17.03,434.31,23.92,26.74
Philippines,PHL,Asia,Asia,2009,15.97,277.5,19.22,30.62
Philippines,PHL,Asia,Asia,2010,16.5,205.03,18.88,35.77
Philippines,PHL,Asia,Asia,2011,16.97,176.47,15.21,38.61
Philippines,PHL,Asia,Asia,2012,17.6,221.46,15.44,39.36
Philippines,PHL,Asia,Asia,2013,16.78,266.36,14.4,44.73
Philippines,PHL,Asia,Asia,2014,16.25,237.86,16.66,46.17
Philippines,PHL,Asia,Asia,2015,16.43,388.63,15.32,52.39
Philippines,PHL,Asia,Asia,2016,17.05,250.21,19.83,57.3
Philippines,PHL,Asia,Asia,2017,17.2,495.53,14.49,55.16
Philippines,PHL,Asia,Asia,2018,16.67,252.48,11.05,61.62
Philippines,PHL,Asia,Asia,2019,16.63,344.78,16.14,60.62
Philippines,PHL,Asia,Asia,2020,17.03,360.1,20.11,64.25
Philippines,PHL,Asia,Asia,2021,17,473.12,16.84,71.9
Philippines,PHL,Asia,Asia,2022,17.32,293.67,16.92,74.17
Philippines,PHL,Asia,Asia,2023,17.08,384.56,18.27,72.38
Philippines,PHL,Asia,Asia,2024,17.04,341.1,20.18,73.1
Philippines,PHL,Asia,Asia,2025,17.02,287.63,15.33,83.97
Palau,PLW,Oceania,Oceania,2000,17.59,1417.7,13.61,3.36
Palau,PLW,Oceania,Oceania,2001,17.62,1237.63,8.06,1.49
Palau,PLW,Oceania,Oceania,2002,17.19,1447.9,7.93,8.7
Palau,PLW,Oceania,Oceania,2003,17.06,1343.29,7.46,10.08
Palau,PLW,Oceania,Oceania,2004,17.84,1266.15,9.78,14.45
Palau,PLW,Oceania,Oceania,2005,17.16,1290.78,9.35,18.24
Palau,PLW,Oceania,Oceania,2006,17.77,1467.72,8.98,20.69
Palau,PLW,Oceania,Oceania,2007,17.99,1242.32,11.05,23.91
Palau,PLW,Oceania,Oceania,2008,17.38,1306.04,10.75,30.76
Palau,PLW,Oceania,Oceania,2009,17.81,1249.2,9.52,25.22
Palau,PLW,Oceania,Oceania,2010,17.68,1287.16,9.49,35.11
Palau,PLW,Oceania,Oceania,2011,18.01,1424.24,10.75,37.09
Palau,PLW,Oceania,Oceania,2012,17.14,1352.23,12.78,41.03
Palau,PLW,Oceania,Oceania,2013,17.26,1309.64,10.93,41.59
Palau,PLW,Oceania,Oceania,2014,18.51,1325.46,9.49,50.75
Palau,PLW,Oceania,Oceania,2015,17.94,1262.16,11.39,51.91
Palau,PLW,Oceania,Oceania,2016,18.01,1324.38,11.35,49.19
Palau,PLW,Oceania,Oceania,2017,17.81,1278.02,12.53,58.45
Palau,PLW,Oceania,Oceania,2018,17.63,1348.39,7.51,58.95
Palau,PLW,Oceania,Oceania,2019,18,1441.61,11.04,65.24
Palau,PLW,Oceania,Oceania,2020,17.8,1483.19,11.52,63.16
Palau,PLW,Oceania,Oceania,2021,18.54,1378.15,6.15,68.84
Palau,PLW,Oceania,Oceania,2022,18.19,1311.19,9.94,71.41
Palau,PLW,Oceania,Oceania,2023,17.7,1313.58,14.89,76.78
Palau,PLW,Oceania,Oceania,2024,18.79,1293.73,8.69,78.28
Palau,PLW,Oceania,Oceania,2025,18.86,1382.96,17.49,80.33
Papua New Guinea,PNG,Oceania,Oceania,2000,13.21,1139.37,5.21,5.62
Papua New Guinea,PNG,Oceania,Oceania,2001,12.78,1256.31,7.4,10.31
Papua New Guinea,PNG,Oceania,Oceania,2002,12.61,1198.95,8.91,15.2
Papua New Guinea,PNG,Oceania,Oceania,2003,13.16,1251.37,4.01,15.62
Papua New Guinea,PNG,Oceania,Oceania,2004,12.95,1236.92,7.01,21.38
Papua New Guinea,PNG,Oceania,Oceania,2005,12.95,1337.86,8.42,17.5
Papua New Guinea,PNG,Oceania,Oceania,2006,13.06,1314.38,11.89,23.87
Papua New Guinea,PNG,Oceania,Oceania,2007,12.94,1198.24,2.78,30.82
Papua New Guinea,PNG,Oceania,Oceania,2008,12.57,1247.49,3.35,28.61
Papua New Guinea,PNG,Oceania,Oceania,2009,12.78,1275.53,8.35,34.21
Papua New Guinea,PNG,Oceania,Oceania,2010,12.89,1214.53,5.5,37.96
Papua New Guinea,PNG,Oceania,Oceania,2011,12.89,1182.11,10.77,41.52
Papua New Guinea,PNG,Oceania,Oceania,2012,12.93,1226.98,8.42,45.08
Papua New Guinea,PNG,Oceania,Oceania,2013,13.17,1251.27,8.5,47.66
Papua New Guinea,PNG,Oceania,Oceania,2014,12.75,1181.86,8.8,52.49
Papua New Guinea,PNG,Oceania,Oceania,2015,13.01,1250.63,5.05,53.72
Papua New Guinea,PNG,Oceania,Oceania,2016,13.38,1054.36,4.2,57.67
Papua New Guinea,PNG,Oceania,Oceania,2017,13.72,1132.52,5.33,58.3
Papua New Guinea,PNG,Oceania,Oceania,2018,13.22,1401.89,5.05,64.35
Papua New Guinea,PNG,Oceania,Oceania,2019,13.87,1165.89,8.31,65.83
Papua New Guinea,PNG,Oceania,Oceania,2020,13.48,1098.94,7.05,77.07
Papua New Guinea,PNG,Oceania,Oceania,2021,13.69,1127.75,4.02,72.51
Papua New Guinea,PNG,Oceania,Oceania,2022,13.47,1217.69,12.02,75.22
Papua New Guinea,PNG,Oceania,Oceania,2023,13.89,1132.17,8.53,80.83
Papua New Guinea,PNG,Oceania,Oceania,2024,14.21,1228.54,8.4,84.83
Papua New Guinea,PNG,Oceania,Oceania,2025,13.93,1249.65,7.83,87.29
Poland,POL,Europe,Europe,2000,8.06,1400.5,4.51,6.42
Poland,POL,Europe,Europe,2001,7.99,1435.3,1.63,7.47
Poland,POL,Europe,Europe,2002,8.35,1524.16,0.28,12.06
Poland,POL,Europe,Europe,2003,7.91,1299.36,5.14,14.54
Poland,POL,Europe,Europe,2004,7.75,1203.51,4.66,17.93
Poland,POL,Europe,Europe,2005,7.92,1492.35,0.72,20.32
Poland,POL,Europe,Europe,2006,9.13,1420.25,4.29,23.64
Poland,POL,Europe,Europe,2007,8.31,1398.19,5.2,27.73
Poland,POL,Europe,Europe,2008,8.49,1429.02,6.14,32.51
Poland,POL,Europe,Europe,2009,8.78,1215.91,2.29,33.2
Poland,POL,Europe,Europe,2010,8.98,1294.29,1.81,37.33
Poland,POL,Europe,Europe,2011,8.56,1351.56,9.13,38.55
Poland,POL,Europe,Europe,2012,8.66,1397.49,0,43.06
Poland,POL,Europe,Europe,2013,8.46,1351.71,5.74,47.4
Poland,POL,Europe,Europe,2014,7.86,1301.23,1.56,50.91
Poland,POL,Europe,Europe,2015,8.99,1327.7,2.57,49.73
Poland,POL,Europe,Europe,2016,8.79,1484.58,6.52,59.27
Poland,POL,Europe,Europe,2017,7.68,1462.55,4.6,58.6
Poland,POL,Europe,Europe,2018,8.37,1396.86,0,62
Poland,POL,Europe,Europe,2019,8.32,1279.04,4.24,62.8
Poland,POL,Europe,Europe,2020,9.03,1504.63,5.65,71.92
Poland,POL,Europe,Europe,2021,9.32,1487.38,7.01,71.86
Poland,POL,Europe,Europe,2022,9.76,1274.55,8.28,75.2
Poland,POL,Europe,Europe,2023,8.75,1487.03,2.99,79.54
Poland,POL,Europe,Europe,2024,9.14,1478.75,0,82.9
Poland,POL,Europe,Europe,2025,9.25,1378.13,2.32,86.37
Puerto Rico,PRI,North America,Americas,2000,18.95,1005.21,68.53,3.7
Puerto Rico,PRI,North America,Americas,2001,19.6,1304.76,69.35,7.03
Puerto Rico,PRI,North America,Americas,2002,20.1,1169.73,65.75,12.24
Puerto Rico,PRI,North America,Americas,2003,19.79,980.29,70.65,12.35
Puerto Rico,PRI,North America,Americas,2004,19.61,1091.1,72.52,17.24
Puerto Rico,PRI,North America,Americas,2005,19.9,989.02,70.57,19.06
Puerto Rico,PRI,North America,Americas,2006,20.16,1203.29,74.28,23.04
Puerto Rico,PRI,North America,Americas,2007,20.1,1155.19,70.53,21.75
Puerto Rico,PRI,North America,Americas,2008,19.83,1101.2,68.33,27.51
Puerto Rico,PRI,North America,Americas,2009,19.46,1075.07,76.37,34.92
Puerto Rico,PRI,North America,Americas,2010,19.9,1136.02,76.04,32.58
Puerto Rico,PRI,North America,Americas,2011,20.47,1034.82,71.97,36.46
Puerto Rico,PRI,North America,Americas,2012,20.3,1078.65,75.09,40.88
Puerto Rico,PRI,North America,Americas,2013,20.49,1059.31,76.15,40.26
Puerto Rico,PRI,North America,Americas,2014,20.59,1253.15,77.89,46.59
Puerto Rico,PRI,North America,Americas,2015,19.71,1196.12,78.26,50.44
Puerto Rico,PRI,North America,Americas,2016,20.2,911.05,73.53,50.91
Puerto Rico,PRI,North America,Americas,2017,20.27,1146.39,79.6,57.54
Puerto Rico,PRI,North America,Americas,2018,20.6,997.51,79.11,59.11
Puerto Rico,PRI,North America,Americas,2019,20.88,1091.16,78.22,66.38
Puerto Rico,PRI,North America,Americas,2020,20.74,1028.62,87.94,63.64
Puerto Rico,PRI,North America,Americas,2021,20.5,1113.97,83.51,69.42
Puerto Rico,PRI,North America,Americas,2022,20.49,1072.09,78.06,74.93
Puerto Rico,PRI,North America,Americas,2023,20.98,1117.8,81.86,74.65
Puerto Rico,PRI,North America,Americas,2024,21.22,935.77,76.72,79.73
Puerto Rico,PRI,North America,Americas,2025,20.15,1171.6,88.66,84.99
North Korea,PRK,Asia,Asia,2000,20.07,1130.11,6.62,4.43
North Korea,PRK,Asia,Asia,2001,20.16,968.39,0,6.59
North Korea,PRK,Asia,Asia,2002,20.23,1134.46,0,11.54
North Korea,PRK,Asia,Asia,2003,19.31,1068.14,0.74,10.72
North Korea,PRK,Asia,Asia,2004,20.39,1138.6,0.25,17.65
North Korea,PRK,Asia,Asia,2005,20.04,1182.4,3.6,17.68
North Korea,PRK,Asia,Asia,2006,19.87,1010.53,0,21.74
North Korea,PRK,Asia,Asia,2007,19.8,1142.28,0.06,30.6
North Korea,PRK,Asia,Asia,2008,19.67,1092.46,0,31.2
North Korea,PRK,Asia,Asia,2009,20.14,1139.34,0.39,34.41
North Korea,PRK,Asia,Asia,2010,20.35,1097.95,6.71,37.13
North Korea,PRK,Asia,Asia,2011,20.25,1095.86,1.13,43.1
North Korea,PRK,Asia,Asia,2012,19.93,1093.38,11.19,42.4
North Korea,PRK,Asia,Asia,2013,19.67,1128.73,0.76,44.29
North Korea,PRK,Asia,Asia,2014,19.73,1099.51,0,47.25
North Korea,PRK,Asia,Asia,2015,20.5,1117.48,0,53.37
North Korea,PRK,Asia,Asia,2016,20.19,1181.45,0.34,52.34
North Korea,PRK,Asia,Asia,2017,20.63,1186.13,3.02,59.14
North Korea,PRK,Asia,Asia,2018,20.2,1128.73,0,61.09
North Korea,PRK,Asia,Asia,2019,21.04,1284.52,0,62.72
North Korea,PRK,Asia,Asia,2020,20.42,1107.94,3.4,68.34
North Korea,PRK,Asia,Asia,2021,20.57,1161.69,3.72,71.05
North Korea,PRK,Asia,Asia,2022,20.57,1213.72,0,76.85
North Korea,PRK,Asia,Asia,2023,20.51,1291.01,6.33,78.44
North Korea,PRK,Asia,Asia,2024,20.68,1246.38,0,76.57
North Korea,PRK,Asia,Asia,2025,20.52,1227.31,5.3,82.85
Portugal,PRT,Europe,Europe,2000,4.03,1531.73,4.58,4.15
Portugal,PRT,Europe,Europe,2001,3.97,1573.85,7.07,7.34
Portugal,PRT,Europe,Europe,2002,4.08,1575.98,11.05,8.62
Portugal,PRT,Europe,Europe,2003,3.44,1398.66,9.17,10.65
Portugal,PRT,Europe,Europe,2004,4.21,1355.15,4.15,17.69
Portugal,PRT,Europe,Europe,2005,3.37,1570.6,8.41,19.36
Portugal,PRT,Europe,Europe,2006,3.78,1509.53,4.61,23.38
Portugal,PRT,Europe,Europe,2007,4.56,1457.66,6.57,24.63
Portugal,PRT,Europe,Europe,2008,4.13,1530.39,12.02,28.09
Portugal,PRT,Europe,Europe,2009,3.5,1608.51,8.62,29.44
Portugal,PRT,Europe,Europe,2010,5.2,1479.53,6.36,35.37
Portugal,PRT,Europe,Europe,2011,4.27,1613.67,6.62,41.18
Portugal,PRT,Europe,Europe,2012,4.23,1640.73,6.93,41.28
Portugal,PRT,Europe,Europe,2013,4.1,1438.28,9.27,42.8
Portugal,PRT,Europe,Europe,2014,4.61,1696.62,9.38,44.19
Portugal,PRT,Europe,Europe,2015,4.05,1612.68,7.57,51.64
Portugal,PRT,Europe,Europe,2016,4.32,1603.11,4.68,53.74
Portugal,PRT,Europe,Europe,2017,4.2,1434.49,7.29,61.14
Portugal,PRT,Europe,Europe,2018,4.6,1579.27,11.32,59.24
Portugal,PRT,Europe,Europe,2019,4.34,1437.57,5.66,66.17
Portugal,PRT,Europe,Europe,2020,3.94,1678.53,4.65,68.66
Portugal,PRT,Europe,Europe,2021,4.38,1421.52,9.74,68.05
Portugal,PRT,Europe,Europe,2022,4.63,1468.12,8.95,75.27
Portugal,PRT,Europe,Europe,2023,4.2,1705.72,7.74,77.49
Portugal,PRT,Europe,Europe,2024,4.66,1610.36,4.52,82.21
Portugal,PRT,Europe,Europe,2025,4.97,1503.94,7.26,85.23
Paraguay,PRY,South America,Americas,2000,22.24,1615.88,5.38,0.86
Paraguay,PRY,South America,Americas,2001,22.83,1672.1,8.16,11.56
Paraguay,PRY,South America,Americas,2002,22.66,1698.77,7.25,11.77
Paraguay,PRY,South America,Americas,2003,22.83,1603.91,6.26,14.93
Paraguay,PRY,South America,Americas,2004,22.03,1562.91,5.1,18.02
Paraguay,PRY,South America,Americas,2005,22.13,1636.89,6.36,20.02
Paraguay,PRY,South America,Americas,2006,22.53,1631.95,5.73,29.03
Paraguay,PRY,South America,Americas,2007,22.07,1677.55,6.86,28.88
Paraguay,PRY,South America,Americas,2008,22.18,1545.24,8.01,34
Paraguay,PRY,South America,Americas,2009,22.86,1625.78,3.87,34.72
Paraguay,PRY,South America,Americas,2010,22.46,1635.24,9.59,36.04
Paraguay,PRY,South America,Americas,2011,22.74,1605.56,12.69,42.33
Paraguay,PRY,South America,Americas,2012,22.56,1735.89,7.55,46.01
Paraguay,PRY,South America,Americas,2013,22.23,1585.67,8.27,50.19
Paraguay,PRY,South America,Americas,2014,22.97,1668.93,10.11,52.41
Paraguay,PRY,South America,Americas,2015,22.44,1680.65,4.75,55.22
Paraguay,PRY,South America,Americas,2016,23.25,1589.48,11.56,55.84
Paraguay,PRY,South America,Americas,2017,22.93,1489.76,14.67,58.89
Paraguay,PRY,South America,Americas,2018,23.4,1648.32,10.16,64.85
Paraguay,PRY,South America,Americas,2019,23.11,1845.54,9.18,70.36
Paraguay,PRY,South America,Americas,2020,22.53,1713.08,7.08,67.96
Paraguay,PRY,South America,Americas,2021,23.02,1626.78,6.17,71.37
Paraguay,PRY,South America,Americas,2022,23.46,1700.66,11.08,75.74
Paraguay,PRY,South America,Americas,2023,23.23,1580.14,7.52,80.36
Paraguay,PRY,South America,Americas,2024,22.88,1731.09,9.39,83.04
Paraguay,PRY,South America,Americas,2025,22.42,1863.02,9.79,86.61
Palestine,PSX,Asia,Asia,2000,19.45,1628.18,6.14,2.42
Palestine,PSX,Asia,Asia,2001,20.39,1783.25,10.4,5.17
Palestine,PSX,Asia,Asia,2002,20.16,1924.31,9.85,10.96
Palestine,PSX,Asia,Asia,2003,19.73,1729.93,6.26,14.23
Palestine,PSX,Asia,Asia,2004,19.48,1711.67,14.05,15.09
Palestine,PSX,Asia,Asia,2005,20.29,1653.45,0,16.42
Palestine,PSX,Asia,Asia,2006,19.52,1772.38,4.33,20.98
Palestine,PSX,Asia,Asia,2007,20.54,1808.97,10.41,22.09
Palestine,PSX,Asia,Asia,2008,20.07,1666.3,9.96,27.67
Palestine,PSX,Asia,Asia,2009,19.99,1805.63,13.12,31.14
Palestine,PSX,Asia,Asia,2010,20.2,1693.69,9.06,34.93
Palestine,PSX,Asia,Asia,2011,20,1664.17,9.42,38.09
Palestine,PSX,Asia,Asia,2012,19.34,1774.82,6.13,44.15
Palestine,PSX,Asia,Asia,2013,20.53,1749.52,8.39,43.26
Palestine,PSX,Asia,Asia,2014,19.77,1701.4,6.77,47.08
Palestine,PSX,Asia,Asia,2015,20.47,1741.89,4.06,49.25
Palestine,PSX,Asia,Asia,2016,21.08,1719.15,7.52,53.12
Palestine,PSX,Asia,Asia,2017,21.29,1714.06,14.39,57.66
Palestine,PSX,Asia,Asia,2018,20.78,1725.64,14,57.8
Palestine,PSX,Asia,Asia,2019,20.92,1779.06,8.24,63
Palestine,PSX,Asia,Asia,2020,20.03,1794.93,4.36,65.65
Palestine,PSX,Asia,Asia,2021,20.84,1554.9,6.7,72.73
Palestine,PSX,Asia,Asia,2022,20.56,1825.29,10.25,74.23
Palestine,PSX,Asia,Asia,2023,20.56,1648.14,9.8,74.25
Palestine,PSX,Asia,Asia,2024,20.82,1789.8,9.1,77.54
Palestine,PSX,Asia,Asia,2025,21.09,1793.55,14.47,82.82
French Polynesia,PYF,Oceania,Oceania,2000,23.8,1309.59,11.15,0
French Polynesia,PYF,Oceania,Oceania,2001,23.89,1275.49,12.33,7.68
French Polynesia,PYF,Oceania,Oceania,2002,23.74,1238.28,6.97,7.18
French Polynesia,PYF,Oceania,Oceania,2003,24.45,1315.28,9.55,8.63
French Polynesia,PYF,Oceania,Oceania,2004,24.33,1291.82,17.6,15.96
French Polynesia,PYF,Oceania,Oceania,2005,24.52,1288.54,8.6,15.02
French Polynesia,PYF,Oceania,Oceania,2006,24.96,1346.47,18.22,17.93
French Polynesia,PYF,Oceania,Oceania,2007,24.54,1295.99,10.26,24.43
French Polynesia,PYF,Oceania,Oceania,2008,24.92,1268.12,13.16,25.86
French Polynesia,PYF,Oceania,Oceania,2009,23.91,1319.72,13.3,28.6
French Polynesia,PYF,Oceania,Oceania,2010,24.53,1220.01,13.65,33.2
French Polynesia,PYF,Oceania,Oceania,2011,25.07,1194.21,16.28,36.85
French Polynesia,PYF,Oceania,Oceania,2012,24.56,1434.51,11.08,41.92
French Polynesia,PYF,Oceania,Oceania,2013,24.2,1310.68,16.11,41.37
French Polynesia,PYF,Oceania,Oceania,2014,24.87,1307.25,12.28,48.39
French Polynesia,PYF,Oceania,Oceania,2015,24.67,1413.52,16.59,47.14
French Polynesia,PYF,Oceania,Oceania,2016,24.69,1222.65,15.44,52.22
French Polynesia,PYF,Oceania,Oceania,2017,24.53,1299.44,11.75,54.75
French Polynesia,PYF,Oceania,Oceania,2018,24.46,1244.88,19.22,60.74
French Polynesia,PYF,Oceania,Oceania,2019,24.73,1392.97,12.19,60.67
French Polynesia,PYF,Oceania,Oceania,2020,24.69,1390.45,19.16,63.51
French Polynesia,PYF,Oceania,Oceania,2021,24.59,1303.45,14.67,68.76
French Polynesia,PYF,Oceania,Oceania,2022,24.54,1367.22,16.98,66.38
French Polynesia,PYF,Oceania,Oceania,2023,25.22,1099.46,16.78,77.8
French Polynesia,PYF,Oceania,Oceania,2024,24.26,1268.6,14.2,75.92
French Polynesia,PYF,Oceania,Oceania,2025,24.57,1377.06,14.33,81.51
Qatar,QAT,Asia,Asia,2000,10.28,1709.66,12.85,8.81
Qatar,QAT,Asia,Asia,2001,10.16,1588.54,12.96,11.97
Qatar,QAT,Asia,Asia,2002,10.35,1566.59,6.29,14.84
Qatar,QAT,Asia,Asia,2003,10.24,1655.96,10.52,13.93
Qatar,QAT,Asia,Asia,2004,10.59,1527.52,9.36,15.99
Qatar,QAT,Asia,Asia,2005,10.75,1648.44,5.22,24.92
Qatar,QAT,Asia,Asia,2006,10.49,1681.12,9.91,25.41
Qatar,QAT,Asia,Asia,2007,10.48,1831.39,10.41,27.13
Qatar,QAT,Asia,Asia,2008,10.33,1642.26,12.89,35.7
Qatar,QAT,Asia,Asia,2009,10.31,1567.65,0,36.87
Qatar,QAT,Asia,Asia,2010,10.29,1603.41,13.76,37.49
Qatar,QAT,Asia,Asia,2011,10.71,1778.99,8.39,43.47
Qatar,QAT,Asia,Asia,2012,11.31,1748.83,9.02,44.25
Qatar,QAT,Asia,Asia,2013,11.15,1698.64,8,46.08
Qatar,QAT,Asia,Asia,2014,10.31,1677.81,6.87,50.65
Qatar,QAT,Asia,Asia,2015,11.01,1732.18,5.81,53.61
Qatar,QAT,Asia,Asia,2016,10.68,1668.65,11.13,58.7
Qatar,QAT,Asia,Asia,2017,10.52,1519.58,8.99,62.23
Qatar,QAT,Asia,Asia,2018,10.71,1710.39,10.33,65.36
Qatar,QAT,Asia,Asia,2019,11.52,1629.31,11.15,66.17
Qatar,QAT,Asia,Asia,2020,10.57,1821.36,12.5,72.78
Qatar,QAT,Asia,Asia,2021,11.72,1755.68,13.28,74.09
Qatar,QAT,Asia,Asia,2022,11.82,1683.87,13.19,75.74
Qatar,QAT,Asia,Asia,2023,11.28,1695.22,7.8,79.79
Qatar,QAT,Asia,Asia,2024,11.51,1647.17,10.76,81.68
Qatar,QAT,Asia,Asia,2025,10.8,1831.71,8.59,86.99
Romania,ROU,Europe,Europe,2000,8.91,953.39,3.96,3.9
Romania,ROU,Europe,Europe,2001,9.43,899.05,4.91,11.06
Romania,ROU,Europe,Europe,2002,9.66,921.99,0,13.82
Romania,ROU,Europe,Europe,2003,9.13,1058.4,4.89,20.45
Romania,ROU,Europe,Europe,2004,10.31,998.17,2.85,17.43
Romania,ROU,Europe,Europe,2005,9.92,988.01,5.33,22.46
Romania,ROU,Europe,Europe,2006,9.93,922.14,4.83,25.17
Romania,ROU,Europe,Europe,2007,8.95,967.86,0.64,27.64
Romania,ROU,Europe,Europe,2008,10.27,1060.72,2.61,31.42
Romania,ROU,Europe,Europe,2009,9.59,970.42,8.89,34.23
Romania,ROU,Europe,Europe,2010,10.12,1028.92,2.89,33.75
Romania,ROU,Europe,Europe,2011,10.66,1049.3,3.74,38.88
Romania,ROU,Europe,Europe,2012,9.89,1141.74,3.9,41.82
Romania,ROU,Europe,Europe,2013,9.99,1175.97,3.95,46.46
Romania,ROU,Europe,Europe,2014,10.21,896.96,0,50.99
Romania,ROU,Europe,Europe,2015,10.4,1057.03,0,52.03
Romania,ROU,Europe,Europe,2016,10.39,989.6,1.65,57.21
Romania,ROU,Europe,Europe,2017,9.75,1178.21,2.98,60.2
Romania,ROU,Europe,Europe,2018,10.83,1110.63,4.61,63
Romania,ROU,Europe,Europe,2019,10.38,1149.05,0,67.94
Romania,ROU,Europe,Europe,2020,10.46,1049.47,0,71.59
Romania,ROU,Europe,Europe,2021,10,1110.44,1.1,71.74
Romania,ROU,Europe,Europe,2022,11.14,1110.04,3.96,77.57
Romania,ROU,Europe,Europe,2023,11.05,1056.38,0,81.61
Romania,ROU,Europe,Europe,2024,10.54,1226.22,5.66,83.37
Romania,ROU,Europe,Europe,2025,10.21,989.68,1.52,84.52
Russia,RUS,Europe,Europe,2000,5.75,2146.11,2.48,4.89
Russia,RUS,Europe,Europe,2001,5.56,2194.03,10.6,4.71
Russia,RUS,Europe,Europe,2002,5.57,2016.96,4.57,11.08
Russia,RUS,Europe,Europe,2003,5.39,2107.93,8.52,15.85
Russia,RUS,Europe,Europe,2004,5.05,2110.11,12.61,12.03
Russia,RUS,Europe,Europe,2005,5.41,2198.65,6.17,19.6
Russia,RUS,Europe,Europe,2006,6.12,2024.96,10.24,21.43
Russia,RUS,Europe,Europe,2007,6.16,2132.07,10.27,21.87
Russia,RUS,Europe,Europe,2008,5.43,2228.33,4.88,27.6
Russia,RUS,Europe,Europe,2009,6.02,2137.19,5.27,30.63
Russia,RUS,Europe,Europe,2010,6.15,2117.43,1.64,35.62
Russia,RUS,Europe,Europe,2011,5.7,2091.32,6.28,37.16
Russia,RUS,Europe,Europe,2012,5.86,2187.96,11.08,40.83
Russia,RUS,Europe,Europe,2013,6.22,2233.14,9.66,47.05
Russia,RUS,Europe,Europe,2014,6.44,2193.76,10.94,44.43
Russia,RUS,Europe,Europe,2015,5.52,2096.6,6.38,53.12
Russia,RUS,Europe,Europe,2016,5.61,1969.27,14.81,51.63
Russia,RUS,Europe,Europe,2017,6.04,2251.38,10.03,56.86
Russia,RUS,Europe,Europe,2018,5.77,2116.46,6.91,63.14
Russia,RUS,Europe,Europe,2019,6.01,2099.67,10.83,62.91
Russia,RUS,Europe,Europe,2020,6.5,2089.51,10.82,67.88
Russia,RUS,Europe,Europe,2021,6.58,2027.84,16.11,66.72
Russia,RUS,Europe,Europe,2022,6.26,2096.09,8.42,73.19
Russia,RUS,Europe,Europe,2023,5.9,2161.52,10.77,72.2
Russia,RUS,Europe,Europe,2024,6.98,2116.94,13.29,80.9
Russia,RUS,Europe,Europe,2025,6.44,2122.47,6.49,81.18
Rwanda,RWA,Africa,Africa,2000,20.35,1292.24,17.1,7.69
Rwanda,RWA,Africa,Africa,2001,21.37,1389.48,22.6,9.41
Rwanda,RWA,Africa,Africa,2002,21.36,1498.63,13.55,16
Rwanda,RWA,Africa,Africa,2003,20.76,1429.34,21.33,15.71
Rwanda,RWA,Africa,Africa,2004,21.47,1478.64,17.28,20.66
Rwanda,RWA,Africa,Africa,2005,21.38,1605.46,22.02,21.81
Rwanda,RWA,Africa,Africa,2006,21.34,1638.87,19.6,29.78
Rwanda,RWA,Africa,Africa,2007,21.29,1442.09,20.63,29.83
Rwanda,RWA,Africa,Africa,2008,22,1554.95,15.75,29.54
Rwanda,RWA,Africa,Africa,2009,20.86,1653.4,21.73,39.64
Rwanda,RWA,Africa,Africa,2010,21.99,1485.88,15.08,38.39
Rwanda,RWA,Africa,Africa,2011,21.49,1383.03,19.71,43.07
Rwanda,RWA,Africa,Africa,2012,21.54,1556.71,18.92,50.02
Rwanda,RWA,Africa,Africa,2013,21.21,1453.65,16.59,46.2
Rwanda,RWA,Africa,Africa,2014,21.88,1621.18,18.07,53.58
Rwanda,RWA,Africa,Africa,2015,21.53,1394.19,17.66,60.72
Rwanda,RWA,Africa,Africa,2016,21.8,1509.16,22.91,59.41
Rwanda,RWA,Africa,Africa,2017,21.89,1652.37,23.59,62.64
Rwanda,RWA,Africa,Africa,2018,21.22,1696.08,22.9,65.33
Rwanda,RWA,Africa,Africa,2019,21.8,1532,16.43,64.33
Rwanda,RWA,Africa,Africa,2020,21.87,1615.2,18.18,70.61
Rwanda,RWA,Africa,Africa,2021,22.17,1589.17,19.97,78.82
Rwanda,RWA,Africa,Africa,2022,22.4,1537.08,22.17,81.29
Rwanda,RWA,Africa,Africa,2023,22.17,1351.23,23.65,78.49
Rwanda,RWA,Africa,Africa,2024,22.43,1526.58,20.91,82.03
Rwanda,RWA,Africa,Africa,2025,22.5,1568.38,19.44,88.76
Western Sahara,SAH,Africa,Africa,2000,26.6,554.65,82.31,4.3
Western Sahara,SAH,Africa,Africa,2001,26.78,315.29,79.68,4.96
Western Sahara,SAH,Africa,Africa,2002,26.37,546.41,83.71,8.08
Western Sahara,SAH,Africa,Africa,2003,25.82,367.61,82.77,10.59
Western Sahara,SAH,Africa,Africa,2004,26.03,451.38,82.09,12.76
Western Sahara,SAH,Africa,Africa,2005,25.76,377.15,87.2,18.32
Western Sahara,SAH,Africa,Africa,2006,26.39,454.71,87.47,25.71
Western Sahara,SAH,Africa,Africa,2007,26.45,474.67,88.41,23.58
Western Sahara,SAH,Africa,Africa,2008,26.13,446.31,86.04,25.36
Western Sahara,SAH,Africa,Africa,2009,26.36,418.72,86.9,31.84
Western Sahara,SAH,Africa,Africa,2010,25.97,500.97,88.98,31.57
Western Sahara,SAH,Africa,Africa,2011,26.91,297.13,94.61,36.14
Western Sahara,SAH,Africa,Africa,2012,26.97,446.95,95.17,40.01
Western Sahara,SAH,Africa,Africa,2013,26.42,329.97,94.87,45.88
Western Sahara,SAH,Africa,Africa,2014,26.17,493.41,91.3,45.6
Western Sahara,SAH,Africa,Africa,2015,27.02,491.99,95.09,50.69
Western Sahara,SAH,Africa,Africa,2016,26.29,483.25,96.24,53.34
Western Sahara,SAH,Africa,Africa,2017,26.7,475.45,95.46,54.29
Western Sahara,SAH,Africa,Africa,2018,26.66,527.27,97.47,60.03
Western Sahara,SAH,Africa,Africa,2019,26.32,428.63,94.99,61.27
Western Sahara,SAH,Africa,Africa,2020,27.02,446.23,104.27,66.09
Western Sahara,SAH,Africa,Africa,2021,26.29,501.95,98.92,68
Western Sahara,SAH,Africa,Africa,2022,27.09,311.85,107.28,71.68
Western Sahara,SAH,Africa,Africa,2023,26.91,545.8,106.38,75.1
Western Sahara,SAH,Africa,Africa,2024,26.49,434.28,104.64,81.05
Western Sahara,SAH,Africa,Africa,2025,26.56,368.66,109.91,80.23
Saudi Arabia,SAU,Asia,Asia,2000,24.42,950.14,5.83,4
Saudi Arabia,SAU,Asia,Asia,2001,24.3,1061.93,10.02,8.72
Saudi Arabia,SAU,Asia,Asia,2002,23.98,1134.27,6.78,14.19
Saudi Arabia,SAU,Asia,Asia,2003,24.14,1101.69,1.19,14.79
Saudi Arabia,SAU,Asia,Asia,2004,23.99,1183.73,5.54,20.99
Saudi Arabia,SAU,Asia,Asia,2005,24.48,1207.62,5.61,22.14
Saudi Arabia,SAU,Asia,Asia,2006,24.21,1153.51,3.22,29.49
Saudi Arabia,SAU,Asia,Asia,2007,24.17,1102.66,4.19,30.56
Saudi Arabia,SAU,Asia,Asia,2008,24.08,1016.24,2.08,33.23
Saudi Arabia,SAU,Asia,Asia,2009,24.9,1098.48,3.84,38.28
Saudi Arabia,SAU,Asia,Asia,2010,24.69,1075.11,0,39.07
Saudi Arabia,SAU,Asia,Asia,2011,24.82,1090.41,2.53,41.89
Saudi Arabia,SAU,Asia,Asia,2012,25.12,1164.39,10.25,44.61
Saudi Arabia,SAU,Asia,Asia,2013,24.15,1158.17,4.9,46.06
Saudi Arabia,SAU,Asia,Asia,2014,25.35,1169.64,2.24,51.52
Saudi Arabia,SAU,Asia,Asia,2015,23.97,1194.07,0,52.76
Saudi Arabia,SAU,Asia,Asia,2016,25.11,1159.52,9.77,58.18
Saudi Arabia,SAU,Asia,Asia,2017,24.75,1279.7,14.51,60.81
Saudi Arabia,SAU,Asia,Asia,2018,24.15,1076.33,4.49,64.48
Saudi Arabia,SAU,Asia,Asia,2019,24.96,998.16,2.08,70.26
Saudi Arabia,SAU,Asia,Asia,2020,25.28,1165.64,10.88,72.07
Saudi Arabia,SAU,Asia,Asia,2021,24.95,937.42,2.61,73.2
Saudi Arabia,SAU,Asia,Asia,2022,24.52,1086.52,10.12,76.3
Saudi Arabia,SAU,Asia,Asia,2023,24.88,1015.39,11.44,82.25
Saudi Arabia,SAU,Asia,Asia,2024,24.86,1185.68,6.28,84.56
Saudi Arabia,SAU,Asia,Asia,2025,24.73,1163.83,6.8,83.3
Sudan,SDN,Africa,Africa,2000,22.88,1024.6,9.87,5.27
Sudan,SDN,Africa,Africa,2001,22.15,1021.38,2.52,4.96
Sudan,SDN,Africa,Africa,2002,21.89,808.65,8.47,11.82
Sudan,SDN,Africa,Africa,2003,22.47,1064.24,0,12.38
Sudan,SDN,Africa,Africa,2004,22.09,829.91,1.18,19.44
Sudan,SDN,Africa,Africa,2005,22.4,982.77,2.75,22.91
Sudan,SDN,Africa,Africa,2006,22.32,1030.4,4.88,21.3
Sudan,SDN,Africa,Africa,2007,22.58,842.14,6.25,24.77
Sudan,SDN,Africa,Africa,2008,22.43,955.95,7.32,32.79
Sudan,SDN,Africa,Africa,2009,22.47,897.89,4.59,35.69
Sudan,SDN,Africa,Africa,2010,22.4,944.25,3.15,36.79
Sudan,SDN,Africa,Africa,2011,22.65,1045.96,6.4,41.12
Sudan,SDN,Africa,Africa,2012,23.12,1083.62,7.5,44.85
Sudan,SDN,Africa,Africa,2013,22.89,922.96,3.66,50.61
Sudan,SDN,Africa,Africa,2014,22.92,733.93,7.27,48.21
Sudan,SDN,Africa,Africa,2015,23.15,944.57,1.91,52.44
Sudan,SDN,Africa,Africa,2016,22.54,923.37,4.78,55.38
Sudan,SDN,Africa,Africa,2017,22.58,988.55,1.82,58.57
Sudan,SDN,Africa,Africa,2018,22.5,929.77,8.55,62.27
Sudan,SDN,Africa,Africa,2019,23.38,952.07,4.6,65.03
Sudan,SDN,Africa,Africa,2020,22.27,786.39,2.75,67.59
Sudan,SDN,Africa,Africa,2021,23.37,893.7,0.67,75.28
Sudan,SDN,Africa,Africa,2022,23.78,936.64,7.11,74.37
Sudan,SDN,Africa,Africa,2023,23.41,915.36,5.12,81.56
Sudan,SDN,Africa,Africa,2024,22.13,821.79,10.48,82.86
Sudan,SDN,Africa,Africa,2025,23.24,925.58,7.54,89.13
South Sudan,SDS,Africa,Africa,2000,24.87,1140.32,5.4,7.07
South Sudan,SDS,Africa,Africa,2001,25.59,1282.52,3.29,7.21
South Sudan,SDS,Africa,Africa,2002,25.87,1065.14,4.08,10.51
South Sudan,SDS,Africa,Africa,2003,25.91,1199.21,2.62,15.63
South Sudan,SDS,Africa,Africa,2004,25.21,1038.97,0.43,13.74
South Sudan,SDS,Africa,Africa,2005,25.88,1176.79,6.81,19.34
South Sudan,SDS,Africa,Africa,2006,24.72,1133.53,4.3,24.77
South Sudan,SDS,Africa,Africa,2007,25.86,1031.37,7.51,27.77
South Sudan,SDS,Africa,Africa,2008,25.3,1229.83,7.36,29.94
South Sudan,SDS,Africa,Africa,2009,25.7,1064.59,3.01,35.37
South Sudan,SDS,Africa,Africa,2010,25.64,1179.12,9.47,34.77
South Sudan,SDS,Africa,Africa,2011,25.59,1262.58,6.58,40.27
South Sudan,SDS,Africa,Africa,2012,25.88,1084.47,13.15,44.1
South Sudan,SDS,Africa,Africa,2013,26.28,1069.39,5.17,48.64
South Sudan,SDS,Africa,Africa,2014,25.4,1155.65,2.31,49.06
South Sudan,SDS,Africa,Africa,2015,25.54,1211.72,4.6,50.87
South Sudan,SDS,Africa,Africa,2016,25.63,1157.39,6.83,54.94
South Sudan,SDS,Africa,Africa,2017,26.06,1274.46,7.33,60.59
South Sudan,SDS,Africa,Africa,2018,25.5,1133.15,9.5,63.5
South Sudan,SDS,Africa,Africa,2019,25.93,1034.89,9.32,64.44
South Sudan,SDS,Africa,Africa,2020,26.13,1311.13,2.84,67.55
South Sudan,SDS,Africa,Africa,2021,26.31,1105.13,11.53,73.75
South Sudan,SDS,Africa,Africa,2022,26.24,1032.11,0,77.1
South Sudan,SDS,Africa,Africa,2023,26.7,1095.09,4.43,82.15
South Sudan,SDS,Africa,Africa,2024,25.98,1151.01,6.53,80.85
South Sudan,SDS,Africa,Africa,2025,25.78,1428.33,1.73,81.95
Senegal,SEN,Africa,Africa,2000,28.83,1032.39,45.01,6.55
Senegal,SEN,Africa,Africa,2001,28.91,932.06,50.61,7.76
Senegal,SEN,Africa,Africa,2002,29.3,1009.6,56.76,9.75
Senegal,SEN,Africa,Africa,2003,29.57,1053.98,50.15,18.41
Senegal,SEN,Africa,Africa,2004,29.41,1137.58,51.42,15.28
Senegal,SEN,Africa,Africa,2005,28.98,918.14,56.39,18.71
Senegal,SEN,Africa,Africa,2006,30.14,1081.18,58.48,23.4
Senegal,SEN,Africa,Africa,2007,29.56,1029.25,55.7,26.66
Senegal,SEN,Africa,Africa,2008,29.3,1128.71,52.19,31.36
Senegal,SEN,Africa,Africa,2009,29.73,1149.96,57.8,35.48
Senegal,SEN,Africa,Africa,2010,29.29,1072.84,52.41,39.3
Senegal,SEN,Africa,Africa,2011,29.55,1171.37,59.67,43.74
Senegal,SEN,Africa,Africa,2012,29.64,1074.02,59.83,45.51
Senegal,SEN,Africa,Africa,2013,29.81,1106.81,61.4,46.87
Senegal,SEN,Africa,Africa,2014,29.8,1052.86,57.98,50.94
Senegal,SEN,Africa,Africa,2015,29.6,1067.23,59.18,58.13
Senegal,SEN,Africa,Africa,2016,30.64,1339.98,64.64,59.24
Senegal,SEN,Africa,Africa,2017,29.83,1114.6,66.31,58.79
Senegal,SEN,Africa,Africa,2018,29.25,880.78,59.36,57.47
Senegal,SEN,Africa,Africa,2019,30.51,1246.37,62.82,64.21
Senegal,SEN,Africa,Africa,2020,30.35,1139.02,59.08,70.84
Senegal,SEN,Africa,Africa,2021,30.14,1131.85,63.36,73.37
Senegal,SEN,Africa,Africa,2022,30.24,988.52,56.08,73.72
Senegal,SEN,Africa,Africa,2023,29.85,927.14,62.35,79.31
Senegal,SEN,Africa,Africa,2024,30.02,1070.51,69.09,86.42
Senegal,SEN,Africa,Africa,2025,30.02,1029.97,65.94,84.93
Singapore,SGP,Asia,Asia,2000,25.12,605.17,7.07,2.76
Singapore,SGP,Asia,Asia,2001,25.58,882.37,4.45,8.87
Singapore,SGP,Asia,Asia,2002,25.42,737.47,1.48,9.67
Singapore,SGP,Asia,Asia,2003,25.31,764.04,5.73,14.77
Singapore,SGP,Asia,Asia,2004,25.27,850.82,8.53,14.2
Singapore,SGP,Asia,Asia,2005,26.05,790.02,5.35,25.93
Singapore,SGP,Asia,Asia,2006,25.55,781.71,6.9,23.75
Singapore,SGP,Asia,Asia,2007,25.95,725.14,6.06,29.63
Singapore,SGP,Asia,Asia,2008,25.6,707.5,4.59,30.4
Singapore,SGP,Asia,Asia,2009,25.9,755.9,4.43,33.01
Singapore,SGP,Asia,Asia,2010,26.15,814.89,1.74,34.66
Singapore,SGP,Asia,Asia,2011,26.59,527.8,14.93,37.97
Singapore,SGP,Asia,Asia,2012,25.76,808.29,7.31,44.11
Singapore,SGP,Asia,Asia,2013,25.74,743.85,6.32,46.94
Singapore,SGP,Asia,Asia,2014,25.34,686.83,5.78,47.65
Singapore,SGP,Asia,Asia,2015,25.89,714.57,10.24,52.57
Singapore,SGP,Asia,Asia,2016,25.64,719.94,14.9,54.85
Singapore,SGP,Asia,Asia,2017,25.68,668.54,8.33,59.85
Singapore,SGP,Asia,Asia,2018,26.34,720.55,3.93,62.96
Singapore,SGP,Asia,Asia,2019,26.79,832.07,8.81,67.31
Singapore,SGP,Asia,Asia,2020,26.21,663.58,11.46,67.77
Singapore,SGP,Asia,Asia,2021,26.63,676.83,10.72,72.38
Singapore,SGP,Asia,Asia,2022,26.16,657.41,11.41,73.63
Singapore,SGP,Asia,Asia,2023,26.49,790.83,7.67,77.25
Singapore,SGP,Asia,Asia,2024,26.28,856.96,8.08,77.54
Singapore,SGP,Asia,Asia,2025,26.19,977.05,10.62,85.09
Solomon Islands,SLB,Oceania,Oceania,2000,28.67,1234.86,24.81,2.73
Solomon Islands,SLB,Oceania,Oceania,2001,27.22,1240.5,34.22,9.52
Solomon Islands,SLB,Oceania,Oceania,2002,27.87,1174.31,22.1,12.72
Solomon Islands,SLB,Oceania,Oceania,2003,28,1184.46,24.55,12.86
Solomon Islands,SLB,Oceania,Oceania,2004,28.16,1326.8,23.25,19.3
Solomon Islands,SLB,Oceania,Oceania,2005,27.91,1128.72,28.56,17.4
Solomon Islands,SLB,Oceania,Oceania,2006,27.9,1162.66,29.47,24.27
Solomon Islands,SLB,Oceania,Oceania,2007,27.41,1229.56,27.68,27.02
Solomon Islands,SLB,Oceania,Oceania,2008,28.51,1280.11,27.64,27.53
Solomon Islands,SLB,Oceania,Oceania,2009,28.03,1257.92,28.13,36.13
Solomon Islands,SLB,Oceania,Oceania,2010,28.05,1271.7,25.41,37.74
Solomon Islands,SLB,Oceania,Oceania,2011,27.9,1125.23,29.13,40.2
Solomon Islands,SLB,Oceania,Oceania,2012,28.41,1163.36,28,42.34
Solomon Islands,SLB,Oceania,Oceania,2013,28.15,1059.18,25.87,47.25
Solomon Islands,SLB,Oceania,Oceania,2014,28.55,1077.35,30.24,49.24
Solomon Islands,SLB,Oceania,Oceania,2015,28.46,1211.98,30.62,51.88
Solomon Islands,SLB,Oceania,Oceania,2016,28.13,1400.91,30.63,56.21
Solomon Islands,SLB,Oceania,Oceania,2017,29,1250.68,31.72,58.54
Solomon Islands,SLB,Oceania,Oceania,2018,28.56,1044.25,22.86,60.84
Solomon Islands,SLB,Oceania,Oceania,2019,28.38,1208.09,28.59,63.18
Solomon Islands,SLB,Oceania,Oceania,2020,28.63,1141.08,29.04,71.86
Solomon Islands,SLB,Oceania,Oceania,2021,28.4,1116.05,32.52,71.68
Solomon Islands,SLB,Oceania,Oceania,2022,28.65,1136.34,28.94,74.11
Solomon Islands,SLB,Oceania,Oceania,2023,28.93,1378.15,33.96,75.65
Solomon Islands,SLB,Oceania,Oceania,2024,28.03,1227.51,29.27,81.58
Solomon Islands,SLB,Oceania,Oceania,2025,28.78,1137.58,30.22,89.05
Sierra Leone,SLE,Africa,Africa,2000,27.91,910.61,1.75,1.43
Sierra Leone,SLE,Africa,Africa,2001,27.33,966.7,5.56,8.12
Sierra Leone,SLE,Africa,Africa,2002,27.83,802.16,0,8.7
Sierra Leone,SLE,Africa,Africa,2003,27.54,904.18,4.04,15.16
Sierra Leone,SLE,Africa,Africa,2004,27.78,882.77,0,17.57
Sierra Leone,SLE,Africa,Africa,2005,28.93,913.43,0.79,21.28
Sierra Leone,SLE,Africa,Africa,2006,28.59,875.6,3.44,22.84
Sierra Leone,SLE,Africa,Africa,2007,28.06,791.48,4.02,24.91
Sierra Leone,SLE,Africa,Africa,2008,28.27,761.04,1.82,32.73
Sierra Leone,SLE,Africa,Africa,2009,28.29,854.79,2.78,32.21
Sierra Leone,SLE,Africa,Africa,2010,29.29,992.87,0.9,37.68
Sierra Leone,SLE,Africa,Africa,2011,28.52,801.95,8.37,44.14
Sierra Leone,SLE,Africa,Africa,2012,28.8,890.24,0,44.24
Sierra Leone,SLE,Africa,Africa,2013,28.49,785.87,1.5,48.33
Sierra Leone,SLE,Africa,Africa,2014,27.91,760.89,5.19,50.09
Sierra Leone,SLE,Africa,Africa,2015,28.99,909.71,0,51.64
Sierra Leone,SLE,Africa,Africa,2016,28.77,909.93,3.89,53.98
Sierra Leone,SLE,Africa,Africa,2017,28.66,865.81,2.57,58.23
Sierra Leone,SLE,Africa,Africa,2018,28.69,943.6,4.47,60.75
Sierra Leone,SLE,Africa,Africa,2019,28.79,769.53,0,68.17
Sierra Leone,SLE,Africa,Africa,2020,28.61,883.76,1.44,65.88
Sierra Leone,SLE,Africa,Africa,2021,28.28,901.52,0,71.59
Sierra Leone,SLE,Africa,Africa,2022,29.16,783.16,9.69,80.33
Sierra Leone,SLE,Africa,Africa,2023,29.41,825.04,2.28,74.44
Sierra Leone,SLE,Africa,Africa,2024,28.69,738.25,4.33,81.89
Sierra Leone,SLE,Africa,Africa,2025,28.89,1095.46,1.34,82.87
El Salvador,SLV,North America,Americas,2000,20.2,966.6,4.66,8.51
El Salvador,SLV,North America,Americas,2001,20.07,1019.37,7.41,11.55
El Salvador,SLV,North America,Americas,2002,19.94,1003.65,10.65,12.09
El Salvador,SLV,North America,Americas,2003,21.61,955.11,8.44,19.81
El Salvador,SLV,North America,Americas,2004,20.69,903.39,6.21,17.43
El Salvador,SLV,North America,Americas,2005,20.67,947.51,5.25,20.69
El Salvador,SLV,North America,Americas,2006,20.54,981.14,11.26,25.04
El Salvador,SLV,North America,Americas,2007,20.5,847.35,8.13,29.54
El Salvador,SLV,North America,Americas,2008,20.28,970.24,10.79,30.29
El Salvador,SLV,North America,Americas,2009,20.37,1054.74,8.83,37.67
El Salvador,SLV,North America,Americas,2010,21.03,993.79,7.83,38.44
El Salvador,SLV,North America,Americas,2011,20.56,956.07,14.69,40.67
El Salvador,SLV,North America,Americas,2012,20.52,948.17,8.22,46.6
El Salvador,SLV,North America,Americas,2013,20.26,1012.64,12.98,49.14
El Salvador,SLV,North America,Americas,2014,20.67,1139.33,13.22,46.94
El Salvador,SLV,North America,Americas,2015,20.46,994.72,8.16,52.73
El Salvador,SLV,North America,Americas,2016,20.32,871,0.93,57.69
El Salvador,SLV,North America,Americas,2017,20.85,1031.48,8.61,59.37
El Salvador,SLV,North America,Americas,2018,20.34,1012.75,6.55,63.47
El Salvador,SLV,North America,Americas,2019,20.66,821.52,9.82,63.9
El Salvador,SLV,North America,Americas,2020,21.34,1043.35,14.14,68.92
El Salvador,SLV,North America,Americas,2021,20.99,1048.85,5.67,72.34
El Salvador,SLV,North America,Americas,2022,21.4,931.73,11.9,72.64
El Salvador,SLV,North America,Americas,2023,21,966.61,11.28,80.37
El Salvador,SLV,North America,Americas,2024,20.75,1046.88,11.3,85.07
El Salvador,SLV,North America,Americas,2025,20.73,1165.93,13.96,86.09
San Marino,SMR,Europe,Europe,2000,6.45,819.17,108.38,0
San Marino,SMR,Europe,Europe,2001,5.86,954.87,101.08,6.99
San Marino,SMR,Europe,Europe,2002,6.28,724.11,104.46,9.39
San Marino,SMR,Europe,Europe,2003,6.34,693.22,106.45,9.42
San Marino,SMR,Europe,Europe,2004,6.37,1088.42,108.74,14.17
San Marino,SMR,Europe,Europe,2005,6.89,1046.77,106.88,18.74
San Marino,SMR,Europe,Europe,2006,6.33,892.93,108.43,21.77
San Marino,SMR,Europe,Europe,2007,6.26,828.7,110.39,21.37
San Marino,SMR,Europe,Europe,2008,6.27,956.41,109.21,30.91
San Marino,SMR,Europe,Europe,2009,6.82,865.67,109.42,31.54
San Marino,SMR,Europe,Europe,2010,6.02,848.77,114.59,34.88
San Marino,SMR,Europe,Europe,2011,6.2,860.45,116.6,36.75
San Marino,SMR,Europe,Europe,2012,6.86,828.56,117.32,38.26
San Marino,SMR,Europe,Europe,2013,6.42,829.44,118.29,45.78
San Marino,SMR,Europe,Europe,2014,6.84,906.99,120.78,48.61
San Marino,SMR,Europe,Europe,2015,6.8,853.16,123.43,48.24
San Marino,SMR,Europe,Europe,2016,7.16,826.42,116.54,52.41
San Marino,SMR,Europe,Europe,2017,7.12,862.15,125.53,59.07
San Marino,SMR,Europe,Europe,2018,6.79,1010.61,125.37,59.85
San Marino,SMR,Europe,Europe,2019,6.79,777.53,123.87,63.61
San Marino,SMR,Europe,Europe,2020,6.85,994.81,126.71,66.02
San Marino,SMR,Europe,Europe,2021,7.21,926.56,124.19,69.48
San Marino,SMR,Europe,Europe,2022,7.09,946.81,124.58,69.37
San Marino,SMR,Europe,Europe,2023,7.7,840.72,133.93,77.72
San Marino,SMR,Europe,Europe,2024,6.64,1022.9,135.3,79.81
San Marino,SMR,Europe,Europe,2025,6.77,930.35,137.24,85.54
Somaliland,SOL,Africa,Africa,2000,26,1984.48,29.55,7.07
Somaliland,SOL,Africa,Africa,2001,27.58,1872.91,26.98,10.71
Somaliland,SOL,Africa,Africa,2002,26.4,1894.03,30.26,9.63
Somaliland,SOL,Africa,Africa,2003,26.54,2038.76,24.45,10.57
Somaliland,SOL,Africa,Africa,2004,26.09,1847.42,29.56,19.03
Somaliland,SOL,Africa,Africa,2005,26.43,2035.49,31.74,22.45
Somaliland,SOL,Africa,Africa,2006,26.93,2016.58,29.56,21.7
Somaliland,SOL,Africa,Africa,2007,25.84,1972.08,29.39,28.05
Somaliland,SOL,Africa,Africa,2008,26.43,1998.73,31.73,31.78
Somaliland,SOL,Africa,Africa,2009,26.24,1970.86,31.36,36.98
Somaliland,SOL,Africa,Africa,2010,26.76,2073.95,31.74,35.5
Somaliland,SOL,Africa,Africa,2011,27.01,1795.93,28.04,41.39
Somaliland,SOL,Africa,Africa,2012,26.44,1946.6,34.21,43.63
Somaliland,SOL,Africa,Africa,2013,26.58,2023.11,35.89,45.94
Somaliland,SOL,Africa,Africa,2014,26.63,1849.25,35.85,49.85
Somaliland,SOL,Africa,Africa,2015,27.14,2008.33,38.15,54.29
Somaliland,SOL,Africa,Africa,2016,26.7,2024.8,34.17,56.72
Somaliland,SOL,Africa,Africa,2017,27.4,1947.95,35.47,58.48
Somaliland,SOL,Africa,Africa,2018,26.78,2074.72,35.21,64.15
Somaliland,SOL,Africa,Africa,2019,27.5,2005.19,34.37,66.1
Somaliland,SOL,Africa,Africa,2020,27.05,1901.5,37.57,68.84
Somaliland,SOL,Africa,Africa,2021,27.04,2076.39,33.29,71.57
Somaliland,SOL,Africa,Africa,2022,27,1939.24,32.75,74.63
Somaliland,SOL,Africa,Africa,2023,27.1,1932.91,39.12,77.37
Somaliland,SOL,Africa,Africa,2024,27.42,2108.85,39.77,83.3
Somaliland,SOL,Africa,Africa,2025,27.53,2034.21,40.39,84.14
Somalia,SOM,Africa,Africa,2000,21.32,1226.34,18.2,2.65
Somalia,SOM,Africa,Africa,2001,21.41,1120.3,15.7,4.9
Somalia,SOM,Africa,Africa,2002,21.11,1192.67,21.97,12.4
Somalia,SOM,Africa,Africa,2003,21.4,1193.91,19,14.67
Somalia,SOM,Africa,Africa,2004,21.57,1112.28,25.84,18.84
Somalia,SOM,Africa,Africa,2005,21.13,1178.2,21.49,20.23
Somalia,SOM,Africa,Africa,2006,21.58,1282.01,25.11,20.42
Somalia,SOM,Africa,Africa,2007,21.34,1283.82,20.57,30.54
Somalia,SOM,Africa,Africa,2008,21.78,1279.92,19.68,31.24
Somalia,SOM,Africa,Africa,2009,21.39,1138.1,28.14,33.95
Somalia,SOM,Africa,Africa,2010,21.76,1196.99,18.21,34.3
Somalia,SOM,Africa,Africa,2011,21.67,1128.21,27.51,42.39
Somalia,SOM,Africa,Africa,2012,21.92,1202.3,25.98,43.58
Somalia,SOM,Africa,Africa,2013,21.46,1276.93,18.58,46.76
Somalia,SOM,Africa,Africa,2014,22.01,1152.8,21.38,50.1
Somalia,SOM,Africa,Africa,2015,21.58,1247,25.3,50.73
Somalia,SOM,Africa,Africa,2016,21.9,1320.2,24.05,58.04
Somalia,SOM,Africa,Africa,2017,21.83,1310.69,24.39,56.45
Somalia,SOM,Africa,Africa,2018,22,1125.74,26.91,61.96
Somalia,SOM,Africa,Africa,2019,22.12,1464.78,22.52,65.7
Somalia,SOM,Africa,Africa,2020,21.68,1215.44,28.46,69.75
Somalia,SOM,Africa,Africa,2021,22.02,1227.84,19.79,73.68
Somalia,SOM,Africa,Africa,2022,21.44,1171.96,26.3,75.94
Somalia,SOM,Africa,Africa,2023,21.87,1163.41,21.84,80.64
Somalia,SOM,Africa,Africa,2024,21.85,1185.51,31.39,80.43
Somalia,SOM,Africa,Africa,2025,22.05,1249.19,31.25,86.97
Saint Pierre and Miquelon,SPM,North America,Americas,2000,11.74,602.47,8.49,2.23
Saint Pierre and Miquelon,SPM,North America,Americas,2001,12.03,731.93,8.83,9.85
Saint Pierre and Miquelon,SPM,North America,Americas,2002,11.02,734.34,8.06,11.06
Saint Pierre and Miquelon,SPM,North America,Americas,2003,10.9,903.65,9.09,12.74
Saint Pierre and Miquelon,SPM,North America,Americas,2004,11.59,829.49,5.46,17.59
Saint Pierre and Miquelon,SPM,North America,Americas,2005,11.52,648.55,10.16,19.21
Saint Pierre and Miquelon,SPM,North America,Americas,2006,11.1,660.91,4.76,23.36
Saint Pierre and Miquelon,SPM,North America,Americas,2007,11.64,843.52,9.17,23.35
Saint Pierre and Miquelon,SPM,North America,Americas,2008,11.39,746.28,12.11,32.81
Saint Pierre and Miquelon,SPM,North America,Americas,2009,11.27,852.53,9.36,31.37
Saint Pierre and Miquelon,SPM,North America,Americas,2010,11.61,757.44,4.99,34.2
Saint Pierre and Miquelon,SPM,North America,Americas,2011,11.67,678.42,5.53,39.22
Saint Pierre and Miquelon,SPM,North America,Americas,2012,11.95,764.99,18.02,42.82
Saint Pierre and Miquelon,SPM,North America,Americas,2013,11.71,909.11,15.76,45.38
Saint Pierre and Miquelon,SPM,North America,Americas,2014,11.75,703.51,13.73,51.17
Saint Pierre and Miquelon,SPM,North America,Americas,2015,11.49,712,10.65,52.78
Saint Pierre and Miquelon,SPM,North America,Americas,2016,12.46,706.05,13.79,52.85
Saint Pierre and Miquelon,SPM,North America,Americas,2017,12.13,704.09,9.89,58.38
Saint Pierre and Miquelon,SPM,North America,Americas,2018,11.65,762.41,8.22,60.82
Saint Pierre and Miquelon,SPM,North America,Americas,2019,12.08,778.07,10.24,63.7
Saint Pierre and Miquelon,SPM,North America,Americas,2020,11.96,824.23,16.32,64.68
Saint Pierre and Miquelon,SPM,North America,Americas,2021,11.74,824.89,12.47,69.86
Saint Pierre and Miquelon,SPM,North America,Americas,2022,11.72,613.85,14.32,72.7
Saint Pierre and Miquelon,SPM,North America,Americas,2023,11.68,793.48,10.51,75.95
Saint Pierre and Miquelon,SPM,North America,Americas,2024,12.67,742.34,11.78,80.96
Saint Pierre and Miquelon,SPM,North America,Americas,2025,12.63,749.85,15.52,88.17
Republic of Serbia,SRB,Europe,Europe,2000,10.53,1135.07,227.54,2.03
Republic of Serbia,SRB,Europe,Europe,2001,10.94,1081.16,229.6,9.03
Republic of Serbia,SRB,Europe,Europe,2002,10.44,1294.29,237.87,5.41
Republic of Serbia,SRB,Europe,Europe,2003,10.58,1211.65,236.27,12.13
Republic of Serbia,SRB,Europe,Europe,2004,10.53,1070.19,238.5,14.02
Republic of Serbia,SRB,Europe,Europe,2005,10.5,1031.75,244.4,20
Republic of Serbia,SRB,Europe,Europe,2006,11.03,1312.81,247.77,24.91
Republic of Serbia,SRB,Europe,Europe,2007,10.93,1133.09,248.55,23.57
Republic of Serbia,SRB,Europe,Europe,2008,10.05,1175.78,254.15,29.7
Republic of Serbia,SRB,Europe,Europe,2009,11.16,1381.78,254.26,32.87
Republic of Serbia,SRB,Europe,Europe,2010,11.17,1268.55,253.47,38.51
Republic of Serbia,SRB,Europe,Europe,2011,11.12,1137.23,256.72,37.89
Republic of Serbia,SRB,Europe,Europe,2012,11.61,1228.45,261.86,39.97
Republic of Serbia,SRB,Europe,Europe,2013,11.07,1116.39,262.02,43.3
Republic of Serbia,SRB,Europe,Europe,2014,11.32,1166.53,268.63,47.76
Republic of Serbia,SRB,Europe,Europe,2015,11.25,1223.73,273.8,51.08
Republic of Serbia,SRB,Europe,Europe,2016,11.71,1184.75,267.72,52.66
Republic of Serbia,SRB,Europe,Europe,2017,11.64,1292.7,273.62,59.5
Republic of Serbia,SRB,Europe,Europe,2018,11.19,1238.78,282.46,57.62
Republic of Serbia,SRB,Europe,Europe,2019,11.88,1254.91,282.79,65.94
Republic of Serbia,SRB,Europe,Europe,2020,11.34,1194.32,281.2,68.94
Republic of Serbia,SRB,Europe,Europe,2021,11.83,1299.73,282.49,70.15
Republic of Serbia,SRB,Europe,Europe,2022,11.54,1230.75,288.42,74.85
Republic of Serbia,SRB,Europe,Europe,2023,11.73,1037.74,292.82,76.59
Republic of Serbia,SRB,Europe,Europe,2024,11.25,1322.2,296.99,76.16
Republic of Serbia,SRB,Europe,Europe,2025,10.73,1429.27,300.47,83.67
São Tomé and Principe,STP,Africa,Africa,2000,25.77,470.64,72.38,3.78
São Tomé and Principe,STP,Africa,Africa,2001,25.36,508.61,77.38,5.74
São Tomé and Principe,STP,Africa,Africa,2002,26.15,265.58,82.83,9.35
São Tomé and Principe,STP,Africa,Africa,2003,25.97,541.29,74.49,16.96
São Tomé and Principe,STP,Africa,Africa,2004,25.5,432.72,80.02,15.12
São Tomé and Principe,STP,Africa,Africa,2005,25.75,419,84.98,17.21
São Tomé and Principe,STP,Africa,Africa,2006,25.83,512.66,86.29,23.59
São Tomé and Principe,STP,Africa,Africa,2007,26.12,465.27,91.1,29.8
São Tomé and Principe,STP,Africa,Africa,2008,25.95,368.06,88.18,29.16
São Tomé and Principe,STP,Africa,Africa,2009,26.11,508.08,89.62,36.72
São Tomé and Principe,STP,Africa,Africa,2010,25.84,433.03,84.89,33.81
São Tomé and Principe,STP,Africa,Africa,2011,25.88,454.44,90.93,42.13
São Tomé and Principe,STP,Africa,Africa,2012,26.85,455.37,94.33,42.65
São Tomé and Principe,STP,Africa,Africa,2013,26,420,89.59,42.42
São Tomé and Principe,STP,Africa,Africa,2014,26.59,589.37,87.59,48.63
São Tomé and Principe,STP,Africa,Africa,2015,26.75,614.3,96.47,50.4
São Tomé and Principe,STP,Africa,Africa,2016,26.48,581.28,94.64,60.13
São Tomé and Principe,STP,Africa,Africa,2017,26.68,616.59,92.62,61.05
São Tomé and Principe,STP,Africa,Africa,2018,26.17,408.3,93.42,61.02
São Tomé and Principe,STP,Africa,Africa,2019,25.92,382.61,91.71,61.11
São Tomé and Principe,STP,Africa,Africa,2020,26.84,514.67,100.46,64.97
São Tomé and Principe,STP,Africa,Africa,2021,26.4,586.23,96.79,69.07
São Tomé and Principe,STP,Africa,Africa,2022,26.04,410.28,96.4,74.68
São Tomé and Principe,STP,Africa,Africa,2023,27.11,566.31,101.98,79.06
São Tomé and Principe,STP,Africa,Africa,2024,26.42,493.23,96.62,81.75
São Tomé and Principe,STP,Africa,Africa,2025,26.27,378.33,101.87,82.98
Suriname,SUR,South America,Americas,2000,28.01,1500.1,28.54,2.94
Suriname,SUR,South America,Americas,2001,27.66,1556.51,23.88,7.79
Suriname,SUR,South America,Americas,2002,27.84,1414.96,30.5,9.72
Suriname,SUR,South America,Americas,2003,27.19,1565.79,26.9,13.71
Suriname,SUR,South America,Americas,2004,27.6,1506.66,27.71,17.5
Suriname,SUR,South America,Americas,2005,27.26,1381.18,23.02,21.26
Suriname,SUR,South America,Americas,2006,27.99,1603.27,23.51,20.06
Suriname,SUR,South America,Americas,2007,27.81,1501,29.79,26.6
Suriname,SUR,South America,Americas,2008,28.17,1594.26,27.49,28.12
Suriname,SUR,South America,Americas,2009,28.01,1540.21,21.9,31.16
Suriname,SUR,South America,Americas,2010,27.44,1552.46,19.66,34.1
Suriname,SUR,South America,Americas,2011,28,1530.67,26.51,41.42
Suriname,SUR,South America,Americas,2012,27.85,1564.24,25.95,39.49
Suriname,SUR,South America,Americas,2013,28.21,1537.71,27.74,46.56
Suriname,SUR,South America,Americas,2014,27.85,1405.86,28.96,47.06
Suriname,SUR,South America,Americas,2015,28.4,1530.88,28.22,52.51
Suriname,SUR,South America,Americas,2016,28.14,1364.89,35.48,52.79
Suriname,SUR,South America,Americas,2017,28.14,1471,26.88,60.22
Suriname,SUR,South America,Americas,2018,28.87,1533.4,31.33,61.73
Suriname,SUR,South America,Americas,2019,27.64,1500.74,28.94,63.95
Suriname,SUR,South America,Americas,2020,28.99,1496.91,31.98,69.37
Suriname,SUR,South America,Americas,2021,27.54,1600.4,30.42,71.58
Suriname,SUR,South America,Americas,2022,28.5,1449.18,24.98,76.99
Suriname,SUR,South America,Americas,2023,27.99,1504.93,28.17,75.41
Suriname,SUR,South America,Americas,2024,28.3,1506.13,33.4,81.2
Suriname,SUR,South America,Americas,2025,28.37,1527.37,29.75,86.09
Slovakia,SVK,Europe,Europe,2000,9.92,1608.59,341.04,5.99
Slovakia,SVK,Europe,Europe,2001,11.19,1593.89,345.13,12.16
Slovakia,SVK,Europe,Europe,2002,10.5,1564.25,345.8,10.27
Slovakia,SVK,Europe,Europe,2003,10.7,1515.71,353.58,21.55
Slovakia,SVK,Europe,Europe,2004,10.93,1672.51,358.48,21.85
Slovakia,SVK,Europe,Europe,2005,11.11,1544.84,360.61,23.26
Slovakia,SVK,Europe,Europe,2006,11.12,1437.46,367.4,25.72
Slovakia,SVK,Europe,Europe,2007,11.03,1440.03,372.53,25.06
Slovakia,SVK,Europe,Europe,2008,10.54,1534.69,373.23,32.57
Slovakia,SVK,Europe,Europe,2009,10.57,1574.64,376.8,35.33
Slovakia,SVK,Europe,Europe,2010,10.05,1458.42,376.57,34.4
Slovakia,SVK,Europe,Europe,2011,10.64,1510.22,385.26,37.69
Slovakia,SVK,Europe,Europe,2012,11.2,1617.39,389.02,44.48
Slovakia,SVK,Europe,Europe,2013,10.4,1447.34,395.44,48.49
Slovakia,SVK,Europe,Europe,2014,10.39,1659.23,399.19,50.3
Slovakia,SVK,Europe,Europe,2015,11.04,1513.82,397.84,53.32
Slovakia,SVK,Europe,Europe,2016,10.56,1504.09,403.7,51.89
Slovakia,SVK,Europe,Europe,2017,10.75,1607.04,408.7,59.63
Slovakia,SVK,Europe,Europe,2018,11.52,1480.4,412.5,60.2
Slovakia,SVK,Europe,Europe,2019,10.8,1524.29,421.71,67.15
Slovakia,SVK,Europe,Europe,2020,11.49,1588.53,418.65,69.59
Slovakia,SVK,Europe,Europe,2021,11.16,1499.1,424.79,72.8
Slovakia,SVK,Europe,Europe,2022,11.7,1546.34,427.2,74.78
Slovakia,SVK,Europe,Europe,2023,11.75,1452.42,434.33,78.47
Slovakia,SVK,Europe,Europe,2024,12.03,1548.15,438.45,81.24
Slovakia,SVK,Europe,Europe,2025,11.21,1520.06,443.15,86.26
Slovenia,SVN,Europe,Europe,2000,6.74,1149.3,26.28,0.32
Slovenia,SVN,Europe,Europe,2001,5.96,1148.81,31.69,2.96
Slovenia,SVN,Europe,Europe,2002,6.35,1071.89,27.58,5.11
Slovenia,SVN,Europe,Europe,2003,6.52,1016.84,37.11,12.45
Slovenia,SVN,Europe,Europe,2004,6.3,979.55,29.4,15.06
Slovenia,SVN,Europe,Europe,2005,6.96,1000.02,30.45,15.08
Slovenia,SVN,Europe,Europe,2006,6.47,1085.29,30.1,16.4
Slovenia,SVN,Europe,Europe,2007,6.6,1190.16,31.09,21.97
Slovenia,SVN,Europe,Europe,2008,6.32,1228.64,32.21,25.49
Slovenia,SVN,Europe,Europe,2009,6.75,1123.94,34.02,31.31
Slovenia,SVN,Europe,Europe,2010,6.45,1323.49,31.91,32.79
Slovenia,SVN,Europe,Europe,2011,6.47,1280.72,33.01,33.77
Slovenia,SVN,Europe,Europe,2012,6.69,1064.77,31.89,38.88
Slovenia,SVN,Europe,Europe,2013,6.64,1261.56,30.41,39.73
Slovenia,SVN,Europe,Europe,2014,6.28,1213.95,38.97,44.63
Slovenia,SVN,Europe,Europe,2015,6.35,1331.31,36.31,48.53
Slovenia,SVN,Europe,Europe,2016,7.22,1163.39,35.9,53.75
Slovenia,SVN,Europe,Europe,2017,6.49,1269.99,37.7,55.1
Slovenia,SVN,Europe,Europe,2018,6.33,1111.76,31.53,54.86
Slovenia,SVN,Europe,Europe,2019,7.39,1261.3,37.61,62.49
Slovenia,SVN,Europe,Europe,2020,7.13,1222.81,35.79,64.39
Slovenia,SVN,Europe,Europe,2021,6.86,1226.87,35.36,69.3
Slovenia,SVN,Europe,Europe,2022,6.45,1141.93,31.96,71.98
Slovenia,SVN,Europe,Europe,2023,7.88,1230.03,40.67,74.14
Slovenia,SVN,Europe,Europe,2024,7.36,1071.79,32.73,72.7
Slovenia,SVN,Europe,Europe,2025,6.89,1264.84,38.11,80.75
Sweden,SWE,Europe,Europe,2000,7.77,1822.84,6.56,6.91
Sweden,SWE,Europe,Europe,2001,7.27,1672.13,4.02,11.87
Sweden,SWE,Europe,Europe,2002,7.86,1797.38,4.83,15.97
Sweden,SWE,Europe,Europe,2003,7.06,1789.17,0,14.27
Sweden,SWE,Europe,Europe,2004,7.6,1686.85,2.86,21.8
Sweden,SWE,Europe,Europe,2005,7.96,1841.02,5.19,21.43
Sweden,SWE,Europe,Europe,2006,7.56,1778.28,0,25.42
Sweden,SWE,Europe,Europe,2007,7.93,1650.67,4.48,27.65
Sweden,SWE,Europe,Europe,2008,7.54,1804.47,7.13,28.33
Sweden,SWE,Europe,Europe,2009,7.72,1839.84,8.65,29.63
Sweden,SWE,Europe,Europe,2010,7.96,1940.92,4.74,35.81
Sweden,SWE,Europe,Europe,2011,7.74,1798.75,8.27,43.43
Sweden,SWE,Europe,Europe,2012,7.45,1762.94,3.75,42.38
Sweden,SWE,Europe,Europe,2013,7.87,1953.6,4.08,48.5
Sweden,SWE,Europe,Europe,2014,8.19,1793.83,8.45,54.55
Sweden,SWE,Europe,Europe,2015,7.99,1813.79,3.47,47.03
Sweden,SWE,Europe,Europe,2016,8.05,1758.79,0,57.91
Sweden,SWE,Europe,Europe,2017,8.13,1685.99,8.02,62.75
Sweden,SWE,Europe,Europe,2018,7.95,1846.84,3.46,62.98
Sweden,SWE,Europe,Europe,2019,7.95,1891.71,7.15,63.9
Sweden,SWE,Europe,Europe,2020,8.79,1776.62,1.65,66.61
Sweden,SWE,Europe,Europe,2021,8.48,1806.7,4.47,73.54
Sweden,SWE,Europe,Europe,2022,8.01,1653.76,6.25,76.77
Sweden,SWE,Europe,Europe,2023,8.19,1746.88,2.5,81.09
Sweden,SWE,Europe,Europe,2024,8.42,1680.37,3.59,83.03
Sweden,SWE,Europe,Europe,2025,7.98,1922.49,4.54,85.76
eSwatini,SWZ,Africa,Africa,2000,25.49,879.92,29.29,5.25
eSwatini,SWZ,Africa,Africa,2001,25.54,957.02,27.02,6.74
eSwatini,SWZ,Africa,Africa,2002,25.96,908.55,35.15,6.56
eSwatini,SWZ,Africa,Africa,2003,26.69,733.83,26.36,7.68
eSwatini,SWZ,Africa,Africa,2004,25.84,852.46,31.03,11.83
eSwatini,SWZ,Africa,Africa,2005,25.86,835.01,29.66,16.33
eSwatini,SWZ,Africa,Africa,2006,26.73,776.34,30.03,19.56
eSwatini,SWZ,Africa,Africa,2007,26.01,867.88,27.66,25.24
eSwatini,SWZ,Africa,Africa,2008,25.73,1060.95,31.41,29.1
eSwatini,SWZ,Africa,Africa,2009,26.59,805.66,27.57,30.6
eSwatini,SWZ,Africa,Africa,2010,26.22,877.71,32.31,34.96
eSwatini,SWZ,Africa,Africa,2011,26.73,850.51,33.44,32.27
eSwatini,SWZ,Africa,Africa,2012,26.28,690.88,26.49,44.14
eSwatini,SWZ,Africa,Africa,2013,27.13,779.02,35.44,43.82
eSwatini,SWZ,Africa,Africa,2014,26.72,848.47,36.5,44.93
eSwatini,SWZ,Africa,Africa,2015,26.92,747.04,34.27,47.87
eSwatini,SWZ,Africa,Africa,2016,26.49,1087.28,30.38,53.2
eSwatini,SWZ,Africa,Africa,2017,26.53,1010.71,33.63,54.71
eSwatini,SWZ,Africa,Africa,2018,26.87,825.7,29.6,57.17
eSwatini,SWZ,Africa,Africa,2019,26.35,763.08,35.43,61.37
eSwatini,SWZ,Africa,Africa,2020,26.98,865.03,33.16,69.94
eSwatini,SWZ,Africa,Africa,2021,26.85,803.28,35.3,70.66
eSwatini,SWZ,Africa,Africa,2022,26.45,667.8,36.79,74.52
eSwatini,SWZ,Africa,Africa,2023,26.51,815.84,38.17,79.63
eSwatini,SWZ,Africa,Africa,2024,26.53,963.83,33.14,77.66
eSwatini,SWZ,Africa,Africa,2025,26.82,753.11,41.33,84.85
Sint Maarten,SXM,North America,Americas,2000,15.83,1752.3,0.21,4.71
Sint Maarten,SXM,North America,Americas,2001,15.45,1804.64,0,9.36
Sint Maarten,SXM,North America,Americas,2002,14.72,1756.81,2.95,8.78
Sint Maarten,SXM,North America,Americas,2003,15.33,1830.86,1.17,16.09
Sint Maarten,SXM,North America,Americas,2004,15.74,2022.52,1.05,18.72
Sint Maarten,SXM,North America,Americas,2005,15.31,1728.44,2.59,19.99
Sint Maarten,SXM,North America,Americas,2006,15.4,1773.69,2.03,21.97
Sint Maarten,SXM,North America,Americas,2007,15.64,1754.95,1.74,27.22
Sint Maarten,SXM,North America,Americas,2008,15.18,1820.71,4.58,33.27
Sint Maarten,SXM,North America,Americas,2009,16.05,1851.97,0,33.05
Sint Maarten,SXM,North America,Americas,2010,15.76,1779.12,0.29,36.47
Sint Maarten,SXM,North America,Americas,2011,14.99,1792.91,3.51,44.9
Sint Maarten,SXM,North America,Americas,2012,16.05,1909.07,1.55,41.75
Sint Maarten,SXM,North America,Americas,2013,16.1,1798.63,0,48.16
Sint Maarten,SXM,North America,Americas,2014,15.5,1843.81,5.83,50.93
Sint Maarten,SXM,North America,Americas,2015,15.79,1814.64,0,55.16
Sint Maarten,SXM,North America,Americas,2016,15.63,1701.02,3.86,54.94
Sint Maarten,SXM,North America,Americas,2017,16.19,1857.89,0,63.95
Sint Maarten,SXM,North America,Americas,2018,15.84,1900.49,1.62,63.9
Sint Maarten,SXM,North America,Americas,2019,15.92,1725.51,0,66.09
Sint Maarten,SXM,North America,Americas,2020,15.94,1871.7,0,69.39
Sint Maarten,SXM,North America,Americas,2021,15.87,1826.01,5.52,75.95
Sint Maarten,SXM,North America,Americas,2022,15.65,1798.93,7.23,77.42
Sint Maarten,SXM,North America,Americas,2023,16.53,1970.15,0,78.86
Sint Maarten,SXM,North America,Americas,2024,16.12,1876.74,2.76,82.2
Sint Maarten,SXM,North America,Americas,2025,16.1,1789.12,0,83.71
Syria,SYR,Asia,Asia,2000,18.23,2060.35,18.08,7.3
Syria,SYR,Asia,Asia,2001,18.3,2069.08,22.78,11.68
Syria,SYR,Asia,Asia,2002,18.48,1953.83,18.53,14.62
Syria,SYR,Asia,Asia,2003,18.82,1850.81,21.02,15.25
Syria,SYR,Asia,Asia,2004,18.64,2050.1,15.79,19.47
Syria,SYR,Asia,Asia,2005,18.13,1972.36,22.5,23.06
Syria,SYR,Asia,Asia,2006,18.83,1994.59,21.39,28.64
Syria,SYR,Asia,Asia,2007,18.51,1944.05,14.69,26.86
Syria,SYR,Asia,Asia,2008,19.57,1943.64,24.73,31.27
Syria,SYR,Asia,Asia,2009,18.94,1806.42,20.22,33.36
Syria,SYR,Asia,Asia,2010,18.8,1862.98,19.02,41.51
Syria,SYR,Asia,Asia,2011,18.63,1901.22,20.31,41.53
Syria,SYR,Asia,Asia,2012,18.35,2094.87,17.23,44.25
Syria,SYR,Asia,Asia,2013,18.6,2082.39,21.63,48.52
Syria,SYR,Asia,Asia,2014,18.31,1913.92,19.52,51.28
Syria,SYR,Asia,Asia,2015,19.24,2058.43,21.2,53.95
Syria,SYR,Asia,Asia,2016,18.56,2077.63,23.81,54.35
Syria,SYR,Asia,Asia,2017,18.68,2057.35,18.72,58.39
Syria,SYR,Asia,Asia,2018,19.11,1993.41,21.88,65.43
Syria,SYR,Asia,Asia,2019,18.51,1918.44,17.45,64.38
Syria,SYR,Asia,Asia,2020,18.61,1959.42,21.81,74.56
Syria,SYR,Asia,Asia,2021,19.34,1940.34,23.36,74.56
Syria,SYR,Asia,Asia,2022,18.69,1846.39,23.67,76.53
Syria,SYR,Asia,Asia,2023,19.37,1936.99,17.36,83.54
Syria,SYR,Asia,Asia,2024,18.5,1929.78,23.31,82.1
Syria,SYR,Asia,Asia,2025,18.82,2113.7,22.76,87.27
Turks and Caicos Islands,TCA,North America,Americas,2000,12.54,1215.32,27.76,1.33
Turks and Caicos Islands,TCA,North America,Americas,2001,12.83,1030.22,29.24,2.84
Turks and Caicos Islands,TCA,North America,Americas,2002,12.73,1056.04,32.21,8.55
Turks and Caicos Islands,TCA,North America,Americas,2003,12.94,1029.71,32.79,10.41
Turks and Caicos Islands,TCA,North America,Americas,2004,12.67,1069.84,27.66,13.28
Turks and Caicos Islands,TCA,North America,Americas,2005,13.04,984.76,32.03,17.14
Turks and Caicos Islands,TCA,North America,Americas,2006,13.01,1008.83,32.52,19.22
Turks and Caicos Islands,TCA,North America,Americas,2007,12.6,1149.09,27.34,24.32
Turks and Caicos Islands,TCA,North America,Americas,2008,13.5,1116.34,26.86,28.57
Turks and Caicos Islands,TCA,North America,Americas,2009,13,1180.36,39.82,28.34
Turks and Caicos Islands,TCA,North America,Americas,2010,13.09,1092.02,31.86,31.6
Turks and Caicos Islands,TCA,North America,Americas,2011,13.49,1103.24,32.98,33.58
Turks and Caicos Islands,TCA,North America,Americas,2012,13.75,1046.56,32.96,33.89
Turks and Caicos Islands,TCA,North America,Americas,2013,13.29,1268.54,37.42,42.26
Turks and Caicos Islands,TCA,North America,Americas,2014,13.39,1133.03,32.12,44.29
Turks and Caicos Islands,TCA,North America,Americas,2015,13.89,1156.05,39.59,48.96
Turks and Caicos Islands,TCA,North America,Americas,2016,13.25,1197.96,35.13,51.08
Turks and Caicos Islands,TCA,North America,Americas,2017,13.31,1177.62,28.67,53.26
Turks and Caicos Islands,TCA,North America,Americas,2018,13.39,1005.93,42.23,59.8
Turks and Caicos Islands,TCA,North America,Americas,2019,14.01,1188.11,38.09,61.06
Turks and Caicos Islands,TCA,North America,Americas,2020,13.87,1154.97,34.22,64.44
Turks and Caicos Islands,TCA,North America,Americas,2021,13.06,1175.95,39.78,66.57
Turks and Caicos Islands,TCA,North America,Americas,2022,13.7,1150.79,40.96,72.23
Turks and Caicos Islands,TCA,North America,Americas,2023,12.64,992.26,33.46,75.11
Turks and Caicos Islands,TCA,North America,Americas,2024,13.89,961.11,39.24,76.79
Turks and Caicos Islands,TCA,North America,Americas,2025,13.87,1191.13,40.95,83.42
Chad,TCD,Africa,Africa,2000,19.64,1755.58,8.96,4.45
Chad,TCD,Africa,Africa,2001,19.27,1701.49,3.19,8.35
Chad,TCD,Africa,Africa,2002,19.62,1821.68,5.9,12.85
Chad,TCD,Africa,Africa,2003,19.08,1648.4,7.78,12.91
Chad,TCD,Africa,Africa,2004,19.75,1733.4,4.97,17.05
Chad,TCD,Africa,Africa,2005,19.23,1563.04,2.01,21.43
Chad,TCD,Africa,Africa,2006,20.34,1784.75,6.4,25.82
Chad,TCD,Africa,Africa,2007,19.89,1565.57,6.2,23.22
Chad,TCD,Africa,Africa,2008,19.98,1754.91,12.76,29.71
Chad,TCD,Africa,Africa,2009,19.81,1854.4,2.99,33.1
Chad,TCD,Africa,Africa,2010,20.1,1896.48,12.68,35.85
Chad,TCD,Africa,Africa,2011,19.2,1754.62,10.68,41.32
Chad,TCD,Africa,Africa,2012,19.65,1714.29,5.27,43.79
Chad,TCD,Africa,Africa,2013,19.48,1754.77,9.03,44.11
Chad,TCD,Africa,Africa,2014,20.15,1804.85,6.61,48.92
Chad,TCD,Africa,Africa,2015,20.38,1786.05,7.33,52.9
Chad,TCD,Africa,Africa,2016,19.67,1844.67,8.29,55.66
Chad,TCD,Africa,Africa,2017,19.95,1602.93,3.8,56.47
Chad,TCD,Africa,Africa,2018,20.14,1755.41,13.44,60.06
Chad,TCD,Africa,Africa,2019,20.52,1812.58,6.13,64.33
Chad,TCD,Africa,Africa,2020,20.53,1936.08,5.08,63.34
Chad,TCD,Africa,Africa,2021,20.79,1971.28,11.15,69.66
Chad,TCD,Africa,Africa,2022,19.73,1762.94,3.55,72.56
Chad,TCD,Africa,Africa,2023,20.55,1811.69,10.1,75.14
Chad,TCD,Africa,Africa,2024,20.72,1736.62,9.88,78.82
Chad,TCD,Africa,Africa,2025,20.43,1737.97,6.21,83.23
Togo,TGO,Africa,Africa,2000,22.02,738.18,70.46,0
Togo,TGO,Africa,Africa,2001,22.02,787.22,71.65,9.14
Togo,TGO,Africa,Africa,2002,21.97,772.92,75.65,8.08
Togo,TGO,Africa,Africa,2003,22.05,695.03,72.92,10.86
Togo,TGO,Africa,Africa,2004,21.84,970.97,76.66,15.14
Togo,TGO,Africa,Africa,2005,22.45,736.23,71.26,18.59
Togo,TGO,Africa,Africa,2006,22.49,784.68,77.56,22.42
Togo,TGO,Africa,Africa,2007,22.09,754.42,79.06,24.02
Togo,TGO,Africa,Africa,2008,22.87,787.29,85.74,27.24
Togo,TGO,Africa,Africa,2009,22.74,727.52,82.09,32.56
Togo,TGO,Africa,Africa,2010,22.68,766.42,80.34,35.6
Togo,TGO,Africa,Africa,2011,22.12,789.17,79.54,34.83
Togo,TGO,Africa,Africa,2012,22.52,819.48,78.99,40.86
Togo,TGO,Africa,Africa,2013,22.66,879.67,83.23,41.22
Togo,TGO,Africa,Africa,2014,22.86,842.65,81.9,47.56
Togo,TGO,Africa,Africa,2015,21.73,638.06,82.5,53.46
Togo,TGO,Africa,Africa,2016,22.76,920.19,89,52.44
Togo,TGO,Africa,Africa,2017,22.18,779.61,85.63,57.1
Togo,TGO,Africa,Africa,2018,23.31,727.42,83.69,61.33
Togo,TGO,Africa,Africa,2019,22.88,645.46,89.08,62.95
Togo,TGO,Africa,Africa,2020,22.9,688.46,89.66,69.39
Togo,TGO,Africa,Africa,2021,23.16,800.66,87.98,67
Togo,TGO,Africa,Africa,2022,23.38,881.41,95.96,71.06
Togo,TGO,Africa,Africa,2023,23.39,907.97,97.01,75.05
Togo,TGO,Africa,Africa,2024,22.61,919.31,95.25,79.17
Togo,TGO,Africa,Africa,2025,22.74,760.35,97.52,82.79
Thailand,THA,Asia,Asia,2000,5.76,871.58,177.59,3.45
Thailand,THA,Asia,Asia,2001,6.08,831.81,177.11,1.32
Thailand,THA,Asia,Asia,2002,5.68,856.28,178.32,6.41
Thailand,THA,Asia,Asia,2003,5.56,809.76,182.33,12.89
Thailand,THA,Asia,Asia,2004,5.43,927.44,185.2,10.9
Thailand,THA,Asia,Asia,2005,5.69,785.22,183.89,16.86
Thailand,THA,Asia,Asia,2006,6.3,858.66,188.14,18.45
Thailand,THA,Asia,Asia,2007,6.28,1006.12,184.35,24
Thailand,THA,Asia,Asia,2008,6.3,794.43,192.64,23.57
Thailand,THA,Asia,Asia,2009,5.6,841.71,193.05,35.33
Thailand,THA,Asia,Asia,2010,6.35,1036.62,193.5,29.94
Thailand,THA,Asia,Asia,2011,6.59,919.19,199.83,36.2
Thailand,THA,Asia,Asia,2012,6.38,920.02,195.8,36.64
Thailand,THA,Asia,Asia,2013,6.15,870.13,200.99,43.09
Thailand,THA,Asia,Asia,2014,6.35,742.37,199.94,43.09
Thailand,THA,Asia,Asia,2015,6.58,871.61,208.59,51.32
Thailand,THA,Asia,Asia,2016,6.33,812.36,210.55,51.01
Thailand,THA,Asia,Asia,2017,6.79,907.63,210.92,53.9
Thailand,THA,Asia,Asia,2018,6.17,787.25,208.16,60.94
Thailand,THA,Asia,Asia,2019,6.46,869.87,211.98,60.58
Thailand,THA,Asia,Asia,2020,6.61,907.4,217.58,62.91
Thailand,THA,Asia,Asia,2021,6.97,812.43,219.19,66.13
Thailand,THA,Asia,Asia,2022,6.56,896.24,222.06,71.3
Thailand,THA,Asia,Asia,2023,7.49,1021.5,218.8,76.54
Thailand,THA,Asia,Asia,2024,7.23,828.86,223,75.76
Thailand,THA,Asia,Asia,2025,6.67,738.19,227.2,79.82
Tajikistan,TJK,Asia,Asia,2000,18.44,1560.98,50.65,2.96
Tajikistan,TJK,Asia,Asia,2001,18.36,1657.96,47.45,6.35
Tajikistan,TJK,Asia,Asia,2002,18.44,1571.61,42.26,11.53
Tajikistan,TJK,Asia,Asia,2003,18.58,1706.28,50.05,10.71
Tajikistan,TJK,Asia,Asia,2004,18.22,1849.49,52.39,13.63
Tajikistan,TJK,Asia,Asia,2005,18.34,1597.06,47,16.5
Tajikistan,TJK,Asia,Asia,2006,19.17,1574.53,43.33,21.01
Tajikistan,TJK,Asia,Asia,2007,19.24,1573.8,43.28,21.95
Tajikistan,TJK,Asia,Asia,2008,18.85,1589.4,48.7,22.84
Tajikistan,TJK,Asia,Asia,2009,19.29,1612.87,46.62,29.59
Tajikistan,TJK,Asia,Asia,2010,19.25,1496.61,55.04,34.3
Tajikistan,TJK,Asia,Asia,2011,18.89,1731.78,55.32,35.35
Tajikistan,TJK,Asia,Asia,2012,18.8,1535.07,52.97,40.54
Tajikistan,TJK,Asia,Asia,2013,18.29,1563.9,53.29,44.23
Tajikistan,TJK,Asia,Asia,2014,18.9,1633.6,54.94,46.82
Tajikistan,TJK,Asia,Asia,2015,19.05,1606.92,51.63,51.15
Tajikistan,TJK,Asia,Asia,2016,19.11,1668.24,50.43,53.54
Tajikistan,TJK,Asia,Asia,2017,18.54,1748.31,55.77,59.78
Tajikistan,TJK,Asia,Asia,2018,19.17,1458.03,55.39,55.61
Tajikistan,TJK,Asia,Asia,2019,19.24,1685.35,54.79,63.38
Tajikistan,TJK,Asia,Asia,2020,18.96,1736.71,55.2,66.87
Tajikistan,TJK,Asia,Asia,2021,19.34,1622.35,60.04,68.58
Tajikistan,TJK,Asia,Asia,2022,19.38,1734.54,57.32,71.53
Tajikistan,TJK,Asia,Asia,2023,19.1,1738.35,59.34,78.63
Tajikistan,TJK,Asia,Asia,2024,19.74,1669.82,58.73,80.93
Tajikistan,TJK,Asia,Asia,2025,19.65,1812.65,58.76,80.51
Turkmenistan,TKM,Asia,Asia,2000,20.63,494.28,23.9,3.93
Turkmenistan,TKM,Asia,Asia,2001,20.46,757.17,32.12,3.47
Turkmenistan,TKM,Asia,Asia,2002,20.96,588.72,26.55,9.2
Turkmenistan,TKM,Asia,Asia,2003,21.33,596.05,23.17,13.92
Turkmenistan,TKM,Asia,Asia,2004,20.87,541.06,31.53,12.95
Turkmenistan,TKM,Asia,Asia,2005,21.04,627.3,28.05,17.01
Turkmenistan,TKM,Asia,Asia,2006,20.96,572.41,29.76,19.04
Turkmenistan,TKM,Asia,Asia,2007,21.11,525.8,24.72,22.1
Turkmenistan,TKM,Asia,Asia,2008,21.63,708.12,35.33,25.26
Turkmenistan,TKM,Asia,Asia,2009,21.06,488.87,27.15,26.98
Turkmenistan,TKM,Asia,Asia,2010,21.02,485,27.92,31.68
Turkmenistan,TKM,Asia,Asia,2011,21.52,782.75,29.31,37.01
Turkmenistan,TKM,Asia,Asia,2012,21.28,571.75,33.49,39.72
Turkmenistan,TKM,Asia,Asia,2013,21.25,486.05,28.97,44.29
Turkmenistan,TKM,Asia,Asia,2014,21.42,831.13,28.02,45.94
Turkmenistan,TKM,Asia,Asia,2015,21.53,771.96,37.77,52.33
Turkmenistan,TKM,Asia,Asia,2016,22.39,637.45,31.44,52.06
Turkmenistan,TKM,Asia,Asia,2017,21.67,606.91,30.92,59.11
Turkmenistan,TKM,Asia,Asia,2018,21.38,578.95,33.55,61.06
Turkmenistan,TKM,Asia,Asia,2019,21.39,502.94,34.71,63.84
Turkmenistan,TKM,Asia,Asia,2020,20.73,551.96,38.95,66.47
Turkmenistan,TKM,Asia,Asia,2021,21.67,591.5,34.51,70.35
Turkmenistan,TKM,Asia,Asia,2022,21.77,543.24,36.89,72.69
Turkmenistan,TKM,Asia,Asia,2023,21.31,503.18,32.93,72.64
Turkmenistan,TKM,Asia,Asia,2024,22.72,572.25,34.01,77.75
Turkmenistan,TKM,Asia,Asia,2025,21.28,636.93,33.63,80.38
East Timor,TLS,Asia,Asia,2000,25.6,1542.43,18.25,0.36
East Timor,TLS,Asia,Asia,2001,26.07,1435.87,17.29,7.58
East Timor,TLS,Asia,Asia,2002,26.7,1517.8,19.02,7.58
East Timor,TLS,Asia,Asia,2003,26.34,1530.06,16.8,9.67
East Timor,TLS,Asia,Asia,2004,26.7,1536.42,19.37,14.75
East Timor,TLS,Asia,Asia,2005,25.93,1375.68,22.49,20
East Timor,TLS,Asia,Asia,2006,26.22,1530.87,25.47,16.29
East Timor,TLS,Asia,Asia,2007,26.87,1554.13,23.01,25.52
East Timor,TLS,Asia,Asia,2008,26.65,1510.44,23.49,25.87
East Timor,TLS,Asia,Asia,2009,26.89,1522.17,26.36,29.13
East Timor,TLS,Asia,Asia,2010,26.99,1511.55,25.89,33.8
East Timor,TLS,Asia,Asia,2011,27.05,1454.2,22.55,36.22
East Timor,TLS,Asia,Asia,2012,27.09,1611.11,26.11,40.89
East Timor,TLS,Asia,Asia,2013,27.15,1584.51,21.47,44.32
East Timor,TLS,Asia,Asia,2014,26.42,1448.13,20.17,47.29
East Timor,TLS,Asia,Asia,2015,26.92,1518.09,17.42,51.22
East Timor,TLS,Asia,Asia,2016,26.12,1382.26,25.07,53.41
East Timor,TLS,Asia,Asia,2017,27.36,1293.62,28.4,57.64
East Timor,TLS,Asia,Asia,2018,27.16,1491.37,18.87,60.17
East Timor,TLS,Asia,Asia,2019,26.68,1441.56,25.34,61.01
East Timor,TLS,Asia,Asia,2020,26.72,1490.63,21.64,69.79
East Timor,TLS,Asia,Asia,2021,26.65,1478.81,21.03,67.99
East Timor,TLS,Asia,Asia,2022,27.05,1549.88,26.97,70.49
East Timor,TLS,Asia,Asia,2023,28.46,1473.41,25.3,76.95
East Timor,TLS,Asia,Asia,2024,27.24,1559.32,26.79,77.55
East Timor,TLS,Asia,Asia,2025,27.07,1526.28,27.42,82.93
Tonga,TON,Oceania,Oceania,2000,24.99,1669.17,12.89,8.32
Tonga,TON,Oceania,Oceania,2001,25.2,1747.44,10.95,12.32
Tonga,TON,Oceania,Oceania,2002,25.15,1791.69,8.75,13.66
Tonga,TON,Oceania,Oceania,2003,25.44,1733.29,9.89,13.19
Tonga,TON,Oceania,Oceania,2004,25.4,1543.34,13.67,18.81
Tonga,TON,Oceania,Oceania,2005,25.25,1562.73,16.9,27.6
Tonga,TON,Oceania,Oceania,2006,24.87,1536.05,9.38,28.44
Tonga,TON,Oceania,Oceania,2007,25.01,1638.57,12.23,29.79
Tonga,TON,Oceania,Oceania,2008,25.38,1618.57,14.99,34.28
Tonga,TON,Oceania,Oceania,2009,25.96,1660.07,12.62,38.06
Tonga,TON,Oceania,Oceania,2010,25.3,1737.88,15,41.7
Tonga,TON,Oceania,Oceania,2011,25.5,1681.86,10.03,42.46
Tonga,TON,Oceania,Oceania,2012,25.48,1610.61,22.83,44.05
Tonga,TON,Oceania,Oceania,2013,25.18,1712.93,12.74,47.86
Tonga,TON,Oceania,Oceania,2014,25.1,1574.78,18.42,52.75
Tonga,TON,Oceania,Oceania,2015,25.69,1741.62,20.43,56.98
Tonga,TON,Oceania,Oceania,2016,24.96,1716.74,14.79,57.41
Tonga,TON,Oceania,Oceania,2017,26.11,1729.72,10.08,58.93
Tonga,TON,Oceania,Oceania,2018,25.77,1775.61,13.92,66.26
Tonga,TON,Oceania,Oceania,2019,26.02,1816.07,16.18,65.78
Tonga,TON,Oceania,Oceania,2020,26.02,1754.7,15.17,67
Tonga,TON,Oceania,Oceania,2021,25.53,1567.39,15.98,72.93
Tonga,TON,Oceania,Oceania,2022,25.88,1790.85,12.61,79.65
Tonga,TON,Oceania,Oceania,2023,25.98,1661.61,9.48,74.04
Tonga,TON,Oceania,Oceania,2024,26.27,1735.19,18.59,84.26
Tonga,TON,Oceania,Oceania,2025,25.88,1569.94,13.54,92.11
Trinidad and Tobago,TTO,North America,Americas,2000,21.73,861.29,6.6,10.11
Trinidad and Tobago,TTO,North America,Americas,2001,21.57,692.67,11.48,11.99
Trinidad and Tobago,TTO,North America,Americas,2002,22.09,840.37,5.62,19.42
Trinidad and Tobago,TTO,North America,Americas,2003,21.61,817.4,7.14,17.66
Trinidad and Tobago,TTO,North America,Americas,2004,21.82,793.75,4.64,19.42
Trinidad and Tobago,TTO,North America,Americas,2005,22.23,1021.29,3.61,24.48
Trinidad and Tobago,TTO,North America,Americas,2006,22.37,947.18,8.22,27.97
Trinidad and Tobago,TTO,North America,Americas,2007,22.48,904.99,8.46,32.81
Trinidad and Tobago,TTO,North America,Americas,2008,22.48,924.47,13.06,32.3
Trinidad and Tobago,TTO,North America,Americas,2009,21.55,845.16,12.72,35.61
Trinidad and Tobago,TTO,North America,Americas,2010,22.46,936.67,5.86,40.1
Trinidad and Tobago,TTO,North America,Americas,2011,22.16,823.76,11.5,41.5
Trinidad and Tobago,TTO,North America,Americas,2012,21.95,1039.62,8.31,46.65
Trinidad and Tobago,TTO,North America,Americas,2013,22.58,891.38,14.95,50.86
Trinidad and Tobago,TTO,North America,Americas,2014,22.87,826.08,4.13,53.69
Trinidad and Tobago,TTO,North America,Americas,2015,22.25,976.16,5.51,56.49
Trinidad and Tobago,TTO,North America,Americas,2016,22.32,956.9,11.7,60.63
Trinidad and Tobago,TTO,North America,Americas,2017,22.28,886.77,15.2,59.69
Trinidad and Tobago,TTO,North America,Americas,2018,22.66,981.42,13.64,65.48
Trinidad and Tobago,TTO,North America,Americas,2019,22.71,900.62,7.45,69.81
Trinidad and Tobago,TTO,North America,Americas,2020,22.11,933.25,10.07,71.15
Trinidad and Tobago,TTO,North America,Americas,2021,23.12,912.52,9.68,75.21
Trinidad and Tobago,TTO,North America,Americas,2022,22.54,910.21,12,78.34
Trinidad and Tobago,TTO,North America,Americas,2023,22.73,955.81,9.93,78.98
Trinidad and Tobago,TTO,North America,Americas,2024,23.01,896.01,12.7,85.42
Trinidad and Tobago,TTO,North America,Americas,2025,21.88,1064.71,12.45,90.18
Tunisia,TUN,Africa,Africa,2000,30.78,1002.75,11.07,10.02
Tunisia,TUN,Africa,Africa,2001,30.46,1177.58,13.71,9.19
Tunisia,TUN,Africa,Africa,2002,30.55,1176.27,6.91,14.2
Tunisia,TUN,Africa,Africa,2003,31.33,1125.05,12.38,15.86
Tunisia,TUN,Africa,Africa,2004,30.37,1151.85,17.45,17.57
Tunisia,TUN,Africa,Africa,2005,30.89,1235.12,21.93,23.23
Tunisia,TUN,Africa,Africa,2006,31.1,1114.27,21.25,25.2
Tunisia,TUN,Africa,Africa,2007,31.21,977.08,12.8,30.49
Tunisia,TUN,Africa,Africa,2008,31.34,1199.17,15.98,35.02
Tunisia,TUN,Africa,Africa,2009,31.34,1002.4,15.29,35.21
Tunisia,TUN,Africa,Africa,2010,31.12,1147.03,20.35,40.68
Tunisia,TUN,Africa,Africa,2011,31.44,1244.63,12.71,41.9
Tunisia,TUN,Africa,Africa,2012,30.51,1078.56,12.27,44.64
Tunisia,TUN,Africa,Africa,2013,31.47,1235.56,13.81,50.8
Tunisia,TUN,Africa,Africa,2014,30.92,1117,14.46,51.7
Tunisia,TUN,Africa,Africa,2015,31.4,1043.3,13.06,53.73
Tunisia,TUN,Africa,Africa,2016,31.3,1171.46,15.02,57.8
Tunisia,TUN,Africa,Africa,2017,30.71,1072.84,9.13,64.33
Tunisia,TUN,Africa,Africa,2018,31.11,977.45,14.74,64.86
Tunisia,TUN,Africa,Africa,2019,31.26,1042.6,14.49,67.97
Tunisia,TUN,Africa,Africa,2020,31.23,1069.17,17.38,74.1
Tunisia,TUN,Africa,Africa,2021,31.09,1079.38,17.89,72
Tunisia,TUN,Africa,Africa,2022,31.52,950.24,17.31,77.15
Tunisia,TUN,Africa,Africa,2023,31.89,1094.92,9.36,77.76
Tunisia,TUN,Africa,Africa,2024,31.83,1306.06,16.61,83.31
Tunisia,TUN,Africa,Africa,2025,31.83,1165.16,14.62,89.63
Turkey,TUR,Asia,Asia,2000,8.46,1296.99,4.68,4.05
Turkey,TUR,Asia,Asia,2001,9.64,1322.03,0.81,7.66
Turkey,TUR,Asia,Asia,2002,8.72,1509.93,11.3,15.09
Turkey,TUR,Asia,Asia,2003,9.36,1288.76,3.11,20.29
Turkey,TUR,Asia,Asia,2004,9.27,1321.21,8.08,19.66
Turkey,TUR,Asia,Asia,2005,8.94,1219.69,7.12,21.53
Turkey,TUR,Asia,Asia,2006,9.7,1278.39,2.54,24.67
Turkey,TUR,Asia,Asia,2007,9.05,1190.96,1.9,26.33
Turkey,TUR,Asia,Asia,2008,9.58,1293.9,7.29,30.16
Turkey,TUR,Asia,Asia,2009,9.95,1167.91,0.9,36.99
Turkey,TUR,Asia,Asia,2010,9.63,1183.72,1.26,39.14
Turkey,TUR,Asia,Asia,2011,8.4,1211.66,8.68,44.02
Turkey,TUR,Asia,Asia,2012,8.94,1131.34,6.33,45.1
Turkey,TUR,Asia,Asia,2013,9.13,1158.93,5.19,49.91
Turkey,TUR,Asia,Asia,2014,9.74,1233.54,7.65,52.35
Turkey,TUR,Asia,Asia,2015,10.06,1263.27,8.15,55.3
Turkey,TUR,Asia,Asia,2016,9.21,1527.97,2.68,55.97
Turkey,TUR,Asia,Asia,2017,9.86,1355.06,11.13,62.56
Turkey,TUR,Asia,Asia,2018,8.82,1290.38,0,64.05
Turkey,TUR,Asia,Asia,2019,10.62,1294,6.51,65.07
Turkey,TUR,Asia,Asia,2020,9.18,1222.91,0.1,72.32
Turkey,TUR,Asia,Asia,2021,9.73,1118.14,7.67,73.47
Turkey,TUR,Asia,Asia,2022,9.73,1168.24,7.97,79
Turkey,TUR,Asia,Asia,2023,9.87,1275.31,4.63,82.17
Turkey,TUR,Asia,Asia,2024,10.01,1432.35,5.57,84.73
Turkey,TUR,Asia,Asia,2025,9.52,1339.55,5.17,88.37
Tuvalu,TUV,Oceania,Oceania,2000,25.33,1200.02,9.67,0
Tuvalu,TUV,Oceania,Oceania,2001,25.62,1013.59,7.26,7.61
Tuvalu,TUV,Oceania,Oceania,2002,25.59,1094.65,7.86,7.54
Tuvalu,TUV,Oceania,Oceania,2003,25.4,1161.19,5.19,12.02
Tuvalu,TUV,Oceania,Oceania,2004,24.7,1211.63,0.91,14.02
Tuvalu,TUV,Oceania,Oceania,2005,25.21,1066.55,7.38,17.35
Tuvalu,TUV,Oceania,Oceania,2006,26.08,1004.16,5.02,18.29
Tuvalu,TUV,Oceania,Oceania,2007,25.42,1180.26,0.48,24.59
Tuvalu,TUV,Oceania,Oceania,2008,25.62,1188.14,9.9,27.83
Tuvalu,TUV,Oceania,Oceania,2009,24.9,1085.39,3.76,27.29
Tuvalu,TUV,Oceania,Oceania,2010,25.32,1140.65,6.25,34.89
Tuvalu,TUV,Oceania,Oceania,2011,25.88,1286.05,4.72,38.45
Tuvalu,TUV,Oceania,Oceania,2012,25.41,1068.8,2.8,44.31
Tuvalu,TUV,Oceania,Oceania,2013,26.08,1190.44,0,42.92
Tuvalu,TUV,Oceania,Oceania,2014,25.99,1080.34,4.31,47.25
Tuvalu,TUV,Oceania,Oceania,2015,25.75,1086.08,3.29,49.6
Tuvalu,TUV,Oceania,Oceania,2016,25.3,1118.53,3.89,55.71
Tuvalu,TUV,Oceania,Oceania,2017,25.77,1032.34,3.76,54.71
Tuvalu,TUV,Oceania,Oceania,2018,26.11,1035.1,7.92,59.64
Tuvalu,TUV,Oceania,Oceania,2019,26.02,1002.84,8.63,59.45
Tuvalu,TUV,Oceania,Oceania,2020,25.12,1186.99,9.91,62.52
Tuvalu,TUV,Oceania,Oceania,2021,25.85,1139.29,2.87,65.63
Tuvalu,TUV,Oceania,Oceania,2022,26.7,1250.07,3.56,71.72
Tuvalu,TUV,Oceania,Oceania,2023,26.27,1044.6,1.11,75.25
Tuvalu,TUV,Oceania,Oceania,2024,25.82,1281.5,6.14,78.83
Tuvalu,TUV,Oceania,Oceania,2025,26.02,1007.55,1.92,82.84
Taiwan,TWN,Asia,Asia,2000,3.53,868.77,17.2,3.34
Taiwan,TWN,Asia,Asia,2001,3.77,698.9,19.47,8.99
Taiwan,TWN,Asia,Asia,2002,3.31,708.68,18.28,8.48
Taiwan,TWN,Asia,Asia,2003,3.5,948.5,22.6,16.16
Taiwan,TWN,Asia,Asia,2004,2.76,796.45,20.42,20.5
Taiwan,TWN,Asia,Asia,2005,3.23,721.13,22.53,22.97
Taiwan,TWN,Asia,Asia,2006,2.54,667.21,16.97,27.08
Taiwan,TWN,Asia,Asia,2007,3.28,725.02,19.71,28.86
Taiwan,TWN,Asia,Asia,2008,3.05,806.26,27.12,33.19
Taiwan,TWN,Asia,Asia,2009,3.35,828.66,26.31,35.97
Taiwan,TWN,Asia,Asia,2010,2.74,793.22,28.5,43.46
Taiwan,TWN,Asia,Asia,2011,3.74,819.8,23.16,41.45
Taiwan,TWN,Asia,Asia,2012,3.64,728.26,20.81,45.86
Taiwan,TWN,Asia,Asia,2013,3.85,796.89,22.89,49.24
Taiwan,TWN,Asia,Asia,2014,3.25,800.09,19.73,51.46
Taiwan,TWN,Asia,Asia,2015,3.57,747.4,19.78,53.41
Taiwan,TWN,Asia,Asia,2016,3.19,858.96,20.49,58.93
Taiwan,TWN,Asia,Asia,2017,3.64,955.65,25.63,64.93
Taiwan,TWN,Asia,Asia,2018,3.05,701.02,26.55,62.12
Taiwan,TWN,Asia,Asia,2019,3.96,745.58,27.87,65.25
Taiwan,TWN,Asia,Asia,2020,3.3,624.75,25.74,71.14
Taiwan,TWN,Asia,Asia,2021,3.83,727.42,21.28,76.13
Taiwan,TWN,Asia,Asia,2022,4.28,833.86,20.38,78
Taiwan,TWN,Asia,Asia,2023,3.35,864.16,27.13,80.99
Taiwan,TWN,Asia,Asia,2024,4.08,727.85,27.59,82.89
Taiwan,TWN,Asia,Asia,2025,3.66,728.42,26.66,88.14
United Republic of Tanzania,TZA,Africa,Africa,2000,28.5,989.16,25.27,6.86
United Republic of Tanzania,TZA,Africa,Africa,2001,27.5,990.37,24.12,13.56
United Republic of Tanzania,TZA,Africa,Africa,2002,28.08,1014.38,28.04,14.13
United Republic of Tanzania,TZA,Africa,Africa,2003,28.78,1000.29,23.77,15.61
United Republic of Tanzania,TZA,Africa,Africa,2004,28.03,833.81,22.34,20.53
United Republic of Tanzania,TZA,Africa,Africa,2005,28.44,1069.41,23.82,24.18
United Republic of Tanzania,TZA,Africa,Africa,2006,27.73,983.45,27.6,28.29
United Republic of Tanzania,TZA,Africa,Africa,2007,29.03,981.99,28.74,31.95
United Republic of Tanzania,TZA,Africa,Africa,2008,28.23,895.23,25.79,35.63
United Republic of Tanzania,TZA,Africa,Africa,2009,27.76,834.19,24.29,33.92
United Republic of Tanzania,TZA,Africa,Africa,2010,28.41,1021.31,22.59,38.41
United Republic of Tanzania,TZA,Africa,Africa,2011,28.57,981.26,23.62,44.62
United Republic of Tanzania,TZA,Africa,Africa,2012,29.36,924.41,27.31,45.63
United Republic of Tanzania,TZA,Africa,Africa,2013,28.55,977.96,21.37,47.45
United Republic of Tanzania,TZA,Africa,Africa,2014,28.58,1017.89,26.37,52.3
United Republic of Tanzania,TZA,Africa,Africa,2015,28.51,978.57,23.43,57.41
United Republic of Tanzania,TZA,Africa,Africa,2016,28.92,1139.46,29.23,58.14
United Republic of Tanzania,TZA,Africa,Africa,2017,29.03,889.88,27.62,60.41
United Republic of Tanzania,TZA,Africa,Africa,2018,29.01,980.14,28.25,64.16
United Republic of Tanzania,TZA,Africa,Africa,2019,28.93,997.27,30.09,69.52
United Republic of Tanzania,TZA,Africa,Africa,2020,28.97,907.69,26.08,68.54
United Republic of Tanzania,TZA,Africa,Africa,2021,28.74,958.05,24.12,76.13
United Republic of Tanzania,TZA,Africa,Africa,2022,29.27,941.67,33.77,77.29
United Republic of Tanzania,TZA,Africa,Africa,2023,29.04,1041.43,30.68,81.96
United Republic of Tanzania,TZA,Africa,Africa,2024,29.12,1076.63,35.17,84.73
United Republic of Tanzania,TZA,Africa,Africa,2025,29.59,920.87,34.27,88.36
Uganda,UGA,Africa,Africa,2000,22.28,1697.29,22.85,4.01
Uganda,UGA,Africa,Africa,2001,22.76,1652.8,18.56,10.02
Uganda,UGA,Africa,Africa,2002,22.71,1658.69,18.92,8.95
Uganda,UGA,Africa,Africa,2003,22.76,1491.42,19.23,15.37
Uganda,UGA,Africa,Africa,2004,22.52,1665.1,15.75,19.18
Uganda,UGA,Africa,Africa,2005,22.97,1565.27,16.06,20.97
Uganda,UGA,Africa,Africa,2006,22.73,1685.21,21.32,25.09
Uganda,UGA,Africa,Africa,2007,23.39,1637.38,24.46,27.3
Uganda,UGA,Africa,Africa,2008,22.66,1371.56,21.45,30.51
Uganda,UGA,Africa,Africa,2009,23.05,1758.74,21.88,31.26
Uganda,UGA,Africa,Africa,2010,23.36,1715.3,20.05,32.46
Uganda,UGA,Africa,Africa,2011,22.91,1747.21,18.12,40.46
Uganda,UGA,Africa,Africa,2012,23.75,1825.52,19.61,44.93
Uganda,UGA,Africa,Africa,2013,23.09,1714.68,25.69,45.13
Uganda,UGA,Africa,Africa,2014,23.03,1595.97,19.44,50.61
Uganda,UGA,Africa,Africa,2015,22.45,1783.14,18.5,55.22
Uganda,UGA,Africa,Africa,2016,23.17,1656.85,20.77,57.67
Uganda,UGA,Africa,Africa,2017,23.45,1774.98,13.74,55.65
Uganda,UGA,Africa,Africa,2018,22.65,1892.77,24.16,63.88
Uganda,UGA,Africa,Africa,2019,23.93,1828.79,25.35,62.31
Uganda,UGA,Africa,Africa,2020,23.78,1762.16,23.58,66.42
Uganda,UGA,Africa,Africa,2021,23.81,1639.69,21.32,77.08
Uganda,UGA,Africa,Africa,2022,23.7,1826.78,26.46,74.09
Uganda,UGA,Africa,Africa,2023,23.78,1607.58,26.96,74.93
Uganda,UGA,Africa,Africa,2024,22.82,1796.39,24.78,82.74
Uganda,UGA,Africa,Africa,2025,23.81,1778.42,23.2,83.44
Ukraine,UKR,Europe,Europe,2000,7.09,497.22,35.85,0.67
Ukraine,UKR,Europe,Europe,2001,8.02,518.45,35.89,2.64
Ukraine,UKR,Europe,Europe,2002,7.02,741.04,36.66,8.91
Ukraine,UKR,Europe,Europe,2003,7.67,573.87,39.02,13.97
Ukraine,UKR,Europe,Europe,2004,7.22,547.16,41.86,20.69
Ukraine,UKR,Europe,Europe,2005,7,609.84,37.28,19.86
Ukraine,UKR,Europe,Europe,2006,7.69,613.05,37.06,23.23
Ukraine,UKR,Europe,Europe,2007,7.37,609.45,40.96,25.33
Ukraine,UKR,Europe,Europe,2008,7.47,765.48,42.42,25.8
Ukraine,UKR,Europe,Europe,2009,7.24,644.87,36.36,32.85
Ukraine,UKR,Europe,Europe,2010,8.07,544.48,43.98,38.49
Ukraine,UKR,Europe,Europe,2011,7.94,722.4,41.52,40.35
Ukraine,UKR,Europe,Europe,2012,7.79,541.67,42.15,46.46
Ukraine,UKR,Europe,Europe,2013,7.6,745.11,42.12,45.35
Ukraine,UKR,Europe,Europe,2014,7.9,670.7,38.47,49.82
Ukraine,UKR,Europe,Europe,2015,7.78,734.54,48.75,50.58
Ukraine,UKR,Europe,Europe,2016,8.22,626.44,40.86,51.25
Ukraine,UKR,Europe,Europe,2017,8.18,625.65,44.37,59.14
Ukraine,UKR,Europe,Europe,2018,7.78,654.79,42.75,56.69
Ukraine,UKR,Europe,Europe,2019,8.13,690.35,42.94,64.85
Ukraine,UKR,Europe,Europe,2020,7.58,716.79,41.39,66.79
Ukraine,UKR,Europe,Europe,2021,7.78,807.05,45.45,68.88
Ukraine,UKR,Europe,Europe,2022,8.16,634.08,48.25,71.57
Ukraine,UKR,Europe,Europe,2023,8.25,713.7,47.54,74.21
Ukraine,UKR,Europe,Europe,2024,8.58,758.72,45.51,78.74
Ukraine,UKR,Europe,Europe,2025,8.8,577.05,51.07,85.17
Uruguay,URY,South America,Americas,2000,23.4,1496.75,20.21,3.48
Uruguay,URY,South America,Americas,2001,23.43,1490.53,10.48,3.97
Uruguay,URY,South America,Americas,2002,23.35,1516.25,13.64,9.06
Uruguay,URY,South America,Americas,2003,23.15,1436.68,19.41,10.28
Uruguay,URY,South America,Americas,2004,24,1546,19.11,14.05
Uruguay,URY,South America,Americas,2005,23.49,1433.29,13.19,17.93
Uruguay,URY,South America,Americas,2006,23.85,1745.3,18.66,19.37
Uruguay,URY,South America,Americas,2007,24.02,1392.92,19.4,23.4
Uruguay,URY,South America,Americas,2008,24.31,1480.55,22.96,28.68
Uruguay,URY,South America,Americas,2009,24.28,1440.72,19.24,29.93
Uruguay,URY,South America,Americas,2010,24.24,1324.42,15.95,33.93
Uruguay,URY,South America,Americas,2011,24.25,1502.81,22.95,33.44
Uruguay,URY,South America,Americas,2012,23.79,1518.7,20.94,41.59
Uruguay,URY,South America,Americas,2013,23.91,1514.22,19.76,41.55
Uruguay,URY,South America,Americas,2014,24.41,1652.31,18.35,48.04
Uruguay,URY,South America,Americas,2015,23.9,1570.35,10.91,50.05
Uruguay,URY,South America,Americas,2016,24.4,1631.94,22.54,51.6
Uruguay,URY,South America,Americas,2017,24.3,1647.88,16.49,57.94
Uruguay,URY,South America,Americas,2018,24.15,1494.74,21.38,58.85
Uruguay,URY,South America,Americas,2019,24.17,1457.1,13.28,65.76
Uruguay,URY,South America,Americas,2020,24.11,1348.08,17.72,62.46
Uruguay,URY,South America,Americas,2021,24.53,1625.42,19.49,68.17
Uruguay,URY,South America,Americas,2022,24.37,1398.67,23.38,69.27
Uruguay,URY,South America,Americas,2023,24.56,1441.6,22.06,72.86
Uruguay,URY,South America,Americas,2024,23.63,1475.62,23.5,74.61
Uruguay,URY,South America,Americas,2025,24.53,1528.42,16.59,79.76
United States of America,USA,North America,Americas,2000,22.36,1080.61,126.53,3.81
United States of America,USA,North America,Americas,2001,22.62,1234.7,133.56,5.27
United States of America,USA,North America,Americas,2002,23.28,1161.43,126.04,8.71
United States of America,USA,North America,Americas,2003,22.21,1163.26,133.57,11.39
United States of America,USA,North America,Americas,2004,22.77,1229.75,131.87,11.78
United States of America,USA,North America,Americas,2005,22.8,1259.64,135.29,17.43
United States of America,USA,North America,Americas,2006,23.38,1138.56,134.96,22.3
United States of America,USA,North America,Americas,2007,22.99,1351.04,143.91,26.06
United States of America,USA,North America,Americas,2008,23.21,1176.75,141.83,28.81
United States of America,USA,North America,Americas,2009,22.89,1202.27,145.05,31.09
United States of America,USA,North America,Americas,2010,23.44,1207.96,147.67,32.56
United States of America,USA,North America,Americas,2011,23.17,1258.73,145,40.47
United States of America,USA,North America,Americas,2012,23.44,1235.47,149.42,38.02
United States of America,USA,North America,Americas,2013,23.42,1178.53,149.02,39.91
United States of America,USA,North America,Americas,2014,23.03,1146.55,149.7,46.09
United States of America,USA,North America,Americas,2015,23.12,1194.54,144.72,47.85
United States of America,USA,North America,Americas,2016,23.5,1359.39,153.13,53.05
United States of America,USA,North America,Americas,2017,23.07,1333.05,154.25,57.55
United States of America,USA,North America,Americas,2018,23.22,1315.64,155.46,61.41
United States of America,USA,North America,Americas,2019,22.84,1205.12,156.97,64.32
United States of America,USA,North America,Americas,2020,23.58,1243.27,157.76,66.84
United States of America,USA,North America,Americas,2021,23.45,1185.2,162.91,73.23
United States of America,USA,North America,Americas,2022,23.18,1237.34,160.68,73.81
United States of America,USA,North America,Americas,2023,23.58,1410.65,166.2,70.73
United States of America,USA,North America,Americas,2024,24.05,1238.31,158.89,75.96
United States of America,USA,North America,Americas,2025,23.55,1369.7,166.28,84.81
Uzbekistan,UZB,Asia,Asia,2000,23.06,1697.24,1.08,2.56
Uzbekistan,UZB,Asia,Asia,2001,22.82,1872.42,4.44,5.74
Uzbekistan,UZB,Asia,Asia,2002,23.23,1887.77,4.52,10.75
Uzbekistan,UZB,Asia,Asia,2003,22.43,1802.97,2.02,12.07
Uzbekistan,UZB,Asia,Asia,2004,23.08,1836.47,6.69,15.78
Uzbekistan,UZB,Asia,Asia,2005,23.59,1699.98,4.27,18.61
Uzbekistan,UZB,Asia,Asia,2006,23.35,1833.92,5.99,20.42
Uzbekistan,UZB,Asia,Asia,2007,22.6,1876.82,2.19,24.03
Uzbekistan,UZB,Asia,Asia,2008,23.21,1840.49,4.22,23.95
Uzbekistan,UZB,Asia,Asia,2009,23.3,1818.05,5.58,30.61
Uzbekistan,UZB,Asia,Asia,2010,23.66,1856.67,4.74,31.71
Uzbekistan,UZB,Asia,Asia,2011,23.67,1803.64,7.82,39.76
Uzbekistan,UZB,Asia,Asia,2012,23.29,1716.06,5,41.82
Uzbekistan,UZB,Asia,Asia,2013,23.68,1865.55,3.73,42.45
Uzbekistan,UZB,Asia,Asia,2014,23.52,1712.02,1.93,47.37
Uzbekistan,UZB,Asia,Asia,2015,23.81,1786.12,4.35,50.29
Uzbekistan,UZB,Asia,Asia,2016,23.78,1641.84,1.71,53.53
Uzbekistan,UZB,Asia,Asia,2017,23.41,1855.19,10.76,57.04
Uzbekistan,UZB,Asia,Asia,2018,23.86,1852.3,8.91,60.65
Uzbekistan,UZB,Asia,Asia,2019,23.67,1730.19,3.84,60.25
Uzbekistan,UZB,Asia,Asia,2020,23.97,1931,2.36,66.44
Uzbekistan,UZB,Asia,Asia,2021,23.83,1934.8,3.62,71.51
Uzbekistan,UZB,Asia,Asia,2022,23.91,1819.03,5.63,71.65
Uzbekistan,UZB,Asia,Asia,2023,24.13,1722.73,5.2,78.7
Uzbekistan,UZB,Asia,Asia,2024,23.83,1864.9,0,82.52
Uzbekistan,UZB,Asia,Asia,2025,22.96,1961.32,8.63,84.1
Vatican,VAT,Europe,Europe,2000,11.9,257.75,69.34,11.5
Vatican,VAT,Europe,Europe,2001,12.09,408.15,59.95,8.96
Vatican,VAT,Europe,Europe,2002,10.89,276.01,59.33,11.82
Vatican,VAT,Europe,Europe,2003,11.31,296.95,58.18,17.81
Vatican,VAT,Europe,Europe,2004,11.83,288.94,63.24,19.65
Vatican,VAT,Europe,Europe,2005,11.49,258.97,55.49,26.6
Vatican,VAT,Europe,Europe,2006,11.48,185.67,61.32,28.65
Vatican,VAT,Europe,Europe,2007,12.16,325.13,66.87,28.57
Vatican,VAT,Europe,Europe,2008,12.1,348.33,67.9,31.79
Vatican,VAT,Europe,Europe,2009,11.54,292.91,62.07,34.14
Vatican,VAT,Europe,Europe,2010,12.22,426.88,65.96,35.38
Vatican,VAT,Europe,Europe,2011,11.95,279.54,72.11,43.87
Vatican,VAT,Europe,Europe,2012,11.97,356.19,66.54,49.39
Vatican,VAT,Europe,Europe,2013,11.86,341.23,72.11,49.39
Vatican,VAT,Europe,Europe,2014,11.26,523.19,79.12,53.08
Vatican,VAT,Europe,Europe,2015,11.79,386,75.74,53.25
Vatican,VAT,Europe,Europe,2016,12.14,402.17,73.68,57.87
Vatican,VAT,Europe,Europe,2017,12.53,314.06,68.23,61.86
Vatican,VAT,Europe,Europe,2018,11.47,389.95,71.31,65.67
Vatican,VAT,Europe,Europe,2019,12.47,409.14,76.41,65.78
Vatican,VAT,Europe,Europe,2020,12.33,369.43,76.52,73.54
Vatican,VAT,Europe,Europe,2021,11.46,284.1,75.14,76.08
Vatican,VAT,Europe,Europe,2022,12.14,412.22,74.08,80.5
Vatican,VAT,Europe,Europe,2023,12.71,207.29,73.82,82.11
Vatican,VAT,Europe,Europe,2024,12.05,392.44,75.2,87.11
Vatican,VAT,Europe,Europe,2025,13.54,477.88,78.4,89.42
Saint Vincent and the Grenadines,VCT,North America,Americas,2000,16.31,654.85,5.88,0
Saint Vincent and the Grenadines,VCT,North America,Americas,2001,15.82,805.02,6.14,7.89
Saint Vincent and the Grenadines,VCT,North America,Americas,2002,16.17,680.45,0.33,10.15
Saint Vincent and the Grenadines,VCT,North America,Americas,2003,16.5,702.29,2.54,15.64
Saint Vincent and the Grenadines,VCT,North America,Americas,2004,15.95,859.91,7.3,16.48
Saint Vincent and the Grenadines,VCT,North America,Americas,2005,16.01,801.9,7.49,19.41
Saint Vincent and the Grenadines,VCT,North America,Americas,2006,16.5,641.13,5.57,22.18
Saint Vincent and the Grenadines,VCT,North America,Americas,2007,16.57,629.32,1.59,24.28
Saint Vincent and the Grenadines,VCT,North America,Americas,2008,16.73,934.77,3.71,30.62
Saint Vincent and the Grenadines,VCT,North America,Americas,2009,16.22,739.23,8.25,33.45
Saint Vincent and the Grenadines,VCT,North America,Americas,2010,16.34,679.93,5.36,34.44
Saint Vincent and the Grenadines,VCT,North America,Americas,2011,16.88,703.33,9.16,36.26
Saint Vincent and the Grenadines,VCT,North America,Americas,2012,16.37,767.31,6.25,42.09
Saint Vincent and the Grenadines,VCT,North America,Americas,2013,16.64,761.06,1.25,44.34
Saint Vincent and the Grenadines,VCT,North America,Americas,2014,16.48,680.98,4.71,49.83
Saint Vincent and the Grenadines,VCT,North America,Americas,2015,16.81,781.89,5.44,55.41
Saint Vincent and the Grenadines,VCT,North America,Americas,2016,16.37,870.79,5.42,58.91
Saint Vincent and the Grenadines,VCT,North America,Americas,2017,17.24,684.1,5.04,55.95
Saint Vincent and the Grenadines,VCT,North America,Americas,2018,16.85,799.78,4.99,57.96
Saint Vincent and the Grenadines,VCT,North America,Americas,2019,17,790.14,6.21,64.68
Saint Vincent and the Grenadines,VCT,North America,Americas,2020,16.22,678.95,3.76,65.57
Saint Vincent and the Grenadines,VCT,North America,Americas,2021,17.32,819.08,2.89,71.17
Saint Vincent and the Grenadines,VCT,North America,Americas,2022,17.75,803.03,6.79,76.38
Saint Vincent and the Grenadines,VCT,North America,Americas,2023,17.16,808.58,3.08,80.36
Saint Vincent and the Grenadines,VCT,North America,Americas,2024,16.78,670.91,2.19,82.49
Saint Vincent and the Grenadines,VCT,North America,Americas,2025,17.06,809.63,6.6,84.48
Venezuela,VEN,South America,Americas,2000,20.45,752.12,14.06,3.01
Venezuela,VEN,South America,Americas,2001,19.73,777.12,14.96,4.19
Venezuela,VEN,South America,Americas,2002,20.21,913.96,12.7,8.4
Venezuela,VEN,South America,Americas,2003,20.7,892.75,14.58,11.8
Venezuela,VEN,South America,Americas,2004,19.94,866.22,16.11,13.69
Venezuela,VEN,South America,Americas,2005,20.56,976.7,13.14,19.46
Venezuela,VEN,South America,Americas,2006,19.98,878.95,8.49,21.83
Venezuela,VEN,South America,Americas,2007,20.54,875.31,15.77,23.48
Venezuela,VEN,South America,Americas,2008,20.22,759.08,12.1,27.5
Venezuela,VEN,South America,Americas,2009,20.81,827.29,13.54,24.69
Venezuela,VEN,South America,Americas,2010,20.59,893.94,6.28,34.66
Venezuela,VEN,South America,Americas,2011,20.34,766.04,18.68,35.99
Venezuela,VEN,South America,Americas,2012,19.96,826.3,16.42,42.7
Venezuela,VEN,South America,Americas,2013,20.79,869.79,14.43,44.8
Venezuela,VEN,South America,Americas,2014,20.77,928.78,10.77,47.47
Venezuela,VEN,South America,Americas,2015,20.42,1013.5,16.14,50.85
Venezuela,VEN,South America,Americas,2016,20.45,808.77,12.53,52.07
Venezuela,VEN,South America,Americas,2017,20.88,814.38,14.66,54.53
Venezuela,VEN,South America,Americas,2018,21.15,683,14.6,64.75
Venezuela,VEN,South America,Americas,2019,20.73,690.55,15.62,63.15
Venezuela,VEN,South America,Americas,2020,21.03,832.74,16.37,68.41
Venezuela,VEN,South America,Americas,2021,21.12,962.04,15.48,66.62
Venezuela,VEN,South America,Americas,2022,21.08,860.62,16.79,75
Venezuela,VEN,South America,Americas,2023,20.2,1027.89,21.31,73.32
Venezuela,VEN,South America,Americas,2024,20.75,897.67,16.13,80.73
Venezuela,VEN,South America,Americas,2025,20.77,833.55,20.75,81.76
British Virgin Islands,VGB,North America,Americas,2000,17.69,577.11,13.11,2.19
British Virgin Islands,VGB,North America,Americas,2001,16.63,760.81,8.76,5.51
British Virgin Islands,VGB,North America,Americas,2002,17.36,600.83,4.56,8.68
British Virgin Islands,VGB,North America,Americas,2003,16.84,515.13,9.56,14.1
British Virgin Islands,VGB,North America,Americas,2004,17.82,579.47,11.13,15.87
British Virgin Islands,VGB,North America,Americas,2005,17.7,545.33,9.08,17.19
British Virgin Islands,VGB,North America,Americas,2006,17.82,694.91,15.08,22.35
British Virgin Islands,VGB,North America,Americas,2007,17.16,651.11,11.13,24.93
British Virgin Islands,VGB,North America,Americas,2008,17.87,597.65,7.2,30.96
British Virgin Islands,VGB,North America,Americas,2009,16.64,626.75,10.26,27.57
British Virgin Islands,VGB,North America,Americas,2010,17.63,572.21,10.67,37.74
British Virgin Islands,VGB,North America,Americas,2011,17.49,753.87,14.53,37.03
British Virgin Islands,VGB,North America,Americas,2012,17.48,665.26,15.43,40.42
British Virgin Islands,VGB,North America,Americas,2013,18.08,843.37,10.57,45.44
British Virgin Islands,VGB,North America,Americas,2014,17.7,565.2,10.27,47.64
British Virgin Islands,VGB,North America,Americas,2015,17.55,684.02,12.89,56.66
British Virgin Islands,VGB,North America,Americas,2016,17.88,508.24,12.92,53.82
British Virgin Islands,VGB,North America,Americas,2017,18.94,651.12,11.14,58.03
British Virgin Islands,VGB,North America,Americas,2018,17.67,636.04,11.26,58
British Virgin Islands,VGB,North America,Americas,2019,18.29,500.33,13.91,62.59
British Virgin Islands,VGB,North America,Americas,2020,17.79,616.79,13.23,70.42
British Virgin Islands,VGB,North America,Americas,2021,18.45,608.01,8.67,69.9
British Virgin Islands,VGB,North America,Americas,2022,18.39,595.16,17.85,75.14
British Virgin Islands,VGB,North America,Americas,2023,18.57,480.7,14.6,77.65
British Virgin Islands,VGB,North America,Americas,2024,17.89,752.32,10.18,85.26
British Virgin Islands,VGB,North America,Americas,2025,18.4,657.52,13.21,84.77
United States Virgin Islands,VIR,North America,Americas,2000,15.83,1553.6,2.44,4.8
United States Virgin Islands,VIR,North America,Americas,2001,13.86,1473.24,8.6,10.77
United States Virgin Islands,VIR,North America,Americas,2002,14.92,1554,0,9.87
United States Virgin Islands,VIR,North America,Americas,2003,14.7,1632.23,3.91,14.34
United States Virgin Islands,VIR,North America,Americas,2004,15.5,1401.14,5.11,18.48
United States Virgin Islands,VIR,North America,Americas,2005,14.96,1617.29,1.99,20.38
United States Virgin Islands,VIR,North America,Americas,2006,15.45,1620.02,1.87,23.7
United States Virgin Islands,VIR,North America,Americas,2007,14.87,1473.29,7.07,33.23
United States Virgin Islands,VIR,North America,Americas,2008,15.68,1600.82,6.3,29.49
United States Virgin Islands,VIR,North America,Americas,2009,15.5,1684.74,0.02,36.04
United States Virgin Islands,VIR,North America,Americas,2010,15.14,1468.01,3.08,35.58
United States Virgin Islands,VIR,North America,Americas,2011,15.33,1473.31,9.2,41.38
United States Virgin Islands,VIR,North America,Americas,2012,15.86,1524.02,0,46.26
United States Virgin Islands,VIR,North America,Americas,2013,15.06,1449.02,3.84,48.52
United States Virgin Islands,VIR,North America,Americas,2014,15.15,1575.8,7.64,50.11
United States Virgin Islands,VIR,North America,Americas,2015,15.21,1591.11,0.15,53.81
United States Virgin Islands,VIR,North America,Americas,2016,15.64,1684.37,1.79,57.34
United States Virgin Islands,VIR,North America,Americas,2017,14.91,1509.25,1.77,58.47
United States Virgin Islands,VIR,North America,Americas,2018,15.22,1565.02,0.02,65.11
United States Virgin Islands,VIR,North America,Americas,2019,15.44,1449.28,0.11,66.33
United States Virgin Islands,VIR,North America,Americas,2020,15.21,1652.99,0,66.33
United States Virgin Islands,VIR,North America,Americas,2021,15.72,1399.88,0.37,74.14
United States Virgin Islands,VIR,North America,Americas,2022,14.99,1560.46,7.02,74.9
United States Virgin Islands,VIR,North America,Americas,2023,15.4,1547.51,3.92,78.49
United States Virgin Islands,VIR,North America,Americas,2024,15.4,1598.38,4.18,84.13
United States Virgin Islands,VIR,North America,Americas,2025,15.36,1545.6,4.31,82.45
Vietnam,VNM,Asia,Asia,2000,38.93,862.62,21.82,3.16
Vietnam,VNM,Asia,Asia,2001,40.41,986.28,16.29,5.77
Vietnam,VNM,Asia,Asia,2002,39.99,980.31,14.66,9.87
Vietnam,VNM,Asia,Asia,2003,40.32,1001.47,20.44,14
Vietnam,VNM,Asia,Asia,2004,40.82,1023.79,16.24,14.46
Vietnam,VNM,Asia,Asia,2005,39.68,1125.14,19.2,20.03
Vietnam,VNM,Asia,Asia,2006,40.2,1029.36,18.27,21.88
Vietnam,VNM,Asia,Asia,2007,40.59,1012.9,21.82,25.49
Vietnam,VNM,Asia,Asia,2008,40.46,1233.3,21.7,28.46
Vietnam,VNM,Asia,Asia,2009,40.05,1159.56,17.87,32.45
Vietnam,VNM,Asia,Asia,2010,40.24,976.28,15.32,34.62
Vietnam,VNM,Asia,Asia,2011,40.64,1020.25,17.73,40.3
Vietnam,VNM,Asia,Asia,2012,40.88,1063.55,17.2,42.44
Vietnam,VNM,Asia,Asia,2013,40.52,981.22,20.37,43.15
Vietnam,VNM,Asia,Asia,2014,40.79,963.54,20.47,47.31
Vietnam,VNM,Asia,Asia,2015,40.34,1047.5,22.16,48.77
Vietnam,VNM,Asia,Asia,2016,40.29,1162.05,21.03,53.74
Vietnam,VNM,Asia,Asia,2017,40.24,913.9,16.11,55.26
Vietnam,VNM,Asia,Asia,2018,40.6,1115.7,25.16,60.39
Vietnam,VNM,Asia,Asia,2019,40.29,951.42,20.12,60.16
Vietnam,VNM,Asia,Asia,2020,40.87,1081.44,21.9,66.6
Vietnam,VNM,Asia,Asia,2021,40.37,991.98,19.15,71.04
Vietnam,VNM,Asia,Asia,2022,40.99,1139.88,21.46,73.73
Vietnam,VNM,Asia,Asia,2023,40.86,1008.39,30.88,74.87
Vietnam,VNM,Asia,Asia,2024,40.7,1165.26,22.05,80.42
Vietnam,VNM,Asia,Asia,2025,40.66,976.83,20.53,82.57
Vanuatu,VUT,Oceania,Oceania,2000,30.19,1216.62,15.63,4.17
Vanuatu,VUT,Oceania,Oceania,2001,30.35,1131.68,7.95,3.97
Vanuatu,VUT,Oceania,Oceania,2002,30.21,1002.21,9.93,5.86
Vanuatu,VUT,Oceania,Oceania,2003,29.83,1053.42,10.3,18.37
Vanuatu,VUT,Oceania,Oceania,2004,30.35,1146.39,13.07,18.67
Vanuatu,VUT,Oceania,Oceania,2005,29.78,1047.62,12.25,17.77
Vanuatu,VUT,Oceania,Oceania,2006,30.2,1167.05,16.25,21.13
Vanuatu,VUT,Oceania,Oceania,2007,30.89,1004.59,9.29,24.46
Vanuatu,VUT,Oceania,Oceania,2008,30.74,987.99,12.33,29.65
Vanuatu,VUT,Oceania,Oceania,2009,30.96,1183.36,7.8,31.13
Vanuatu,VUT,Oceania,Oceania,2010,30.43,974.34,9.3,35.87
Vanuatu,VUT,Oceania,Oceania,2011,30.24,1125.88,11.39,36.08
Vanuatu,VUT,Oceania,Oceania,2012,30.91,1016.28,12.77,40.62
Vanuatu,VUT,Oceania,Oceania,2013,30.37,950.55,12.8,45.9
Vanuatu,VUT,Oceania,Oceania,2014,31.47,1189.22,12.43,48.87
Vanuatu,VUT,Oceania,Oceania,2015,31.22,1011.47,7.1,50.04
Vanuatu,VUT,Oceania,Oceania,2016,30.41,1085.24,13.42,55.76
Vanuatu,VUT,Oceania,Oceania,2017,30.67,1056.36,8.85,55.53
Vanuatu,VUT,Oceania,Oceania,2018,29.97,1091.17,11.4,62.33
Vanuatu,VUT,Oceania,Oceania,2019,31.27,960,11.47,65.57
Vanuatu,VUT,Oceania,Oceania,2020,30.55,1216.13,9.01,65.13
Vanuatu,VUT,Oceania,Oceania,2021,30.54,1134.92,13.7,72.99
Vanuatu,VUT,Oceania,Oceania,2022,31.36,1126.29,19.38,73.02
Vanuatu,VUT,Oceania,Oceania,2023,30.4,1081.56,11.81,79.2
Vanuatu,VUT,Oceania,Oceania,2024,30.96,1076.94,14.32,78.41
Vanuatu,VUT,Oceania,Oceania,2025,30.86,1100.99,9.36,82.84
Wallis and Futuna,WLF,Oceania,Oceania,2000,22.33,1127.59,50.38,9.32
Wallis and Futuna,WLF,Oceania,Oceania,2001,22.9,1248.79,49.61,8.9
Wallis and Futuna,WLF,Oceania,Oceania,2002,22.92,1149.53,52.89,9.36
Wallis and Futuna,WLF,Oceania,Oceania,2003,22.36,1156.58,55.48,19.76
Wallis and Futuna,WLF,Oceania,Oceania,2004,22.14,1163.77,51.73,18.86
Wallis and Futuna,WLF,Oceania,Oceania,2005,22.68,1157.04,45.32,25.43
Wallis and Futuna,WLF,Oceania,Oceania,2006,23.33,1123.85,48.33,22.94
Wallis and Futuna,WLF,Oceania,Oceania,2007,22.99,1084.03,52.95,26.55
Wallis and Futuna,WLF,Oceania,Oceania,2008,23.16,1138.09,63.76,31.19
Wallis and Futuna,WLF,Oceania,Oceania,2009,23.24,1351.85,55.4,33.37
Wallis and Futuna,WLF,Oceania,Oceania,2010,23.4,1022.17,56.44,39.49
Wallis and Futuna,WLF,Oceania,Oceania,2011,23.03,1153.29,55.07,40.96
Wallis and Futuna,WLF,Oceania,Oceania,2012,23.1,1318.04,49.24,44.86
Wallis and Futuna,WLF,Oceania,Oceania,2013,23.32,1256.94,60.24,47.42
Wallis and Futuna,WLF,Oceania,Oceania,2014,23.65,1053.59,54.41,52.93
Wallis and Futuna,WLF,Oceania,Oceania,2015,23.12,1124.75,55.83,54.03
Wallis and Futuna,WLF,Oceania,Oceania,2016,23.79,1058.76,62.97,61.22
Wallis and Futuna,WLF,Oceania,Oceania,2017,23.09,1216.18,57.69,64.03
Wallis and Futuna,WLF,Oceania,Oceania,2018,23.39,1118.52,58.88,65.69
Wallis and Futuna,WLF,Oceania,Oceania,2019,23.4,1206.01,62.1,70.11
Wallis and Futuna,WLF,Oceania,Oceania,2020,22.83,1189.55,61.87,73.2
Wallis and Futuna,WLF,Oceania,Oceania,2021,23.37,1066.33,66.1,74.17
Wallis and Futuna,WLF,Oceania,Oceania,2022,23.52,1188.17,67.67,74.57
Wallis and Futuna,WLF,Oceania,Oceania,2023,23.66,998.72,59.79,78.38
Wallis and Futuna,WLF,Oceania,Oceania,2024,23.83,1182.63,58.42,85.05
Wallis and Futuna,WLF,Oceania,Oceania,2025,23.31,1170.56,61.02,82.86
Samoa,WSM,Oceania,Oceania,2000,26.01,1195.67,11.74,6.48
Samoa,WSM,Oceania,Oceania,2001,25.36,1107.73,7.27,8.41
Samoa,WSM,Oceania,Oceania,2002,25.6,1217.94,12.97,9.84
Samoa,WSM,Oceania,Oceania,2003,26.02,1444.05,11.36,13.37
Samoa,WSM,Oceania,Oceania,2004,25.28,1331.74,13.42,16.88
Samoa,WSM,Oceania,Oceania,2005,26.06,1271.52,14.32,17.63
Samoa,WSM,Oceania,Oceania,2006,26.38,1129.14,15.34,21.58
Samoa,WSM,Oceania,Oceania,2007,25.58,1380.42,13.5,26.2
Samoa,WSM,Oceania,Oceania,2008,26.13,1179.3,11.87,28.71
Samoa,WSM,Oceania,Oceania,2009,25.66,1223.93,10.69,38.35
Samoa,WSM,Oceania,Oceania,2010,25.6,1173.55,13.24,34.25
Samoa,WSM,Oceania,Oceania,2011,26.1,1179.62,11.97,38.03
Samoa,WSM,Oceania,Oceania,2012,26.1,1376.92,10.91,40.81
Samoa,WSM,Oceania,Oceania,2013,26.58,1292.39,16.64,42.66
Samoa,WSM,Oceania,Oceania,2014,26.29,1195.59,10.88,48.27
Samoa,WSM,Oceania,Oceania,2015,26.32,1071.26,12.04,48.67
Samoa,WSM,Oceania,Oceania,2016,25.5,1288.58,12.59,50.67
Samoa,WSM,Oceania,Oceania,2017,25.57,1334.93,7.49,58.48
Samoa,WSM,Oceania,Oceania,2018,26.45,1311.31,14.85,61.13
Samoa,WSM,Oceania,Oceania,2019,26.11,1344.34,14.08,66.83
Samoa,WSM,Oceania,Oceania,2020,26.03,1402.23,16.22,67.14
Samoa,WSM,Oceania,Oceania,2021,26.28,1398.12,8.05,70.51
Samoa,WSM,Oceania,Oceania,2022,26.86,1273.72,14.12,72.15
Samoa,WSM,Oceania,Oceania,2023,26.17,1137.5,15.99,78.34
Samoa,WSM,Oceania,Oceania,2024,26.84,1294.01,11.67,79.91
Samoa,WSM,Oceania,Oceania,2025,26.28,1381.11,10.84,80.69
Yemen,YEM,Asia,Asia,2000,24.74,843.25,8.78,4.95
Yemen,YEM,Asia,Asia,2001,24.75,746.24,15.24,11.69
Yemen,YEM,Asia,Asia,2002,24.31,769.17,10.66,14.66
Yemen,YEM,Asia,Asia,2003,24.93,935.74,10.49,13.04
Yemen,YEM,Asia,Asia,2004,24.65,907.34,12.9,18.05
Yemen,YEM,Asia,Asia,2005,24.91,855.4,9.57,21.4
Yemen,YEM,Asia,Asia,2006,24.99,737.67,11.05,27.81
Yemen,YEM,Asia,Asia,2007,24.64,617,9.29,28.07
Yemen,YEM,Asia,Asia,2008,24.45,666.53,11.04,32.91
Yemen,YEM,Asia,Asia,2009,25.06,754.24,9.18,37.42
Yemen,YEM,Asia,Asia,2010,24.47,884.92,10.68,34.22
Yemen,YEM,Asia,Asia,2011,24.9,757.04,9.81,44.67
Yemen,YEM,Asia,Asia,2012,24.97,769.07,19.29,46.37
Yemen,YEM,Asia,Asia,2013,24.52,769.63,11.09,49
Yemen,YEM,Asia,Asia,2014,24.52,750.42,10.83,53.09
Yemen,YEM,Asia,Asia,2015,24.65,834.98,15.56,53.06
Yemen,YEM,Asia,Asia,2016,25.04,806.09,17.42,61.67
Yemen,YEM,Asia,Asia,2017,25.02,771.77,17.16,60.94
Yemen,YEM,Asia,Asia,2018,25.01,923.24,12.71,65.87
Yemen,YEM,Asia,Asia,2019,25.03,741.3,15.88,68.78
Yemen,YEM,Asia,Asia,2020,24.7,927.25,14.38,70.9
Yemen,YEM,Asia,Asia,2021,24.82,805.73,18.91,73.82
Yemen,YEM,Asia,Asia,2022,24.63,782.01,12.82,76.76
Yemen,YEM,Asia,Asia,2023,24.46,798.68,14.97,81.51
Yemen,YEM,Asia,Asia,2024,25.17,835.15,11.24,82.38
Yemen,YEM,Asia,Asia,2025,24.33,740.51,8.73,89.63
South Africa,ZAF,Africa,Africa,2000,22.16,937.09,13.22,4.7
South Africa,ZAF,Africa,Africa,2001,22.26,963.47,11.37,7.17
South Africa,ZAF,Africa,Africa,2002,22.57,812.05,14.87,9.11
South Africa,ZAF,Africa,Africa,2003,21.83,1149.47,12.12,12.82
South Africa,ZAF,Africa,Africa,2004,22.19,949.11,14.18,16.37
South Africa,ZAF,Africa,Africa,2005,22.59,1051.65,17.16,22.01
South Africa,ZAF,Africa,Africa,2006,22.92,1069.54,8.5,28.02
South Africa,ZAF,Africa,Africa,2007,22.14,932.32,10.94,26.69
South Africa,ZAF,Africa,Africa,2008,22.69,780.85,15.81,27.91
South Africa,ZAF,Africa,Africa,2009,22.35,1094.69,14.06,35.18
South Africa,ZAF,Africa,Africa,2010,22.76,988.98,17.15,37.39
South Africa,ZAF,Africa,Africa,2011,22.66,955.33,14.74,38.63
South Africa,ZAF,Africa,Africa,2012,22.61,1027.67,17.06,43.81
South Africa,ZAF,Africa,Africa,2013,23.02,923.52,15.53,48.74
South Africa,ZAF,Africa,Africa,2014,22.42,943.68,17.2,47.26
South Africa,ZAF,Africa,Africa,2015,22.58,1006.93,16.2,53.03
South Africa,ZAF,Africa,Africa,2016,22.22,957.47,17.28,58.85
South Africa,ZAF,Africa,Africa,2017,22.52,942.68,13.51,59.77
South Africa,ZAF,Africa,Africa,2018,22.71,806.78,12.42,62.87
South Africa,ZAF,Africa,Africa,2019,22.92,983.13,18.67,66.11
South Africa,ZAF,Africa,Africa,2020,23.54,1084.52,15.78,67.8
South Africa,ZAF,Africa,Africa,2021,22.56,961.96,13.73,69.46
South Africa,ZAF,Africa,Africa,2022,22.75,961.44,18.91,75.65
South Africa,ZAF,Africa,Africa,2023,23.26,1016.89,18.39,75.78
South Africa,ZAF,Africa,Africa,2024,22.87,866.04,16.25,80.82
South Africa,ZAF,Africa,Africa,2025,23.23,1012.27,15.78,88.22
Zambia,ZMB,Africa,Africa,2000,23.61,1054.81,47.52,0
Zambia,ZMB,Africa,Africa,2001,23.02,901.83,49.6,2.41
Zambia,ZMB,Africa,Africa,2002,23.44,929.65,45.45,10.55
Zambia,ZMB,Africa,Africa,2003,23.79,817.5,45.76,12.09
Zambia,ZMB,Africa,Africa,2004,23.37,862.45,38.86,16.67
Zambia,ZMB,Africa,Africa,2005,23,936.99,46.62,17.77
Zambia,ZMB,Africa,Africa,2006,22.76,853.04,42.07,22.01
Zambia,ZMB,Africa,Africa,2007,23.78,967.99,50.26,18.84
Zambia,ZMB,Africa,Africa,2008,22.86,902.58,44.82,26.29
Zambia,ZMB,Africa,Africa,2009,23.61,845.12,50.24,29.02
Zambia,ZMB,Africa,Africa,2010,22.93,928.26,55.43,27.94
Zambia,ZMB,Africa,Africa,2011,23.55,928.22,47.34,36.12
Zambia,ZMB,Africa,Africa,2012,24.34,939.63,44.25,38.46
Zambia,ZMB,Africa,Africa,2013,23.46,974.86,51.19,43.98
Zambia,ZMB,Africa,Africa,2014,22.97,877.02,48.55,43.76
Zambia,ZMB,Africa,Africa,2015,23.75,836.88,47.32,48.88
Zambia,ZMB,Africa,Africa,2016,23.4,942.8,57.94,49.84
Zambia,ZMB,Africa,Africa,2017,23.33,947.02,48.17,53.59
Zambia,ZMB,Africa,Africa,2018,24.13,967.37,53.18,56.2
Zambia,ZMB,Africa,Africa,2019,23.2,905.39,49.75,65.09
Zambia,ZMB,Africa,Africa,2020,23.74,1014.82,47.72,65.72
Zambia,ZMB,Africa,Africa,2021,23.97,1036.14,53.99,70.97
Zambia,ZMB,Africa,Africa,2022,23.94,986,56.87,70.24
Zambia,ZMB,Africa,Africa,2023,24.11,887.82,55.34,72.54
Zambia,ZMB,Africa,Africa,2024,23.92,884.71,56.81,78.59
Zambia,ZMB,Africa,Africa,2025,24,899.98,56.07,79
Zimbabwe,ZWE,Africa,Africa,2000,25.43,1048.81,15.4,2.65
Zimbabwe,ZWE,Africa,Africa,2001,26.05,1103.5,18.47,7.49
Zimbabwe,ZWE,Africa,Africa,2002,25.39,1018.06,16.09,7.9
Zimbabwe,ZWE,Africa,Africa,2003,25.65,899.55,22.62,9.47
Zimbabwe,ZWE,Africa,Africa,2004,26.08,1057.59,17.54,14.5
Zimbabwe,ZWE,Africa,Africa,2005,25.59,993.03,21.26,21.29
Zimbabwe,ZWE,Africa,Africa,2006,25.35,906.65,14.72,22.4
Zimbabwe,ZWE,Africa,Africa,2007,25.55,1128.93,17.77,25.76
Zimbabwe,ZWE,Africa,Africa,2008,25.71,951.32,18.69,27.65
Zimbabwe,ZWE,Africa,Africa,2009,26,1108.16,20.12,32.3
Zimbabwe,ZWE,Africa,Africa,2010,26.21,901.44,22.86,32.42
Zimbabwe,ZWE,Africa,Africa,2011,25.81,1058.95,22.07,37.25
Zimbabwe,ZWE,Africa,Africa,2012,26.26,861.73,19.31,39.35
Zimbabwe,ZWE,Africa,Africa,2013,25.39,759.26,23.9,44.34
Zimbabwe,ZWE,Africa,Africa,2014,26.45,1000.85,26.9,48.01
Zimbabwe,ZWE,Africa,Africa,2015,26.54,1104.81,20.1,50.21
Zimbabwe,ZWE,Africa,Africa,2016,25.98,888.17,22.11,56.75
Zimbabwe,ZWE,Africa,Africa,2017,26.54,833.95,17.04,51.03
Zimbabwe,ZWE,Africa,Africa,2018,26.26,1042.4,21.99,57.56
Zimbabwe,ZWE,Africa,Africa,2019,26.55,1061.25,26.64,63.75
Zimbabwe,ZWE,Africa,Africa,2020,26.7,1111.82,21.65,71.25
Zimbabwe,ZWE,Africa,Africa,2021,26.83,1058.76,21.76,71.28
Zimbabwe,ZWE,Africa,Africa,2022,25.76,1225.77,19.02,69.3
Zimbabwe,ZWE,Africa,Africa,2023,26.44,1241,26.37,76.16
Zimbabwe,ZWE,Africa,Africa,2024,26.67,1057.7,22.74,81.79
Zimbabwe,ZWE,Africa,Africa,2025,26.29,1053,27.33,83.51
